,Close,High,Low,Open,Volume
2020-12-28,63.18000030517578,66.41999816894531,60.0,65.68000030517578,149700
2020-12-29,62.77999877929688,64.13999938964844,61.18000030517578,62.630001068115234,133300
2020-12-30,66.66999816894531,66.94999694824219,60.56999969482422,63.119998931884766,186700
2020-12-31,69.0199966430664,69.47799682617188,64.88999938964844,66.97000122070312,268400
2021-01-04,59.66999816894531,68.66000366210938,58.68999862670898,68.37000274658203,434600
2021-01-05,55.84000015258789,60.470001220703125,55.66999816894531,59.66999816894531,158000
2021-01-06,59.619998931884766,59.9900016784668,54.56100082397461,55.560001373291016,262300
2021-01-07,60.959999084472656,61.43000030517578,56.20000076293945,59.619998931884766,276300
2021-01-08,61.959999084472656,62.9900016784668,59.970001220703125,61.2599983215332,189200
2021-01-11,61.619998931884766,63.0,57.58000183105469,60.90999984741211,113700
2021-01-12,61.77999877929688,62.18999862670898,60.52999877929688,61.54999923706055,53600
2021-01-13,61.77999877929688,63.0,60.70000076293945,62.119998931884766,133600
2021-01-14,59.77000045776367,64.6500015258789,59.060001373291016,62.119998931884766,148900
2021-01-15,59.369998931884766,61.18999862670898,57.0099983215332,59.27999877929688,159700
2021-01-19,61.310001373291016,62.79999923706055,58.77999877929688,60.11000061035156,101200
2021-01-20,62.34000015258789,64.0,61.209999084472656,61.63999938964844,42900
2021-01-21,62.93999862670898,64.41999816894531,61.150001525878906,62.84999847412109,64100
2021-01-22,65.86000061035156,66.12999725341797,59.33000183105469,62.5,86100
2021-01-25,67.54000091552734,68.55999755859375,65.83999633789062,66.05000305175781,115300
2021-01-26,63.09999847412109,68.76000213623047,62.61000061035156,67.66000366210938,98300
2021-01-27,56.04999923706055,61.15999984741211,56.02999877929688,61.15999984741211,245400
2021-01-28,60.18000030517578,60.79499816894531,55.11000061035156,56.2599983215332,162200
2021-01-29,56.720001220703125,60.81999969482422,55.27000045776367,59.86000061035156,153500
2021-02-01,56.0,57.66999816894531,55.33000183105469,56.95000076293945,140500
2021-02-02,58.0,59.4900016784668,55.823001861572266,57.13999938964844,109500
2021-02-03,58.380001068115234,58.78499984741211,57.0,58.31999969482422,62000
2021-02-04,60.0,60.70500183105469,57.84999847412109,58.70000076293945,102800
2021-02-05,60.2400016784668,61.130001068115234,59.52000045776367,60.0,229700
2021-02-08,60.0099983215332,61.0,58.375,60.20000076293945,140300
2021-02-09,58.83000183105469,60.13999938964844,58.70000076293945,60.11000061035156,45300
2021-02-10,58.09999847412109,59.0,57.209999084472656,58.90999984741211,84700
2021-02-11,59.45000076293945,60.630001068115234,57.5099983215332,58.130001068115234,107200
2021-02-12,59.4900016784668,60.36000061035156,58.04999923706055,59.470001220703125,48800
2021-02-16,58.560001373291016,59.72999954223633,58.2599983215332,59.72999954223633,49300
2021-02-17,58.02999877929688,59.040000915527344,55.7599983215332,58.130001068115234,64800
2021-02-18,56.130001068115234,57.209999084472656,55.29999923706055,57.209999084472656,57500
2021-02-19,57.619998931884766,58.45500183105469,56.25,56.47999954223633,97200
2021-02-22,56.08000183105469,57.150001525878906,54.63999938964844,56.869998931884766,69900
2021-02-23,54.29999923706055,55.7599983215332,53.619998931884766,55.7599983215332,142100
2021-02-24,55.0,56.095001220703125,52.52999877929688,54.720001220703125,131000
2021-02-25,54.0,55.97999954223633,52.36000061035156,54.619998931884766,93500
2021-02-26,56.83000183105469,57.58000183105469,53.63999938964844,54.02000045776367,336200
2021-03-01,60.16999816894531,62.040000915527344,56.209999084472656,57.95000076293945,149000
2021-03-02,58.04999923706055,61.09999847412109,56.40999984741211,60.040000915527344,471200
2021-03-03,57.70000076293945,62.0,57.25,62.0,183800
2021-03-04,56.79999923706055,57.959999084472656,53.209999084472656,57.40999984741211,204800
2021-03-05,58.150001525878906,58.5,50.25,57.2599983215332,387900
2021-03-08,50.06999969482422,58.09999847412109,49.79999923706055,58.09999847412109,278400
2021-03-09,51.02999877929688,52.095001220703125,49.54499816894531,50.61000061035156,288000
2021-03-10,56.88999938964844,57.93999862670898,53.5099983215332,54.45000076293945,342200
2021-03-11,61.63999938964844,63.82500076293945,57.5,57.9900016784668,278800
2021-03-12,60.43999862670898,61.540000915527344,58.04999923706055,60.72999954223633,192400
2021-03-15,58.36000061035156,60.869998931884766,57.43000030517578,60.5099983215332,107300
2021-03-16,58.970001220703125,60.65999984741211,57.08000183105469,58.09000015258789,147400
2021-03-17,59.84999847412109,60.060001373291016,57.09999847412109,59.32500076293945,87900
2021-03-18,55.34999847412109,58.61000061035156,55.20000076293945,58.61000061035156,286800
2021-03-19,52.900001525878906,56.49800109863281,52.34999847412109,55.220001220703125,542400
2021-03-22,54.33000183105469,57.43000030517578,51.5099983215332,52.90999984741211,186700
2021-03-23,52.400001525878906,58.11000061035156,51.31999969482422,53.59000015258789,224100
2021-03-24,51.2599983215332,53.77999877929688,50.790000915527344,52.959999084472656,201500
2021-03-25,49.0,50.5,46.810001373291016,50.0,569000
2021-03-26,47.959999084472656,50.6150016784668,47.58000183105469,49.02000045776367,271200
2021-03-29,44.31999969482422,47.9900016784668,42.72999954223633,47.7400016784668,898600
2021-03-30,44.0,44.4900016784668,40.994998931884766,42.25,1859400
2021-03-31,45.7400016784668,46.34000015258789,42.16999816894531,44.0,620400
2021-04-01,48.0,49.0,46.22999954223633,47.16999816894531,635200
2021-04-05,47.81999969482422,49.0,46.880001068115234,48.95000076293945,414900
2021-04-06,46.34999847412109,48.869998931884766,45.95000076293945,47.290000915527344,496700
2021-04-07,46.34999847412109,46.9900016784668,44.70000076293945,45.88999938964844,279800
2021-04-08,45.52999877929688,47.29999923706055,44.63999938964844,46.84000015258789,447700
2021-04-09,43.47999954223633,45.25,43.0099983215332,45.0099983215332,717400
2021-04-12,43.06999969482422,44.36000061035156,42.0,43.5,524900
2021-04-13,45.0099983215332,46.18000030517578,42.48799896240234,43.33000183105469,446600
2021-04-14,43.630001068115234,46.68000030517578,43.2599983215332,45.45000076293945,444500
2021-04-15,44.18000030517578,44.43999862670898,43.08000183105469,43.70000076293945,287000
2021-04-16,43.86000061035156,45.255001068115234,43.22999954223633,44.58000183105469,214000
2021-04-19,43.72999954223633,44.18000030517578,42.52000045776367,43.7400016784668,194100
2021-04-20,42.08000183105469,44.369998931884766,42.0099983215332,43.61000061035156,363900
2021-04-21,44.0,44.369998931884766,41.900001525878906,42.0,449400
2021-04-22,43.0,44.38999938964844,42.810001373291016,44.16999816894531,668700
2021-04-23,44.970001220703125,45.86000061035156,43.0,43.08000183105469,458100
2021-04-26,47.2400016784668,47.65499877929688,44.41999816894531,45.2599983215332,634700
2021-04-27,46.95000076293945,47.560001373291016,45.5099983215332,47.38999938964844,233500
2021-04-28,47.81999969482422,47.95000076293945,46.15999984741211,46.15999984741211,416400
2021-04-29,47.060001373291016,48.56999969482422,46.61000061035156,47.900001525878906,506300
2021-04-30,47.0099983215332,48.77000045776367,46.810001373291016,47.0,564700
2021-05-03,47.09000015258789,47.56999969482422,46.63999938964844,46.900001525878906,533100
2021-05-04,46.880001068115234,47.380001068115234,45.72999954223633,46.77000045776367,497500
2021-05-05,43.0099983215332,46.5,41.72999954223633,46.40999984741211,1258100
2021-05-06,41.869998931884766,43.58000183105469,40.97999954223633,42.84000015258789,688000
2021-05-07,42.54999923706055,43.400001525878906,41.4900016784668,41.54999923706055,420100
2021-05-10,39.33000183105469,42.75,39.27000045776367,42.25,677300
2021-05-11,40.34999847412109,41.15999984741211,38.310001373291016,38.5099983215332,512900
2021-05-12,38.9900016784668,40.72999954223633,38.63999938964844,39.79999923706055,552400
2021-05-13,38.02000045776367,39.47999954223633,35.810001373291016,39.130001068115234,798000
2021-05-14,37.61000061035156,39.00199890136719,37.36000061035156,38.41999816894531,418300
2021-05-17,38.22999954223633,38.90999984741211,37.209999084472656,37.31999969482422,347100
2021-05-18,39.88999938964844,40.400001525878906,37.34000015258789,38.4900016784668,521000
2021-05-19,41.02999877929688,41.130001068115234,38.970001220703125,38.970001220703125,419000
2021-05-20,42.59999847412109,42.9900016784668,40.53499984741211,41.11000061035156,344600
2021-05-21,40.36000061035156,43.70000076293945,39.83000183105469,43.0,617600
2021-05-24,41.150001525878906,42.59999847412109,40.29999923706055,40.619998931884766,299800
2021-05-25,42.0,42.26499938964844,40.75,41.22999954223633,279700
2021-05-26,44.0,44.0,41.68000030517578,41.68000030517578,834600
2021-05-27,43.4900016784668,44.790000915527344,43.0,44.13999938964844,488600
2021-05-28,42.91999816894531,44.5,42.09999847412109,43.630001068115234,271200
2021-06-01,43.400001525878906,43.93999862670898,42.290000915527344,43.130001068115234,263800
2021-06-02,41.970001220703125,43.52999877929688,40.91999816894531,43.0,414200
2021-06-03,42.2599983215332,42.52000045776367,40.70000076293945,41.619998931884766,412600
2021-06-04,42.61000061035156,42.9900016784668,41.53499984741211,42.54999923706055,313900
2021-06-07,43.7599983215332,44.15999984741211,42.5,42.869998931884766,367900
2021-06-08,44.33000183105469,45.20800018310547,43.59000015258789,43.68000030517578,279900
2021-06-09,44.08000183105469,45.25,43.435001373291016,44.56999969482422,304300
2021-06-10,44.630001068115234,45.16999816894531,43.55500030517578,44.29999923706055,334800
2021-06-11,44.36000061035156,44.90999984741211,43.86000061035156,44.70000076293945,274600
2021-06-14,44.36000061035156,45.2400016784668,44.04999923706055,44.66999816894531,296100
2021-06-15,43.869998931884766,44.85499954223633,43.45000076293945,44.18000030517578,327600
2021-06-16,42.91999816894531,44.88999938964844,42.81999969482422,43.77000045776367,399000
2021-06-17,43.11000061035156,43.80500030517578,42.18999862670898,42.68000030517578,436400
2021-06-18,42.18999862670898,44.0,42.0,42.68999862670898,502300
2021-06-21,43.2400016784668,43.959999084472656,41.22499847412109,42.310001373291016,385800
2021-06-22,43.11000061035156,43.68999862670898,41.88999938964844,43.16999816894531,352200
2021-06-23,43.959999084472656,44.47999954223633,42.900001525878906,43.18999862670898,322400
2021-06-24,43.5,44.72999954223633,43.04999923706055,44.150001525878906,264600
2021-06-25,44.47999954223633,45.34999847412109,43.31999969482422,43.68000030517578,2151100
2021-06-28,45.040000915527344,45.380001068115234,43.790000915527344,44.650001525878906,365000
2021-06-29,45.470001220703125,45.810001373291016,44.650001525878906,45.0,385500
2021-06-30,44.119998931884766,45.2599983215332,43.33000183105469,45.2599983215332,187900
2021-07-01,44.209999084472656,44.650001525878906,42.0,44.02999877929688,470700
2021-07-02,44.47999954223633,44.70000076293945,43.64500045776367,44.290000915527344,199400
2021-07-06,43.97999954223633,44.540000915527344,43.52999877929688,44.540000915527344,324600
2021-07-07,42.060001373291016,44.290000915527344,41.82500076293945,43.16999816894531,488400
2021-07-08,41.38999938964844,42.93999862670898,40.41999816894531,41.2599983215332,281800
2021-07-09,40.9900016784668,42.5,40.9900016784668,41.619998931884766,281200
2021-07-12,39.93999862670898,41.0,39.34000015258789,41.0,1007300
2021-07-13,40.52000045776367,41.0,39.43000030517578,39.83000183105469,619300
2021-07-14,39.45000076293945,41.459999084472656,38.880001068115234,40.71500015258789,494400
2021-07-15,38.380001068115234,39.43999862670898,37.060001373291016,39.09999847412109,416200
2021-07-16,37.75,39.09000015258789,37.709999084472656,38.86000061035156,297300
2021-07-19,36.7400016784668,37.900001525878906,36.21500015258789,36.93999862670898,294900
2021-07-20,36.959999084472656,37.09000015258789,36.275001525878906,36.630001068115234,320200
2021-07-21,38.38999938964844,38.81999969482422,37.150001525878906,37.220001220703125,276000
2021-07-22,39.09999847412109,39.27000045776367,37.57799911499024,38.43000030517578,276800
2021-07-23,40.20000076293945,40.4900016784668,38.31999969482422,39.16999816894531,287800
2021-07-26,39.2400016784668,40.36000061035156,39.02000045776367,40.20000076293945,159500
2021-07-27,38.4900016784668,38.959999084472656,38.0099983215332,38.900001525878906,152600
2021-07-28,39.9900016784668,40.150001525878906,38.650001525878906,38.709999084472656,176500
2021-07-29,40.38999938964844,41.119998931884766,39.54999923706055,39.97999954223633,110300
2021-07-30,39.65999984741211,40.56999969482422,38.915000915527344,40.15999984741211,283700
2021-08-02,40.22999954223633,40.38999938964844,39.130001068115234,40.0099983215332,278600
2021-08-03,39.18999862670898,40.5,38.88999938964844,40.5,341600
2021-08-04,40.27000045776367,42.97999954223633,37.59999847412109,38.470001220703125,717200
2021-08-05,42.27999877929688,42.720001220703125,40.27999877929688,40.40999984741211,382500
2021-08-06,42.65999984741211,42.7599983215332,40.84999847412109,42.08000183105469,211000
2021-08-09,41.2400016784668,43.0,40.970001220703125,42.5,200500
2021-08-10,38.61000061035156,40.72999954223633,38.150001525878906,40.70000076293945,1378400
2021-08-11,38.11000061035156,38.95000076293945,36.79999923706055,38.95000076293945,462000
2021-08-12,37.93000030517578,38.435001373291016,37.470001220703125,38.119998931884766,181100
2021-08-13,36.7400016784668,37.84000015258789,36.61000061035156,37.84000015258789,326700
2021-08-16,37.369998931884766,38.09000015258789,36.28200149536133,36.66999816894531,196300
2021-08-17,37.38999938964844,37.41999816894531,36.380001068115234,37.119998931884766,398600
2021-08-18,36.61000061035156,38.0099983215332,36.5,37.40999984741211,210500
2021-08-19,36.7599983215332,37.05500030517578,36.20000076293945,36.59000015258789,385200
2021-08-20,37.52000045776367,38.209999084472656,36.68999862670898,36.68999862670898,298200
2021-08-23,38.52999877929688,38.68000030517578,37.77999877929688,38.060001373291016,282800
2021-08-24,38.84999847412109,39.11000061035156,38.22999954223633,38.40999984741211,142500
2021-08-25,38.68999862670898,39.244998931884766,38.400001525878906,38.95000076293945,80900
2021-08-26,38.619998931884766,39.220001220703125,37.75,38.5,250000
2021-08-27,40.09999847412109,40.650001525878906,38.4900016784668,38.7400016784668,419400
2021-08-30,39.0,40.65999984741211,38.7400016784668,40.41999816894531,154700
2021-08-31,40.18999862670898,40.27000045776367,38.7599983215332,39.09999847412109,459500
2021-09-01,39.77999877929688,40.45000076293945,38.81999969482422,40.09000015258789,249800
2021-09-02,41.54999923706055,41.70000076293945,39.5099983215332,39.95000076293945,285400
2021-09-03,41.77999877929688,42.06999969482422,41.02899932861328,41.630001068115234,137000
2021-09-07,42.290000915527344,42.77000045776367,41.459999084472656,41.5099983215332,335100
2021-09-08,41.470001220703125,42.93000030517578,41.04999923706055,42.0,210500
2021-09-09,40.59999847412109,42.209999084472656,40.58000183105469,41.5099983215332,224200
2021-09-10,38.83000183105469,40.91999816894531,38.77999877929688,40.650001525878906,628400
2021-09-13,38.2400016784668,40.125,37.7599983215332,39.09000015258789,337400
2021-09-14,37.84999847412109,38.72999954223633,37.18000030517578,38.459999084472656,324700
2021-09-15,38.9900016784668,39.119998931884766,37.20000076293945,37.90999984741211,335200
2021-09-16,39.08000183105469,39.38999938964844,38.400001525878906,39.11000061035156,381600
2021-09-17,38.560001373291016,39.97999954223633,38.310001373291016,39.47999954223633,1660000
2021-09-20,37.29999923706055,38.52000045776367,36.65999984741211,37.27999877929688,522400
2021-09-21,37.5099983215332,38.130001068115234,37.11000061035156,37.58000183105469,453900
2021-09-22,38.5,38.810001373291016,37.18000030517578,37.88999938964844,176400
2021-09-23,39.61000061035156,39.959999084472656,38.34000015258789,38.790000915527344,237400
2021-09-24,39.36000061035156,39.68999862670898,38.869998931884766,39.27000045776367,255000
2021-09-27,38.5,39.650001525878906,38.43000030517578,39.130001068115234,166200
2021-09-28,36.77000045776367,38.525001525878906,36.5,38.130001068115234,308600
2021-09-29,36.4900016784668,37.790000915527344,36.2599983215332,37.27999877929688,417800
2021-09-30,35.97999954223633,37.14500045776367,35.900001525878906,36.52000045776367,237000
2021-10-01,38.0,39.0,36.5,36.56999969482422,428600
2021-10-04,37.630001068115234,38.02000045776367,36.9900016784668,37.72999954223633,344500
2021-10-05,38.38999938964844,38.54999923706055,37.400001525878906,37.84000015258789,285700
2021-10-06,38.2400016784668,38.4900016784668,37.43000030517578,37.790000915527344,206800
2021-10-07,38.900001525878906,39.40999984741211,38.310001373291016,38.630001068115234,196400
2021-10-08,38.220001220703125,38.97999954223633,38.0,38.84000015258789,210400
2021-10-11,38.08000183105469,38.86000061035156,37.75,38.130001068115234,342600
2021-10-12,38.380001068115234,39.18999862670898,38.040000915527344,38.2599983215332,327400
2021-10-13,38.81999969482422,38.86000061035156,38.1349983215332,38.75,126700
2021-10-14,39.470001220703125,39.84000015258789,39.31999969482422,39.36000061035156,126900
2021-10-15,39.810001373291016,40.0,38.7400016784668,40.0,187700
2021-10-18,38.720001220703125,39.900001525878906,37.77000045776367,39.59000015258789,276700
2021-10-19,39.619998931884766,40.2599983215332,37.93000030517578,39.09999847412109,219000
2021-10-20,40.150001525878906,40.43999862670898,39.400001525878906,39.900001525878906,198700
2021-10-21,39.650001525878906,40.73400115966797,38.72999954223633,40.369998931884766,138300
2021-10-22,39.540000915527344,39.900001525878906,39.06999969482422,39.630001068115234,201000
2021-10-25,40.040000915527344,40.32500076293945,39.310001373291016,40.32500076293945,147700
2021-10-26,40.16999816894531,40.38999938964844,39.709999084472656,40.290000915527344,302900
2021-10-27,38.52000045776367,40.59000015258789,38.30500030517578,40.33000183105469,174100
2021-10-28,39.650001525878906,39.970001220703125,38.470001220703125,38.83000183105469,237100
2021-10-29,38.93000030517578,40.084999084472656,38.65999984741211,40.084999084472656,329900
2021-11-01,40.040000915527344,40.09999847412109,39.119998931884766,39.119998931884766,407200
2021-11-02,39.720001220703125,40.209999084472656,38.65999984741211,39.9900016784668,350600
2021-11-03,42.869998931884766,44.5,38.5,39.68999862670898,1176200
2021-11-04,43.63999938964844,44.36000061035156,43.02999877929688,43.06999969482422,330600
2021-11-05,45.09999847412109,45.25,43.20000076293945,43.86000061035156,547000
2021-11-08,43.810001373291016,45.4900016784668,41.79999923706055,45.040000915527344,260500
2021-11-09,43.0,43.88999938964844,42.29999923706055,43.59999847412109,266100
2021-11-10,42.310001373291016,43.22999954223633,41.66999816894531,42.95000076293945,207500
2021-11-11,41.68999862670898,43.20000076293945,41.150001525878906,42.45000076293945,257600
2021-11-12,40.209999084472656,41.84999847412109,39.68999862670898,41.70000076293945,261200
2021-11-15,38.11000061035156,40.2599983215332,37.88999938964844,40.13999938964844,291000
2021-11-16,38.0099983215332,38.60499954223633,37.525001525878906,38.0,322400
2021-11-17,37.0099983215332,38.90999984741211,36.56999969482422,38.369998931884766,542500
2021-11-18,34.9900016784668,38.29999923706055,34.939998626708984,37.02000045776367,792400
2021-11-19,34.65999984741211,35.53499984741211,34.32500076293945,34.93000030517578,439400
2021-11-22,35.209999084472656,36.09000015258789,34.68000030517578,34.68000030517578,298400
2021-11-23,35.0099983215332,35.709999084472656,33.52000045776367,35.290000915527344,800900
2021-11-24,34.52000045776367,35.04999923706055,33.845001220703125,34.84000015258789,355900
2021-11-26,33.7599983215332,34.66999816894531,33.290000915527344,34.13999938964844,444500
2021-11-29,32.290000915527344,34.59000015258789,31.979999542236328,34.59000015258789,447100
2021-11-30,32.29999923706055,32.52000045776367,31.81999969482422,31.950000762939453,465100
2021-12-01,30.6299991607666,33.16899871826172,30.600000381469727,33.06999969482422,749100
2021-12-02,30.540000915527344,31.76000022888184,29.89999961853028,30.57999992370605,480100
2021-12-03,29.71999931335449,31.040000915527344,29.4950008392334,30.530000686645508,376900
2021-12-06,31.3799991607666,31.81999969482422,29.1299991607666,29.3700008392334,312300
2021-12-07,33.86000061035156,34.529998779296875,31.86000061035156,31.86000061035156,362000
2021-12-08,36.0,36.369998931884766,34.31999969482422,35.4900016784668,482000
2021-12-09,34.79999923706055,35.959999084472656,34.439998626708984,35.709999084472656,327500
2021-12-10,33.97999954223633,35.459999084472656,33.65999984741211,35.08000183105469,272600
2021-12-13,33.619998931884766,34.59000015258789,32.56999969482422,33.779998779296875,235700
2021-12-14,31.799999237060547,33.27000045776367,31.489999771118164,32.9900016784668,206000
2021-12-15,32.189998626708984,32.939998626708984,30.309999465942383,31.57999992370605,349000
2021-12-16,30.51000022888184,32.48899841308594,30.40999984741211,32.45000076293945,387300
2021-12-17,31.18000030517578,31.6200008392334,29.655000686645508,30.25,422200
2021-12-20,30.90999984741211,31.09000015258789,28.8700008392334,30.38999938964844,379700
2021-12-21,32.130001068115234,32.66999816894531,31.059999465942383,31.34000015258789,350500
2021-12-22,31.8799991607666,32.5099983215332,31.63500022888184,32.38999938964844,194500
2021-12-23,33.02000045776367,33.33000183105469,31.01000022888184,32.04999923706055,209100
2021-12-27,32.63999938964844,33.599998474121094,32.07500076293945,33.47999954223633,172300
2021-12-28,32.54999923706055,32.95000076293945,32.09000015258789,32.95000076293945,128800
2021-12-29,32.040000915527344,32.79999923706055,31.739999771118164,32.29999923706055,152500
2021-12-30,32.91999816894531,33.90999984741211,32.040000915527344,32.400001525878906,147200
2021-12-31,32.06999969482422,32.90999984741211,31.905000686645508,32.90999984741211,635800
2022-01-03,35.5099983215332,35.560001373291016,31.395000457763672,32.720001220703125,297600
2022-01-04,35.650001525878906,36.2599983215332,34.52000045776367,35.58000183105469,475300
2022-01-05,32.5,36.21500015258789,32.27000045776367,35.150001525878906,523300
2022-01-06,32.130001068115234,33.5099983215332,31.06999969482422,32.400001525878906,234600
2022-01-07,30.25,32.119998931884766,29.8799991607666,31.84000015258789,239000
2022-01-10,30.290000915527344,30.850000381469727,29.520000457763672,29.89999961853028,468000
2022-01-11,29.989999771118164,30.395000457763672,29.57999992370605,30.299999237060547,285800
2022-01-12,30.81999969482422,31.65999984741211,29.95499992370605,30.420000076293945,485700
2022-01-13,28.8700008392334,30.93000030517578,28.26499938964844,30.790000915527344,742900
2022-01-14,27.790000915527344,29.559999465942383,27.46299934387207,28.450000762939453,452300
2022-01-18,25.71999931335449,27.540000915527344,25.21999931335449,27.25,716400
2022-01-19,25.18000030517578,26.71999931335449,25.059999465942383,26.229999542236328,553100
2022-01-20,24.6299991607666,26.26000022888184,24.450000762939453,25.40999984741211,519700
2022-01-21,23.81999969482422,24.86000061035156,23.565000534057617,24.270000457763672,462700
2022-01-24,25.020000457763672,25.21999931335449,22.309999465942383,23.11000061035156,562300
2022-01-25,23.5,24.59000015258789,22.520000457763672,24.270000457763672,443800
2022-01-26,23.100000381469727,24.440000534057617,22.76000022888184,24.18000030517578,257400
2022-01-27,21.770000457763672,23.729999542236328,21.68000030517578,23.3700008392334,412100
2022-01-28,23.0,23.040000915527344,21.07999992370605,21.36000061035156,331300
2022-01-31,24.350000381469727,24.57999992370605,22.950000762939453,22.950000762939453,331100
2022-02-01,25.690000534057617,25.780000686645508,24.049999237060547,24.3700008392334,1169400
2022-02-02,25.18000030517578,26.1200008392334,24.799999237060547,25.8700008392334,322200
2022-02-03,24.549999237060547,25.170000076293945,24.18000030517578,24.450000762939453,415600
2022-02-04,25.8700008392334,25.940000534057617,24.229999542236328,24.43000030517578,273100
2022-02-07,26.940000534057617,27.3799991607666,25.59000015258789,25.8799991607666,290900
2022-02-08,27.790000915527344,27.86000061035156,26.299999237060547,26.68000030517578,192300
2022-02-09,28.38999938964844,28.93000030517578,28.0,28.059999465942383,260300
2022-02-10,28.1299991607666,29.25,27.280000686645508,27.59000015258789,351500
2022-02-11,27.700000762939453,29.1299991607666,27.270000457763672,28.100000381469727,313900
2022-02-14,27.190000534057617,28.190000534057617,26.729999542236328,27.3700008392334,233800
2022-02-15,28.34000015258789,28.850000381469727,27.5,27.71999931335449,230900
2022-02-16,28.07999992370605,28.424999237060547,27.15999984741211,28.01000022888184,185600
2022-02-17,27.18000030517578,27.76000022888184,26.64999961853028,27.700000762939453,332100
2022-02-18,26.600000381469727,27.700000762939453,26.0,26.799999237060547,370900
2022-02-22,26.940000534057617,27.565000534057617,26.0,26.0,536000
2022-02-23,26.25,27.479999542236328,25.940000534057617,27.030000686645508,800700
2022-02-24,25.07999992370605,25.155000686645508,18.489999771118164,19.520000457763672,1721300
2022-02-25,24.940000534057617,25.71500015258789,23.51000022888184,25.049999237060547,771700
2022-02-28,26.26000022888184,26.5,24.479999542236328,25.21999931335449,845100
2022-03-01,26.559999465942383,27.350000381469727,25.440000534057617,25.90999984741211,477500
2022-03-02,25.100000381469727,26.39999961853028,24.290000915527344,26.39999961853028,420600
2022-03-03,23.88999938964844,25.57999992370605,23.46999931335449,25.309999465942383,479500
2022-03-04,22.729999542236328,24.1299991607666,22.184999465942383,23.51000022888184,325400
2022-03-07,21.459999084472656,23.15999984741211,21.290000915527344,22.65999984741211,409800
2022-03-08,21.420000076293945,22.43000030517578,20.75,21.3700008392334,338500
2022-03-09,22.709999084472656,22.88999938964844,21.76000022888184,22.09000015258789,362600
2022-03-10,22.280000686645508,22.81999969482422,21.450000762939453,21.86000061035156,190400
2022-03-11,21.75,22.809999465942383,21.670000076293945,22.770000457763672,426300
2022-03-14,21.1299991607666,22.31999969482422,20.700000762939453,21.81999969482422,732100
2022-03-15,21.450000762939453,22.26499938964844,20.3700008392334,21.350000381469727,280000
2022-03-16,23.040000915527344,23.06999969482422,21.290000915527344,22.21999931335449,323900
2022-03-17,25.18000030517578,25.46999931335449,22.05500030517578,22.940000534057617,545100
2022-03-18,24.920000076293945,25.88999938964844,24.2450008392334,24.51000022888184,633500
2022-03-21,23.71999931335449,24.89999961853028,23.3700008392334,24.89999961853028,219100
2022-03-22,24.39999961853028,24.729999542236328,23.13999938964844,23.68000030517578,416100
2022-03-23,23.93000030517578,24.75,23.51499938964844,24.21999931335449,219400
2022-03-24,24.34000015258789,24.684999465942383,23.209999084472656,24.07999992370605,237600
2022-03-25,23.57999992370605,24.34000015258789,23.36000061035156,24.34000015258789,165300
2022-03-28,22.959999084472656,23.86000061035156,22.770000457763672,23.799999237060547,293300
2022-03-29,24.309999465942383,24.76000022888184,23.450000762939453,23.450000762939453,223900
2022-03-30,24.549999237060547,24.64999961853028,23.790000915527344,24.26000022888184,294300
2022-03-31,24.809999465942383,25.3700008392334,24.334999084472656,24.549999237060547,218600
2022-04-01,25.690000534057617,25.93000030517578,24.55299949645996,24.989999771118164,199900
2022-04-04,25.82999992370605,26.700000762939453,25.239999771118164,25.82999992370605,189500
2022-04-05,25.790000915527344,25.989999771118164,25.07999992370605,25.8799991607666,243200
2022-04-06,25.39999961853028,25.834999084472656,24.690000534057617,25.309999465942383,443600
2022-04-07,25.5,25.82999992370605,24.489999771118164,25.280000686645508,247500
2022-04-08,25.940000534057617,26.18000030517578,24.65999984741211,25.21999931335449,276200
2022-04-11,26.100000381469727,26.43000030517578,25.46999931335449,25.770000457763672,470300
2022-04-12,26.790000915527344,27.450000762939453,25.82999992370605,25.82999992370605,735000
2022-04-13,27.34000015258789,27.790000915527344,25.780000686645508,26.690000534057617,369700
2022-04-14,27.26000022888184,27.559999465942383,26.76000022888184,27.489999771118164,486100
2022-04-18,26.01000022888184,27.440000534057617,25.61000061035156,27.030000686645508,1344700
2022-04-19,27.950000762939453,28.229999542236328,25.799999237060547,25.799999237060547,395800
2022-04-20,27.65999984741211,28.299999237060547,27.38500022888184,28.15999984741211,182500
2022-04-21,27.020000457763672,28.280000686645508,27.01000022888184,27.959999084472656,316000
2022-04-22,26.0,27.059999465942383,25.46999931335449,26.440000534057617,485300
2022-04-25,27.0,27.049999237060547,25.75,25.75,375800
2022-04-26,27.049999237060547,27.46999931335449,26.059999465942383,26.81999969482422,568400
2022-04-27,25.38999938964844,27.39999961853028,25.350000381469727,27.0,490500
2022-04-28,25.15999984741211,27.06999969482422,23.499000549316406,25.57999992370605,402300
2022-04-29,24.100000381469727,25.799999237060547,23.940000534057617,25.170000076293945,539500
2022-05-02,25.07999992370605,25.3700008392334,23.809999465942383,24.100000381469727,550100
2022-05-03,25.34000015258789,25.959999084472656,24.4950008392334,25.0,603800
2022-05-04,25.229999542236328,27.450000762939453,23.549999237060547,27.0,1145900
2022-05-05,22.6200008392334,26.1299991607666,22.280000686645508,24.71999931335449,648700
2022-05-06,19.15999984741211,22.82999992370605,18.915000915527344,22.82999992370605,1140400
2022-05-09,16.079999923706055,18.57999992370605,15.890000343322754,18.520000457763672,1386600
2022-05-10,16.709999084472656,16.829999923706055,15.40999984741211,16.829999923706055,1082300
2022-05-11,15.59000015258789,17.399999618530273,15.529999732971191,16.790000915527344,397200
2022-05-12,16.329999923706055,16.510000228881836,15.0600004196167,15.350000381469728,602500
2022-05-13,18.709999084472656,18.71999931335449,16.649999618530273,16.84000015258789,446300
2022-05-16,18.07999992370605,19.170000076293945,18.020000457763672,18.65999984741211,275000
2022-05-17,18.979999542236328,18.979999542236328,17.9950008392334,18.520000457763672,496000
2022-05-18,18.15999984741211,19.030000686645508,18.049999237060547,18.520000457763672,197500
2022-05-19,18.520000457763672,19.01000022888184,18.07999992370605,18.11000061035156,252700
2022-05-20,19.21999931335449,19.450000762939453,18.34000015258789,18.790000915527344,363700
2022-05-23,19.770000457763672,20.11000061035156,18.68000030517578,19.420000076293945,276500
2022-05-24,18.6299991607666,19.520000457763672,17.969999313354492,19.489999771118164,349500
2022-05-25,18.21999931335449,18.780000686645508,17.75,18.459999084472656,347900
2022-05-26,18.38999938964844,18.920000076293945,18.280000686645508,18.440000534057617,1222400
2022-05-27,18.5,19.5,18.39999961853028,18.6200008392334,448000
2022-05-31,18.26000022888184,18.700000762939453,17.850000381469727,18.549999237060547,831200
2022-06-01,17.639999389648438,18.71999931335449,17.389999389648438,18.049999237060547,628700
2022-06-02,19.09000015258789,19.26000022888184,17.520000457763672,17.559999465942383,252000
2022-06-03,18.5,19.299999237060547,18.280000686645508,18.96999931335449,256600
2022-06-06,18.709999084472656,19.18000030517578,18.26000022888184,19.18000030517578,488800
2022-06-07,19.6200008392334,19.63999938964844,17.920000076293945,18.39999961853028,316400
2022-06-08,19.479999542236328,20.01000022888184,18.82999992370605,19.57999992370605,313700
2022-06-09,18.530000686645508,19.75,18.440000534057617,19.40999984741211,555500
2022-06-10,18.32999992370605,18.4379997253418,17.809999465942383,18.11000061035156,895400
2022-06-13,16.520000457763672,17.700000762939453,16.420000076293945,17.479999542236328,369100
2022-06-14,15.199999809265137,16.610000610351562,15.109999656677246,16.610000610351562,1288400
2022-06-15,14.979999542236328,15.75,14.619999885559082,15.449999809265137,871300
2022-06-16,14.0,14.630000114440918,13.84000015258789,14.529999732971191,727300
2022-06-17,14.31999969482422,14.550000190734863,14.020000457763672,14.100000381469728,846900
2022-06-21,14.59000015258789,14.949999809265137,14.25,14.25,680900
2022-06-22,14.93000030517578,15.274999618530272,14.350000381469728,14.350000381469728,803100
2022-06-23,15.899999618530272,16.030000686645508,14.880000114440918,15.100000381469728,829500
2022-06-24,15.850000381469728,16.65999984741211,15.699999809265137,16.280000686645508,1380400
2022-06-27,15.84000015258789,16.149999618530273,15.329999923706056,15.979999542236328,626300
2022-06-28,15.140000343322754,16.260000228881836,15.050000190734863,15.899999618530272,520900
2022-06-29,14.789999961853027,15.109999656677246,13.79300022125244,15.079999923706056,347400
2022-06-30,14.720000267028809,14.739999771118164,13.869999885559082,14.539999961853027,450200
2022-07-01,15.350000381469728,15.43000030517578,14.65999984741211,14.770000457763672,236300
2022-07-05,17.020000457763672,17.049999237060547,14.8100004196167,15.0600004196167,384700
2022-07-06,16.979999542236328,17.700000762939453,16.8799991607666,17.25,407600
2022-07-07,17.329999923706055,17.770000457763672,16.780000686645508,17.020000457763672,223400
2022-07-08,17.299999237060547,17.799999237060547,16.959999084472656,17.139999389648438,293300
2022-07-11,15.81999969482422,17.15999984741211,15.8100004196167,16.149999618530273,334300
2022-07-12,15.65999984741211,16.6299991607666,15.170000076293944,15.899999618530272,254600
2022-07-13,15.6899995803833,15.949999809265137,15.050000190734863,15.279999732971191,196700
2022-07-14,15.449999809265137,16.3700008392334,15.175000190734863,15.489999771118164,290600
2022-07-15,15.960000038146973,16.40999984741211,15.520000457763672,15.859999656677246,226300
2022-07-18,15.56999969482422,17.165000915527344,15.529999732971191,16.09000015258789,193700
2022-07-19,16.290000915527344,16.360000610351562,15.59000015258789,15.920000076293944,313900
2022-07-20,17.030000686645508,17.440000534057617,16.399999618530273,16.399999618530273,142400
2022-07-21,17.389999389648438,17.389999389648438,15.920000076293944,17.030000686645508,182500
2022-07-22,16.540000915527344,18.19499969482422,16.2549991607666,17.469999313354492,223500
2022-07-25,15.989999771118164,16.75,15.779999732971191,16.540000915527344,552300
2022-07-26,15.979999542236328,16.149999618530273,14.619999885559082,15.850000381469728,384700
2022-07-27,16.510000228881836,16.549999237060547,16.06999969482422,16.479999542236328,451200
2022-07-28,17.139999389648438,17.350000381469727,16.18000030517578,16.670000076293945,329300
2022-07-29,17.040000915527344,17.100000381469727,16.600000381469727,17.040000915527344,324400
2022-08-01,17.5,17.68000030517578,16.420000076293945,16.649999618530273,565300
2022-08-02,18.479999542236328,19.1200008392334,17.469999313354492,17.469999313354492,803400
2022-08-03,19.11000061035156,19.89999961853028,16.010000228881836,17.739999771118164,748100
2022-08-04,19.36000061035156,19.44499969482422,18.920000076293945,19.350000381469727,127100
2022-08-05,20.989999771118164,21.07999992370605,18.549999237060547,18.8799991607666,325600
2022-08-08,21.38999938964844,22.25,21.0,21.06999969482422,380500
2022-08-09,20.51000022888184,21.350000381469727,20.38999938964844,20.790000915527344,289000
2022-08-10,23.989999771118164,24.07999992370605,20.61000061035156,21.190000534057617,531200
2022-08-11,22.799999237060547,24.48500061035156,22.75,24.21999931335449,407400
2022-08-12,22.190000534057617,23.30500030517578,22.0,22.950000762939453,220000
2022-08-15,22.459999084472656,22.614999771118164,21.89999961853028,22.43000030517578,187800
2022-08-16,21.51000022888184,22.459999084472656,21.0,22.030000686645508,162500
2022-08-17,21.18000030517578,21.530000686645508,19.979999542236328,21.100000381469727,905500
2022-08-18,20.86000061035156,21.020000457763672,20.020000457763672,21.020000457763672,195800
2022-08-19,19.739999771118164,20.81999969482422,19.59000015258789,20.479999542236328,153700
2022-08-22,19.489999771118164,20.614999771118164,19.290000915527344,19.290000915527344,360700
2022-08-23,20.26000022888184,20.34000015258789,18.959999084472656,19.309999465942383,553700
2022-08-24,20.739999771118164,21.26000022888184,20.350000381469727,20.56999969482422,242500
2022-08-25,20.82999992370605,21.540000915527344,20.565000534057617,20.940000534057617,234800
2022-08-26,19.190000534057617,20.82999992370605,19.075000762939453,20.82999992370605,332700
2022-08-29,18.459999084472656,19.270000457763672,18.049999237060547,18.920000076293945,242200
2022-08-30,18.670000076293945,19.40999984741211,18.364999771118164,18.65999984741211,387300
2022-08-31,18.3700008392334,19.170000076293945,18.280000686645508,18.84000015258789,149200
2022-09-01,18.489999771118164,18.549999237060547,17.440000534057617,17.889999389648438,207000
2022-09-02,18.15999984741211,18.90999984741211,17.670000076293945,18.90999984741211,261700
2022-09-06,17.989999771118164,18.520000457763672,17.780000686645508,18.520000457763672,378400
2022-09-07,19.440000534057617,19.46999931335449,17.799999237060547,17.799999237060547,354500
2022-09-08,19.440000534057617,19.739999771118164,18.8799991607666,19.18000030517578,131200
2022-09-09,20.350000381469727,20.3700008392334,19.61000061035156,19.61000061035156,399100
2022-09-12,20.71999931335449,20.86000061035156,20.34000015258789,20.34000015258789,280100
2022-09-13,20.0,20.190000534057617,19.51000022888184,19.51000022888184,213100
2022-09-14,19.82999992370605,20.459999084472656,19.36000061035156,20.030000686645508,287800
2022-09-15,19.75,20.440000534057617,18.917999267578125,19.64999961853028,319100
2022-09-16,18.280000686645508,19.46999931335449,17.81999969482422,19.309999465942383,392900
2022-09-19,17.829999923706055,18.010000228881836,17.149999618530273,17.959999084472656,121500
2022-09-20,17.5,18.010000228881836,17.030000686645508,17.5,159100
2022-09-21,17.56999969482422,18.18000030517578,17.31999969482422,17.690000534057617,152600
2022-09-22,16.559999465942383,17.530000686645508,15.520000457763672,17.25,404700
2022-09-23,16.3700008392334,16.56999969482422,15.699999809265137,16.31999969482422,206800
2022-09-26,16.3799991607666,17.1200008392334,16.0,16.540000915527344,201900
2022-09-27,16.450000762939453,17.040000915527344,16.209999084472656,16.739999771118164,156400
2022-09-28,17.520000457763672,17.84000015258789,15.994999885559082,16.56999969482422,327700
2022-09-29,17.059999465942383,17.209999084472656,16.40999984741211,17.1200008392334,157500
2022-09-30,16.65999984741211,17.489999771118164,16.594999313354492,16.81999969482422,217100
2022-10-03,17.350000381469727,17.510000228881836,16.413000106811523,16.90999984741211,500700
2022-10-04,17.25,18.18000030517578,17.229999542236328,18.1200008392334,663800
2022-10-05,17.260000228881836,17.440000534057617,16.43000030517578,16.8799991607666,212100
2022-10-06,16.920000076293945,17.479999542236328,16.808000564575195,17.170000076293945,164400
2022-10-07,15.510000228881836,16.56999969482422,15.4399995803833,16.56999969482422,338000
2022-10-10,14.789999961853027,15.510000228881836,14.739999771118164,15.510000228881836,166800
2022-10-11,14.960000038146973,15.145000457763672,14.109999656677246,14.6899995803833,205200
2022-10-12,14.420000076293944,14.93000030517578,14.229999542236328,14.93000030517578,118500
2022-10-13,14.449999809265137,15.024999618530272,13.649999618530272,13.739999771118164,312400
2022-10-14,13.8100004196167,14.68000030517578,13.739999771118164,14.630000114440918,129900
2022-10-17,14.449999809265137,14.649999618530272,14.25,14.40999984741211,216500
2022-10-18,14.829999923706056,15.09000015258789,14.600000381469728,14.93000030517578,401700
2022-10-19,13.75,14.524999618530272,13.270000457763672,14.520000457763672,361300
2022-10-20,14.1899995803833,14.414999961853027,13.239999771118164,13.720000267028809,262800
2022-10-21,14.5,14.619999885559082,13.8100004196167,14.260000228881836,264800
2022-10-24,13.90999984741211,14.609999656677246,13.789999961853027,14.520000457763672,196700
2022-10-25,14.210000038146973,14.850000381469728,14.0,14.0,138700
2022-10-26,14.380000114440918,14.81999969482422,14.045000076293944,14.279999732971191,593500
2022-10-27,13.640000343322754,14.5,13.550000190734863,14.5,473400
2022-10-28,13.5,13.6899995803833,13.010000228881836,13.630000114440918,706100
2022-10-31,13.359999656677246,13.56999969482422,12.890000343322754,13.40999984741211,940900
2022-11-01,13.229999542236328,14.050000190734863,13.140000343322754,13.619999885559082,220200
2022-11-02,13.640000343322754,14.039999961853027,12.760000228881836,13.119999885559082,479200
2022-11-03,12.34000015258789,13.699999809265137,12.229999542236328,13.359999656677246,387100
2022-11-04,4.820000171661377,10.0,4.070000171661377,10.0,5534800
2022-11-07,4.989999771118164,5.03000020980835,4.550000190734863,4.710000038146973,1668500
2022-11-08,5.309999942779541,5.539999961853027,4.849999904632568,5.090000152587891,3415200
2022-11-09,4.929999828338623,5.480000019073486,4.610000133514404,5.320000171661377,1285500
2022-11-10,5.710000038146973,5.775000095367432,5.03000020980835,5.139999866485596,2516200
2022-11-11,6.53000020980835,6.710000038146973,5.624000072479248,5.78000020980835,1825200
2022-11-14,5.820000171661377,6.78000020980835,5.800000190734863,6.480000019073486,646400
2022-11-15,6.039999961853027,6.260000228881836,5.894999980926514,6.039999961853027,413700
2022-11-16,5.519999980926514,6.210000038146973,5.480000019073486,5.960000038146973,553200
2022-11-17,5.260000228881836,5.420000076293945,5.130000114440918,5.349999904632568,732600
2022-11-18,6.059999942779541,6.329999923706055,5.309999942779541,5.449999809265137,962800
2022-11-21,5.5,6.099999904632568,5.449999809265137,5.860000133514404,393200
2022-11-22,5.340000152587891,5.53000020980835,5.150000095367432,5.510000228881836,317300
2022-11-23,5.519999980926514,5.630000114440918,5.275000095367432,5.300000190734863,438100
2022-11-25,5.78000020980835,5.789999961853027,5.394999980926514,5.489999771118164,223700
2022-11-28,5.429999828338623,5.809999942779541,5.380000114440918,5.699999809265137,485900
2022-11-29,5.340000152587891,5.619999885559082,5.320000171661377,5.480000019073486,346100
2022-11-30,6.019999980926514,6.070000171661377,5.300000190734863,5.400000095367432,570000
2022-12-01,6.139999866485596,6.449999809265137,5.400000095367432,5.929999828338623,704200
2022-12-02,6.510000228881836,6.550000190734863,5.540999889373779,6.119999885559082,364100
2022-12-05,6.179999828338623,6.46999979019165,6.059999942779541,6.460000038146973,370600
2022-12-06,6.079999923706055,6.300000190734863,5.889999866485596,6.159999847412109,516400
2022-12-07,6.159999847412109,6.269999980926514,5.889999866485596,6.159999847412109,272100
2022-12-08,5.949999809265137,6.269999980926514,5.769999980926514,6.21999979019165,240900
2022-12-09,5.880000114440918,6.059999942779541,5.769999980926514,5.880000114440918,202200
2022-12-12,6.349999904632568,6.489999771118164,5.849999904632568,6.25,674300
2022-12-13,6.949999809265137,7.099999904632568,6.460000038146973,6.679999828338623,546300
2022-12-14,6.840000152587891,7.289999961853027,6.699999809265137,6.940000057220459,610200
2022-12-15,7.139999866485596,7.159999847412109,6.409999847412109,6.699999809265137,732300
2022-12-16,7.389999866485596,7.630000114440918,6.880000114440918,7.139999866485596,1118400
2022-12-19,7.059999942779541,7.53000020980835,6.75,7.429999828338623,776200
2022-12-20,7.840000152587891,8.180000305175781,7.070000171661377,7.070000171661377,1046300
2022-12-21,8.239999771118164,8.520000457763672,7.889999866485596,7.889999866485596,814900
2022-12-22,8.069999694824219,8.34000015258789,7.650000095367432,8.109999656677246,393400
2022-12-23,7.849999904632568,8.119999885559082,7.71999979019165,8.050000190734863,310000
2022-12-27,7.570000171661377,7.824999809265137,7.409999847412109,7.670000076293945,291500
2022-12-28,7.739999771118164,7.920000076293945,7.494999885559082,7.519999980926514,246600
2022-12-29,8.210000038146973,8.510000228881836,7.730000019073486,7.820000171661377,359000
2022-12-30,8.430000305175781,8.489999771118164,7.599999904632568,8.0600004196167,274400
2023-01-03,7.489999771118164,8.300000190734863,7.230000019073486,7.840000152587891,961400
2023-01-04,8.25,8.505000114440918,7.559999942779541,7.559999942779541,661100
2023-01-05,7.929999828338623,8.449999809265137,7.849999904632568,8.449999809265137,491700
2023-01-06,7.789999961853027,7.980000019073486,7.574999809265137,7.960000038146973,305600
2023-01-09,8.069999694824219,8.149999618530273,7.639999866485596,7.820000171661377,635700
2023-01-10,8.539999961853027,8.680000305175781,8.060999870300293,8.09000015258789,495600
2023-01-11,8.630000114440918,8.890000343322754,8.399999618530273,8.539999961853027,313700
2023-01-12,8.680000305175781,8.979999542236328,8.40999984741211,8.710000038146973,257600
2023-01-13,8.920000076293945,9.34000015258789,8.600000381469727,8.979999542236328,410100
2023-01-17,8.779999732971191,9.119999885559082,8.619999885559082,8.949999809265137,240400
2023-01-18,8.670000076293945,9.229999542236328,8.489999771118164,8.920000076293945,232600
2023-01-19,8.59000015258789,8.770000457763672,8.470000267028809,8.600000381469727,191900
2023-01-20,8.65999984741211,8.899999618530273,8.479999542236328,8.859999656677246,318800
2023-01-23,8.779999732971191,8.895000457763672,8.475000381469727,8.699999809265137,802000
2023-01-24,8.829999923706055,9.029999732971191,8.6850004196167,8.770000457763672,297900
2023-01-25,8.720000267028809,8.770000457763672,8.5,8.619999885559082,347600
2023-01-26,8.949999809265137,9.010000228881836,8.5600004196167,8.9399995803833,566300
2023-01-27,9.199999809265137,9.279999732971191,8.760000228881836,8.760000228881836,163500
2023-01-30,8.789999961853027,9.09000015258789,8.694999694824219,8.930000305175781,238000
2023-01-31,8.890000343322754,9.130000114440918,8.779999732971191,8.859999656677246,486300
2023-02-01,9.420000076293944,9.460000038146973,8.710000038146973,9.100000381469728,541400
2023-02-02,9.100000381469728,9.960000038146973,8.994999885559082,9.600000381469728,502900
2023-02-03,8.8100004196167,9.279999732971191,8.75,8.779999732971191,592000
2023-02-06,9.020000457763672,9.220000267028809,8.645000457763672,8.75,311600
2023-02-07,9.1899995803833,9.3100004196167,8.944999694824219,9.010000228881836,371100
2023-02-08,8.850000381469727,9.239999771118164,8.850000381469727,9.109999656677246,418200
2023-02-09,8.649999618530273,9.079999923706056,8.630000114440918,8.979999542236328,349000
2023-02-10,8.869999885559082,9.005000114440918,8.40999984741211,8.649999618530273,283500
2023-02-13,8.930000305175781,9.140000343322754,8.84000015258789,8.869999885559082,240000
2023-02-14,9.34000015258789,9.399999618530272,8.850000381469727,8.850000381469727,355600
2023-02-15,9.34000015258789,9.505000114440918,8.869999885559082,9.229999542236328,263200
2023-02-16,9.100000381469728,9.449999809265137,8.989999771118164,9.449999809265137,451000
2023-02-17,9.229999542236328,9.289999961853027,8.979999542236328,9.130000114440918,281700
2023-02-21,8.720000267028809,9.109999656677246,8.609999656677246,9.100000381469728,444400
2023-02-22,8.760000228881836,8.925000190734863,8.569999694824219,8.720000267028809,518900
2023-02-23,10.529999732971191,12.380000114440918,10.06999969482422,12.239999771118164,1677900
2023-02-24,10.369999885559082,10.5600004196167,10.029999732971191,10.40999984741211,740200
2023-02-27,10.989999771118164,11.5,10.850000381469728,11.149999618530272,1078200
2023-02-28,11.229999542236328,11.720000267028809,10.899999618530272,11.0,883700
2023-03-01,11.479999542236328,11.583000183105469,10.960000038146973,11.029999732971191,1681700
2023-03-02,11.390000343322754,11.59000015258789,10.9350004196167,11.329999923706056,799200
2023-03-03,11.859999656677246,12.029999732971191,11.395000457763672,11.5600004196167,1018400
2023-03-06,11.770000457763672,12.350000381469728,11.5,11.81999969482422,785800
2023-03-07,11.760000228881836,12.079999923706056,11.260000228881836,11.75,614100
2023-03-08,11.68000030517578,11.93000030517578,11.350000381469728,11.770000457763672,344500
2023-03-09,11.399999618530272,11.93000030517578,11.229999542236328,11.760000228881836,442600
2023-03-10,10.739999771118164,11.529999732971191,10.56999969482422,11.460000038146973,890100
2023-03-13,11.170000076293944,11.380000114440918,10.5,10.5,342000
2023-03-14,11.270000457763672,11.635000228881836,11.039999961853027,11.470000267028809,322700
2023-03-15,11.18000030517578,11.260000228881836,10.8100004196167,10.989999771118164,362400
2023-03-16,11.380000114440918,11.489999771118164,10.75,11.020000457763672,441400
2023-03-17,11.720000267028809,11.829999923706056,11.13700008392334,11.239999771118164,1153500
2023-03-20,12.0,12.0600004196167,11.461000442504885,11.5600004196167,266900
2023-03-21,12.539999961853027,12.720000267028809,12.06999969482422,12.140000343322754,901300
2023-03-22,11.979999542236328,12.779999732971191,11.949999809265137,12.600000381469728,366100
2023-03-23,11.350000381469728,12.149999618530272,10.960000038146973,12.039999961853027,840000
2023-03-24,11.079999923706056,11.420000076293944,10.779999732971191,11.229999542236328,598700
2023-03-27,11.210000038146973,11.635000228881836,11.04699993133545,11.18000030517578,340600
2023-03-28,10.460000038146973,11.25,10.4399995803833,11.140000343322754,381800
2023-03-29,10.93000030517578,11.039999961853027,10.5600004196167,10.579999923706056,268000
2023-03-30,10.970000267028809,11.109999656677246,10.789999961853027,11.029999732971191,243400
2023-03-31,11.18000030517578,11.279999732971191,10.880000114440918,11.050000190734863,671100
2023-04-03,10.869999885559082,11.449999809265137,10.850000381469728,11.399999618530272,264600
2023-04-04,10.779999732971191,11.06999969482422,10.670000076293944,10.989999771118164,165800
2023-04-05,10.960000038146973,11.039999961853027,10.489999771118164,10.710000038146973,388900
2023-04-06,11.199999809265137,11.489999771118164,10.81999969482422,10.970000267028809,578800
2023-04-10,10.989999771118164,11.1850004196167,10.770000457763672,11.119999885559082,212200
2023-04-11,11.0,11.21500015258789,10.81999969482422,10.989999771118164,539000
2023-04-12,10.960000038146973,11.34000015258789,10.93000030517578,11.34000015258789,242200
2023-04-13,10.960000038146973,11.229999542236328,10.890000343322754,11.029999732971191,301200
2023-04-14,10.899999618530272,11.029999732971191,10.579999923706056,10.9399995803833,240000
2023-04-17,11.5600004196167,11.65999984741211,10.789999961853027,10.890000343322754,407100
2023-04-18,11.920000076293944,11.93000030517578,11.359999656677246,11.609999656677246,347900
2023-04-19,12.350000381469728,12.920000076293944,11.579999923706056,11.989999771118164,659400
2023-04-20,12.229999542236328,12.43000030517578,11.852999687194824,12.199999809265137,238700
2023-04-21,12.5,12.90999984741211,12.1899995803833,12.260000228881836,680900
2023-04-24,12.390000343322754,12.619999885559082,12.130000114440918,12.449999809265137,269700
2023-04-25,11.699999809265137,12.479999542236328,11.65999984741211,12.25,459300
2023-04-26,11.6899995803833,12.210000038146973,11.43000030517578,11.710000038146973,269300
2023-04-27,11.449999809265137,11.755000114440918,11.279999732971191,11.75,202400
2023-04-28,11.75,12.039999961853027,11.369999885559082,11.40999984741211,222900
2023-05-01,12.31999969482422,12.449999809265137,11.489999771118164,11.489999771118164,310500
2023-05-02,11.470000267028809,12.4399995803833,11.420000076293944,12.199999809265137,288300
2023-05-03,12.460000038146973,13.039999961853027,11.68000030517578,12.850000381469728,840900
2023-05-04,12.220000267028809,12.539999961853027,11.9399995803833,12.449999809265137,240300
2023-05-05,12.289999961853027,12.489999771118164,12.09000015258789,12.239999771118164,219900
2023-05-08,12.43000030517578,12.489999771118164,11.979999542236328,12.119999885559082,251400
2023-05-09,12.579999923706056,12.65999984741211,12.100000381469728,12.289999961853027,172600
2023-05-10,13.0600004196167,13.119999885559082,12.65999984741211,12.829999923706056,218400
2023-05-11,12.880000114440918,13.050000190734863,12.515000343322754,12.920000076293944,181400
2023-05-12,12.989999771118164,13.130000114440918,12.600000381469728,12.899999618530272,273900
2023-05-15,13.130000114440918,13.220000267028809,12.920000076293944,13.039999961853027,159300
2023-05-16,12.710000038146973,12.970000267028809,12.43000030517578,12.970000267028809,138400
2023-05-17,12.510000228881836,12.75,12.420000076293944,12.75,136300
2023-05-18,12.390000343322754,12.505000114440918,12.06999969482422,12.449999809265137,161900
2023-05-19,12.31999969482422,12.625,12.220000267028809,12.539999961853027,180400
2023-05-22,12.609999656677246,12.949999809265137,12.31999969482422,12.31999969482422,150600
2023-05-23,12.279999732971191,12.864999771118164,12.18000030517578,12.539999961853027,158600
2023-05-24,12.25,12.390000343322754,11.8100004196167,12.270000457763672,161700
2023-05-25,11.539999961853027,12.289999961853027,11.414999961853027,12.210000038146973,170700
2023-05-26,11.520000457763672,11.630000114440918,11.25,11.529999732971191,134000
2023-05-30,11.510000228881836,11.699999809265137,11.460000038146973,11.59000015258789,123000
2023-05-31,12.010000228881836,12.079999923706056,11.460000038146973,11.460000038146973,466700
2023-06-01,12.140000343322754,12.350000381469728,11.479999542236328,11.479999542236328,306900
2023-06-02,12.779999732971191,12.8100004196167,12.05500030517578,12.18000030517578,200000
2023-06-05,12.43000030517578,12.8100004196167,12.010000228881836,12.5600004196167,252900
2023-06-06,12.75,13.140000343322754,12.359999656677246,12.399999618530272,298300
2023-06-07,12.4399995803833,13.039999961853027,12.420000076293944,12.800000190734863,242600
2023-06-08,12.1899995803833,12.5600004196167,11.899999618530272,12.34000015258789,148100
2023-06-09,12.550000190734863,12.600000381469728,12.0600004196167,12.199999809265137,182100
2023-06-12,12.609999656677246,12.81999969482422,12.25,12.550000190734863,229400
2023-06-13,12.800000190734863,12.859999656677246,12.470000267028809,12.640000343322754,138400
2023-06-14,12.75,13.399999618530272,12.630000114440918,12.949999809265137,351300
2023-06-15,12.8100004196167,12.93000030517578,12.510000228881836,12.739999771118164,347300
2023-06-16,12.619999885559082,13.0649995803833,12.399999618530272,13.029999732971191,808400
2023-06-20,13.649999618530272,13.800000190734863,12.5,12.600000381469728,430200
2023-06-21,13.170000076293944,13.6899995803833,13.03499984741211,13.619999885559082,516300
2023-06-22,13.210000038146973,13.390000343322754,13.164999961853027,13.170000076293944,374900
2023-06-23,12.880000114440918,13.350000381469728,12.81999969482422,13.119999885559082,551000
2023-06-26,12.869999885559082,12.979999542236328,12.604999542236328,12.800000190734863,185600
2023-06-27,12.890000343322754,13.010000228881836,12.600000381469728,12.850000381469728,196800
2023-06-28,12.979999542236328,13.1899995803833,12.640000343322754,12.850000381469728,268600
2023-06-29,13.0600004196167,13.479999542236328,12.468000411987305,13.010000228881836,226500
2023-06-30,13.109999656677246,13.350000381469728,13.09000015258789,13.170000076293944,465900
2023-07-03,12.979999542236328,13.1899995803833,12.8100004196167,13.0600004196167,68000
2023-07-05,13.399999618530272,13.484999656677246,12.720000267028809,12.979999542236328,195000
2023-07-06,12.829999923706056,13.1899995803833,12.800000190734863,13.15999984741211,175400
2023-07-07,12.520000457763672,13.15999984741211,12.489999771118164,12.869999885559082,93600
2023-07-10,12.989999771118164,13.0600004196167,12.625,12.649999618530272,86700
2023-07-11,13.300000190734863,13.40999984741211,12.890000343322754,13.09000015258789,165600
2023-07-12,13.649999618530272,13.699999809265137,13.359999656677246,13.510000228881836,205200
2023-07-13,13.220000267028809,13.795000076293944,13.15999984741211,13.6899995803833,134500
2023-07-14,13.479999542236328,13.520000457763672,12.920000076293944,13.220000267028809,211600
2023-07-17,13.329999923706056,13.670000076293944,13.06999969482422,13.489999771118164,201500
2023-07-18,13.140000343322754,13.56999969482422,12.880000114440918,13.350000381469728,183500
2023-07-19,13.010000228881836,13.4399995803833,12.979999542236328,13.140000343322754,144500
2023-07-20,12.6899995803833,13.010000228881836,12.539999961853027,13.010000228881836,136500
2023-07-21,12.59000015258789,12.885000228881836,12.510000228881836,12.770000457763672,129400
2023-07-24,12.6899995803833,12.859999656677246,12.239999771118164,12.609999656677246,157800
2023-07-25,12.59000015258789,12.84000015258789,12.50100040435791,12.600000381469728,156700
2023-07-26,13.5,13.510000228881836,12.550000190734863,12.550000190734863,483000
2023-07-27,12.93000030517578,13.8100004196167,12.850000381469728,13.619999885559082,293700
2023-07-28,13.4399995803833,13.5,13.039999961853027,13.039999961853027,163100
2023-07-31,14.0,14.274999618530272,13.34000015258789,13.479999542236328,695200
2023-08-01,13.8100004196167,13.880000114440918,13.40999984741211,13.8100004196167,137900
2023-08-02,13.229999542236328,13.6899995803833,13.083000183105469,13.5600004196167,203400
2023-08-03,13.25,14.0,13.25,13.989999771118164,476200
2023-08-04,13.260000228881836,13.649999618530272,13.06999969482422,13.279999732971191,198700
2023-08-07,12.710000038146973,13.28499984741211,12.6899995803833,13.220000267028809,161200
2023-08-08,12.079999923706056,12.539999961853027,11.779999732971191,12.539999961853027,161900
2023-08-09,11.239999771118164,12.0600004196167,11.18000030517578,12.0600004196167,213300
2023-08-10,10.979999542236328,11.625,10.960000038146973,11.260000228881836,211800
2023-08-11,10.8100004196167,11.085000038146973,10.789999961853027,10.90999984741211,132400
2023-08-14,10.899999618530272,10.979999542236328,10.600000381469728,10.75,105800
2023-08-15,11.15999984741211,11.289999961853027,10.75,10.770000457763672,167300
2023-08-16,10.5600004196167,11.15999984741211,10.460000038146973,11.100000381469728,178400
2023-08-17,10.029999732971191,10.619999885559082,9.989999771118164,10.619999885559082,191000
2023-08-18,10.350000381469728,10.43000030517578,9.899999618530272,9.899999618530272,163500
2023-08-21,10.380000114440918,10.619999885559082,10.140000343322754,10.390000343322754,131700
2023-08-22,10.5600004196167,10.5600004196167,10.350000381469728,10.399999618530272,118000
2023-08-23,10.5,10.630000114440918,10.119999885559082,10.539999961853027,120500
2023-08-24,10.399999618530272,10.449999809265137,10.104999542236328,10.449999809265137,120900
2023-08-25,10.789999961853027,10.899999618530272,10.31999969482422,10.420000076293944,209600
2023-08-28,10.729999542236328,10.979999542236328,10.649999618530272,10.8100004196167,98000
2023-08-29,10.600000381469728,10.920000076293944,10.529999732971191,10.729999542236328,209500
2023-08-30,10.600000381469728,10.80500030517578,10.510000228881836,10.539999961853027,103500
2023-08-31,10.460000038146973,10.729999542236328,10.420000076293944,10.670000076293944,180300
2023-09-01,10.220000267028809,10.399999618530272,9.5600004196167,10.010000228881836,325600
2023-09-05,10.550000190734863,11.15999984741211,10.270000457763672,10.43000030517578,303000
2023-09-06,11.149999618530272,11.210000038146973,10.375,10.619999885559082,179000
2023-09-07,10.770000457763672,11.270000457763672,10.729999542236328,11.029999732971191,159100
2023-09-08,10.40999984741211,10.869999885559082,10.380000114440918,10.81999969482422,94300
2023-09-11,10.770000457763672,10.829999923706056,10.329999923706056,10.40999984741211,208400
2023-09-12,10.0600004196167,10.725000381469728,10.039999961853027,10.699999809265137,105100
2023-09-13,10.229999542236328,10.260000228881836,9.800000190734863,10.029999732971191,176300
2023-09-14,10.170000076293944,10.529999732971191,10.149999618530272,10.25,235400
2023-09-15,10.369999885559082,10.524999618530272,9.960000038146973,10.130000114440918,328800
2023-09-18,10.5600004196167,10.699999809265137,10.154999732971191,10.359999656677246,142800
2023-09-19,10.770000457763672,10.8100004196167,10.460000038146973,10.5600004196167,225400
2023-09-20,10.550000190734863,11.079999923706056,10.5,10.800000190734863,205400
2023-09-21,10.5,10.729999542236328,10.199999809265137,10.470000267028809,263000
2023-09-22,10.3100004196167,10.56700038909912,10.170000076293944,10.510000228881836,323800
2023-09-25,10.25,10.550000190734863,10.09000015258789,10.220000267028809,597100
2023-09-26,9.970000267028809,10.40999984741211,9.670000076293944,10.229999542236328,300600
2023-09-27,9.880000114440918,10.229999542236328,9.720000267028809,9.989999771118164,224400
2023-09-28,10.229999542236328,10.989999771118164,9.850000381469728,9.869999885559082,160100
2023-09-29,10.329999923706056,10.550000190734863,10.270000457763672,10.5,125700
2023-10-02,10.09000015258789,10.34000015258789,9.979999542236328,10.34000015258789,174400
2023-10-03,9.920000076293944,10.06999969482422,9.890000343322754,9.979999542236328,104000
2023-10-04,9.670000076293944,9.920000076293944,9.510000228881836,9.920000076293944,114200
2023-10-05,9.720000267028809,9.770000457763672,9.40999984741211,9.520000457763672,121800
2023-10-06,10.039999961853027,10.130000114440918,9.420000076293944,9.520000457763672,131000
2023-10-09,10.15999984741211,10.75,9.59000015258789,9.899999618530272,205300
2023-10-10,10.329999923706056,10.699999809265137,10.109999656677246,10.109999656677246,174900
2023-10-11,8.949999809265137,10.350000381469728,8.850000381469727,10.300000190734863,231700
2023-10-12,8.0600004196167,9.0600004196167,7.974999904632568,9.0600004196167,229300
2023-10-13,7.989999771118164,8.15999984741211,7.75,8.0600004196167,225800
2023-10-16,8.199999809265137,8.260000228881836,7.760000228881836,8.010000228881836,216700
2023-10-17,8.600000381469727,8.920000076293945,8.149999618530273,8.15999984741211,223400
2023-10-18,8.460000038146973,8.6899995803833,8.220000267028809,8.529999732971191,139600
2023-10-19,8.399999618530273,8.600000381469727,8.050000190734863,8.430000305175781,176700
2023-10-20,8.470000267028809,8.670000076293945,8.119999885559082,8.4399995803833,166000
2023-10-23,8.579999923706055,8.890000343322754,8.220000267028809,8.350000381469727,165200
2023-10-24,8.829999923706055,9.050000190734863,8.5600004196167,8.619999885559082,208200
2023-10-25,8.399999618530273,8.729999542236328,8.270000457763672,8.579999923706055,266800
2023-10-26,8.069999694824219,8.630000114440918,7.985000133514404,8.359999656677246,141500
2023-10-27,8.220000267028809,8.239999771118164,7.820000171661377,8.069999694824219,172700
2023-10-30,7.889999866485596,8.350000381469727,7.809999942779541,8.34000015258789,278300
2023-10-31,8.789999961853027,9.170000076293944,8.503000259399414,8.75,366700
2023-11-01,9.079999923706056,9.210000038146973,8.600000381469727,8.760000228881836,201100
2023-11-02,9.369999885559082,9.649999618530272,9.020000457763672,9.210000038146973,217100
2023-11-03,9.920000076293944,10.100000381469728,9.489999771118164,9.489999771118164,212800
2023-11-06,9.609999656677246,10.039999961853027,9.539999961853027,9.93000030517578,181500
2023-11-07,9.56999969482422,9.81999969482422,9.5,9.630000114440918,136700
2023-11-08,9.40999984741211,9.739999771118164,9.140000343322754,9.550000190734863,219600
2023-11-09,9.239999771118164,9.449999809265137,9.199999809265137,9.449999809265137,133300
2023-11-10,9.25,9.350000381469728,8.949999809265137,9.220000267028809,312400
2023-11-13,10.020000457763672,10.06999969482422,9.229999542236328,9.260000228881836,293400
2023-11-14,10.979999542236328,11.074999809265137,10.404999732971191,10.4399995803833,722000
2023-11-15,10.8100004196167,11.43000030517578,10.699999809265137,10.9399995803833,561900
2023-11-16,10.84000015258789,11.06999969482422,10.470000267028809,10.779999732971191,188200
2023-11-17,10.850000381469728,11.1899995803833,10.699999809265137,10.979999542236328,495200
2023-11-20,10.850000381469728,10.960000038146973,10.649999618530272,10.84000015258789,200100
2023-11-21,10.5600004196167,10.710000038146973,10.460000038146973,10.6899995803833,163200
2023-11-22,10.600000381469728,10.979999542236328,10.529999732971191,10.600000381469728,275400
2023-11-24,11.050000190734863,11.18000030517578,10.520000457763672,10.600000381469728,234400
2023-11-27,11.09000015258789,11.390000343322754,10.845000267028809,10.9399995803833,232300
2023-11-28,11.039999961853027,11.380000114440918,10.399999618530272,11.039999961853027,159700
2023-11-29,11.029999732971191,11.470000267028809,10.989999771118164,11.109999656677246,229800
2023-11-30,10.899999618530272,11.149999618530272,10.80500030517578,11.140000343322754,442800
2023-12-01,11.229999542236328,11.270000457763672,10.300000190734863,10.329999923706056,791900
2023-12-04,11.3100004196167,11.5,11.100000381469728,11.100000381469728,213100
2023-12-05,11.609999656677246,11.640000343322754,10.979999542236328,11.199999809265137,174400
2023-12-06,11.479999542236328,11.869999885559082,11.380000114440918,11.710000038146973,105100
2023-12-07,11.770000457763672,11.8100004196167,11.300000190734863,11.5,160200
2023-12-08,11.789999961853027,11.970000267028809,11.279999732971191,11.65999984741211,174000
2023-12-11,11.539999961853027,11.979999542236328,11.359999656677246,11.760000228881836,126700
2023-12-12,11.640000343322754,11.670000076293944,11.119999885559082,11.550000190734863,170700
2023-12-13,12.600000381469728,12.609999656677246,10.479999542236328,11.640000343322754,154000
2023-12-14,13.140000343322754,13.380000114440918,12.779999732971191,12.779999732971191,251900
2023-12-15,12.300000190734863,12.859999656677246,12.199999809265137,12.6899995803833,803800
2023-12-18,12.350000381469728,12.460000038146973,12.149999618530272,12.3100004196167,242500
2023-12-19,12.279999732971191,12.630000114440918,12.140000343322754,12.420000076293944,223700
2023-12-20,12.100000381469728,12.56999969482422,12.010000228881836,12.170000076293944,189400
2023-12-21,12.65999984741211,12.720000267028809,12.279999732971191,12.279999732971191,393300
2023-12-22,12.6899995803833,12.885000228881836,12.5,12.75,235800
2023-12-26,12.960000038146973,13.050000190734863,12.59000015258789,12.670000076293944,224800
2023-12-27,13.06999969482422,13.210000038146973,12.729999542236328,12.989999771118164,314400
2023-12-28,13.09000015258789,13.399999618530272,13.029999732971191,13.029999732971191,234000
2023-12-29,12.75,13.25,12.729999542236328,13.109999656677246,203700
2024-01-02,12.699999809265137,12.859999656677246,12.539999961853027,12.609999656677246,186600
2024-01-03,12.010000228881836,12.609999656677246,11.880000114440918,12.609999656677246,263700
2024-01-04,11.989999771118164,12.114999771118164,11.604999542236328,12.0600004196167,225600
2024-01-05,11.979999542236328,12.279999732971191,11.43000030517578,11.890000343322754,235000
2024-01-08,12.279999732971191,12.479999542236328,11.979999542236328,11.979999542236328,219500
2024-01-09,12.760000228881836,12.949999809265137,11.93000030517578,12.100000381469728,351800
2024-01-10,12.800000190734863,13.06999969482422,12.46500015258789,12.729999542236328,326300
2024-01-11,12.93000030517578,13.125,12.649999618530272,12.760000228881836,372400
2024-01-12,12.729999542236328,13.420000076293944,12.68000030517578,13.140000343322754,159300
2024-01-16,12.75,12.880000114440918,12.5,12.529999732971191,217900
2024-01-17,12.720000267028809,12.845000267028809,12.479999542236328,12.489999771118164,150400
2024-01-18,12.829999923706056,12.890000343322754,12.59000015258789,12.8100004196167,164000
2024-01-19,13.010000228881836,13.329999923706056,12.652999877929688,12.9399995803833,351300
2024-01-22,13.479999542236328,13.529999732971191,13.104999542236328,13.130000114440918,362500
2024-01-23,13.520000457763672,13.75,13.270000457763672,13.619999885559082,297100
2024-01-24,13.18000030517578,13.78499984741211,13.109999656677246,13.630000114440918,233700
2024-01-25,13.390000343322754,13.44499969482422,13.18000030517578,13.390000343322754,170800
2024-01-26,13.399999618530272,13.614999771118164,13.279999732971191,13.539999961853027,179000
2024-01-29,13.720000267028809,13.75,13.229999542236328,13.390000343322754,145100
2024-01-30,13.199999809265137,13.68000030517578,13.130000114440918,13.68000030517578,200100
2024-01-31,13.279999732971191,14.079999923706056,13.0649995803833,13.210000038146973,476800
2024-02-01,14.289999961853027,14.470000267028809,13.260000228881836,13.300000190734863,319800
2024-02-02,14.260000228881836,14.494999885559082,13.90999984741211,14.09000015258789,507600
2024-02-05,14.3100004196167,14.579999923706056,13.949999809265137,14.239999771118164,332500
2024-02-06,14.460000038146973,14.68000030517578,14.25,14.279999732971191,362000
2024-02-07,14.479999542236328,14.529999732971191,14.25,14.479999542236328,194800
2024-02-08,14.31999969482422,14.5,14.25,14.460000038146973,429900
2024-02-09,14.25,14.800000190734863,14.229999542236328,14.350000381469728,319600
2024-02-12,14.649999618530272,14.729999542236328,14.25,14.25,768900
2024-02-13,14.270000457763672,14.59000015258789,14.140000343322754,14.31999969482422,367700
2024-02-14,14.649999618530272,14.699999809265137,14.260000228881836,14.449999809265137,176000
2024-02-15,14.579999923706056,14.835000038146973,14.380000114440918,14.8100004196167,224300
2024-02-16,14.31999969482422,14.503000259399414,14.258000373840332,14.489999771118164,309200
2024-02-20,14.40999984741211,14.600000381469728,14.145000457763672,14.25,654300
2024-02-21,14.5,14.529999732971191,14.149999618530272,14.399999618530272,823300
2024-02-22,11.859999656677246,14.199999809265137,11.619999885559082,14.199999809265137,2164900
2024-02-23,10.8100004196167,11.725000381469728,10.5600004196167,11.359999656677246,1353000
2024-02-26,10.390000343322754,11.100000381469728,10.265000343322754,10.739999771118164,786600
2024-02-27,10.119999885559082,10.479999542236328,10.079999923706056,10.479999542236328,546700
2024-02-28,9.359999656677246,10.0649995803833,9.34000015258789,9.970000267028809,1784200
2024-02-29,9.220000267028809,9.739999771118164,9.079999923706056,9.479999542236328,1439900
2024-03-01,9.300000190734863,9.520000457763672,8.989999771118164,9.0600004196167,517500
2024-03-04,9.260000228881836,9.40999984741211,9.09000015258789,9.25,413200
2024-03-05,9.0,9.449999809265137,8.9399995803833,9.270000457763672,384800
2024-03-06,8.850000381469727,9.135000228881836,8.770000457763672,9.0,369500
2024-03-07,8.800000190734863,9.05500030517578,8.789999961853027,8.979999542236328,261900
2024-03-08,9.09000015258789,9.329999923706056,8.899999618530273,8.899999618530273,426200
2024-03-11,8.710000038146973,9.140000343322754,8.640000343322754,9.050000190734863,262800
2024-03-12,8.899999618530273,9.020000457763672,8.699999809265137,8.75,614100
2024-03-13,8.779999732971191,8.979999542236328,8.739999771118164,8.880000114440918,281600
2024-03-14,8.800000190734863,8.960000038146973,8.619999885559082,8.84000015258789,714800
2024-03-15,8.949999809265137,9.020000457763672,8.680000305175781,8.699999809265137,1130600
2024-03-18,8.829999923706055,9.140000343322754,8.739999771118164,9.140000343322754,490800
2024-03-19,9.31999969482422,9.31999969482422,8.739999771118164,8.8100004196167,602700
2024-03-20,9.529999732971191,9.59000015258789,9.170000076293944,9.31999969482422,554200
2024-03-21,9.390000343322754,9.710000038146973,9.359999656677246,9.630000114440918,900000
2024-03-22,9.210000038146973,9.539999961853027,8.920000076293945,9.359999656677246,591300
2024-03-25,8.930000305175781,9.279999732971191,8.914999961853027,9.229999542236328,345300
2024-03-26,8.989999771118164,9.1899995803833,8.930000305175781,9.119999885559082,540900
2024-03-27,9.109999656677246,9.210000038146973,9.010000228881836,9.210000038146973,716700
2024-03-28,9.270000457763672,9.460000038146973,9.119999885559082,9.130000114440918,943300
2024-04-01,9.130000114440918,9.289999961853027,9.0,9.289999961853027,465400
2024-04-02,8.510000228881836,9.020000457763672,8.359999656677246,8.960000038146973,649600
2024-04-03,7.949999809265137,8.699999809265137,7.880000114440918,8.5600004196167,869900
2024-04-04,7.860000133514404,8.0649995803833,7.78000020980835,7.96999979019165,605900
2024-04-05,8.239999771118164,8.25,7.769999980926514,7.800000190734863,458000
2024-04-08,8.390000343322754,8.460000038146973,8.140000343322754,8.25,532300
2024-04-09,8.649999618530273,8.710000038146973,8.359999656677246,8.399999618530273,653700
2024-04-10,8.319999694824219,8.461999893188477,8.15999984741211,8.369999885559082,590700
2024-04-11,8.350000381469727,8.399999618530273,8.210000038146973,8.329999923706055,402200
2024-04-12,7.889999866485596,8.25,7.71999979019165,8.25,1480400
2024-04-15,7.46999979019165,7.909999847412109,7.380000114440918,7.909999847412109,573300
2024-04-16,7.420000076293945,7.570000171661377,7.340000152587891,7.420000076293945,425100
2024-04-17,7.429999828338623,7.579999923706055,7.309999942779541,7.449999809265137,358100
2024-04-18,7.5,7.510000228881836,7.210000038146973,7.429999828338623,542100
2024-04-19,7.510000228881836,7.760000228881836,7.349999904632568,7.480000019073486,347800
2024-04-22,7.400000095367432,7.545000076293945,7.369999885559082,7.489999771118164,236600
2024-04-23,7.5,7.570000171661377,7.375,7.389999866485596,235800
2024-04-24,7.519999980926514,7.670000076293945,7.434999942779541,7.5,198800
2024-04-25,7.300000190734863,7.420000076293945,7.110000133514404,7.420000076293945,492100
2024-04-26,7.28000020980835,7.494999885559082,7.260000228881836,7.320000171661377,388100
2024-04-29,7.5,7.550000190734863,7.300000190734863,7.300000190734863,329600
2024-04-30,7.610000133514404,7.659999847412109,7.289999961853027,7.440000057220459,772400
2024-05-01,7.71999979019165,8.149999618530273,7.639999866485596,7.699999809265137,720900
2024-05-02,9.380000114440918,9.979999542236328,8.850000381469727,9.979999542236328,1503300
2024-05-03,9.81999969482422,9.890000343322754,9.550000190734863,9.550000190734863,999800
2024-05-06,9.279999732971191,10.010000228881836,9.229999542236328,9.880000114440918,356800
2024-05-07,9.529999732971191,9.739999771118164,9.289999961853027,9.289999961853027,215900
2024-05-08,8.8100004196167,9.460000038146973,8.779999732971191,9.329999923706056,1130100
2024-05-09,8.75,9.050000190734863,8.720000267028809,8.760000228881836,586900
2024-05-10,8.40999984741211,8.899999618530273,8.279999732971191,8.770000457763672,294400
2024-05-13,8.770000457763672,8.899999618530273,8.470000267028809,8.470000267028809,215000
2024-05-14,8.90999984741211,9.199999809265137,8.729999542236328,8.869999885559082,201300
2024-05-15,9.31999969482422,9.350000381469728,8.800000190734863,9.020000457763672,266200
2024-05-16,9.050000190734863,9.404999732971191,8.880000114440918,9.25,174200
2024-05-17,9.0,9.09000015258789,8.890000343322754,9.09000015258789,170400
2024-05-20,8.920000076293945,9.020000457763672,8.859999656677246,8.930000305175781,135500
2024-05-21,8.779999732971191,8.9399995803833,8.670000076293945,8.890000343322754,156600
2024-05-22,8.949999809265137,9.140000343322754,8.699999809265137,8.710000038146973,115800
2024-05-23,8.380000114440918,8.949999809265137,8.34000015258789,8.949999809265137,159000
2024-05-24,8.069999694824219,8.920000076293945,7.949999809265137,8.399999618530273,272300
2024-05-28,8.010000228881836,8.170000076293945,7.809999942779541,8.15999984741211,185500
2024-05-29,7.53000020980835,7.909999847412109,7.519999980926514,7.829999923706055,987600
2024-05-30,7.300000190734863,7.75,7.28000020980835,7.590000152587891,332200
2024-05-31,7.25,7.480000019073486,7.179999828338623,7.320000171661377,1137100
2024-06-03,6.900000095367432,7.570000171661377,6.840000152587891,6.96999979019165,442700
2024-06-04,6.96999979019165,7.170000076293945,6.829999923706055,7.019999980926514,352400
2024-06-05,7.059999942779541,7.079999923706055,6.797999858856201,6.96999979019165,321000
2024-06-06,7.079999923706055,7.190000057220459,6.949999809265137,7.010000228881836,264200
2024-06-07,6.940000057220459,7.309999942779541,6.889999866485596,7.010000228881836,170100
2024-06-10,6.800000190734863,6.949999809265137,6.699999809265137,6.869999885559082,274700
2024-06-11,6.445000171661377,6.739999771118164,6.360000133514404,6.739999771118164,300200
2024-06-12,6.789999961853027,7.059999942779541,6.489999771118164,6.559999942779541,359800
2024-06-13,6.255000114440918,7.014999866485596,6.21999979019165,6.78000020980835,263300
2024-06-14,5.769999980926514,6.159999847412109,5.760000228881836,6.150000095367432,1453000
2024-06-17,5.885000228881836,5.940000057220459,5.670000076293945,5.78000020980835,518300
2024-06-18,5.894999980926514,6.019999980926514,5.71999979019165,5.880000114440918,727900
2024-06-20,5.820000171661377,6.25,5.710000038146973,5.869999885559082,360200
2024-06-21,6.21999979019165,6.25,5.809999942779541,5.849999904632568,735200
2024-06-24,6.139999866485596,6.297999858856201,5.980000019073486,6.159999847412109,271200
2024-06-25,6.050000190734863,6.260000228881836,5.900000095367432,6.150000095367432,257300
2024-06-26,6.139999866485596,6.159999847412109,5.953000068664551,6.0,162400
2024-06-27,6.170000076293945,6.329999923706055,6.050000190734863,6.150000095367432,167700
2024-06-28,6.340000152587891,6.449999809265137,6.090000152587891,6.239999771118164,639800
2024-07-01,6.239999771118164,6.420000076293945,6.090000152587891,6.329999923706055,283700
2024-07-02,6.320000171661377,6.369999885559082,6.210000038146973,6.269999980926514,499300
2024-07-03,6.300000190734863,6.480000019073486,6.199999809265137,6.369999885559082,75800
2024-07-05,6.489999771118164,6.510000228881836,6.199999809265137,6.28000020980835,130800
2024-07-08,6.449999809265137,6.670000076293945,6.409999847412109,6.5,189000
2024-07-09,6.389999866485596,6.489999771118164,6.28000020980835,6.460000038146973,141200
2024-07-10,6.349999904632568,6.559999942779541,6.25,6.440000057220459,141100
2024-07-11,7.230000019073486,7.400000095367432,6.480000019073486,6.53000020980835,256200
2024-07-12,7.420000076293945,7.449999809265137,7.25,7.349999904632568,182000
2024-07-15,7.760000228881836,7.880000114440918,7.440000057220459,7.519999980926514,390200
2024-07-16,7.900000095367432,7.989999771118164,7.619999885559082,7.860000133514404,324900
2024-07-17,8.079999923706055,8.15999984741211,7.699999809265137,7.800000190734863,513700
2024-07-18,7.96999979019165,8.345000267028809,7.800000190734863,8.069999694824219,433900
2024-07-19,7.920000076293945,8.149999618530273,7.75,7.96999979019165,208500
2024-07-22,8.359999656677246,8.380000114440918,7.789999961853027,7.929999828338623,223600
2024-07-23,8.420000076293945,8.520000457763672,8.069999694824219,8.319999694824219,203200
2024-07-24,8.300000190734863,8.609999656677246,8.069999694824219,8.300000190734863,149900
2024-07-25,7.840000152587891,8.329999923706055,7.820000171661377,8.300000190734863,394100
2024-07-26,7.75,8.074999809265137,7.739999771118164,7.989999771118164,517500
2024-07-29,7.039999961853027,7.800000190734863,7.019999980926514,7.739999771118164,364200
2024-07-30,7.059999942779541,7.300000190734863,6.954999923706055,7.090000152587891,352400
2024-07-31,6.909999847412109,7.114999771118164,6.659999847412109,7.099999904632568,895100
2024-08-01,6.489999771118164,7.880000114440918,6.119999885559082,6.920000076293945,761300
2024-08-02,6.389999866485596,6.5,6.119999885559082,6.139999866485596,341200
2024-08-05,5.96999979019165,6.119999885559082,5.670000076293945,5.949999809265137,467600
2024-08-06,5.929999828338623,6.050000190734863,5.855000019073486,5.980000019073486,231200
2024-08-07,5.860000133514404,6.230000019073486,5.829999923706055,6.010000228881836,372200
2024-08-08,5.869999885559082,6.085000038146973,5.75,5.889999866485596,202700
2024-08-09,5.590000152587891,5.949999809265137,5.539999961853027,5.849999904632568,354200
2024-08-12,5.699999809265137,5.769999980926514,5.460000038146973,5.610000133514404,321300
2024-08-13,5.789999961853027,5.840000152587891,5.619999885559082,5.75,247800
2024-08-14,5.71999979019165,5.809999942779541,5.599999904632568,5.809999942779541,250000
2024-08-15,6.050000190734863,6.289999961853027,5.75,5.900000095367432,274600
2024-08-16,6.570000171661377,6.679999828338623,5.989999771118164,6.019999980926514,463300
2024-08-19,6.739999771118164,7.034999847412109,6.389999866485596,6.510000228881836,304800
2024-08-20,6.949999809265137,6.960000038146973,6.570000171661377,6.710000038146973,324600
2024-08-21,7.230000019073486,7.239999771118164,6.84499979019165,6.980000019073486,246700
2024-08-22,6.869999885559082,7.300000190734863,6.53000020980835,7.210000038146973,230400
2024-08-23,7.510000228881836,7.929999828338623,7.25,7.409999847412109,538000
2024-08-26,7.710000038146973,7.710000038146973,7.320000171661377,7.510000228881836,273700
2024-08-27,7.590000152587891,7.775000095367432,7.5,7.610000133514404,425900
2024-08-28,7.460000038146973,7.650000095367432,7.349999904632568,7.510000228881836,137900
2024-08-29,7.320000171661377,7.679999828338623,7.289999961853027,7.510000228881836,159700
2024-08-30,7.320000171661377,7.420000076293945,7.21999979019165,7.340000152587891,111800
2024-09-03,6.5,7.139999866485596,6.489999771118164,6.690000057220459,370500
2024-09-04,6.599999904632568,6.699999809265137,6.309999942779541,6.420000076293945,329800
2024-09-05,6.940000057220459,6.949999809265137,6.46999979019165,6.619999885559082,419000
2024-09-06,7.309999942779541,7.349999904632568,6.739999771118164,6.739999771118164,330200
2024-09-09,7.110000133514404,7.309999942779541,6.945000171661377,7.260000228881836,417500
2024-09-10,7.75,7.869999885559082,7.005000114440918,7.090000152587891,322900
2024-09-11,7.75,7.894999980926514,7.46999979019165,7.679999828338623,210000
2024-09-12,8.180000305175781,8.4399995803833,7.670000076293945,7.800000190734863,367800
2024-09-13,8.3100004196167,8.489999771118164,8.199999809265137,8.270000457763672,297300
2024-09-16,8.149999618530273,8.5649995803833,8.130000114440918,8.369999885559082,283300
2024-09-17,8.180000305175781,8.369999885559082,8.010000228881836,8.369999885559082,211900
2024-09-18,8.399999618530273,8.789999961853027,8.109999656677246,8.199999809265137,418700
2024-09-19,8.579999923706055,8.699999809265137,8.34000015258789,8.619999885559082,289600
2024-09-20,8.579999923706055,8.670000076293945,8.430000305175781,8.569999694824219,409100
2024-09-23,8.1899995803833,8.739999771118164,8.170000076293945,8.619999885559082,255200
2024-09-24,8.350000381469727,8.40999984741211,8.050000190734863,8.180000305175781,234200
2024-09-25,8.25,8.489999771118164,8.119999885559082,8.40999984741211,129900
2024-09-26,8.260000228881836,8.449999809265137,8.149999618530273,8.40999984741211,140400
2024-09-27,8.289999961853027,8.59000015258789,8.239999771118164,8.390000343322754,113500
2024-09-30,8.289999961853027,8.470000267028809,8.069999694824219,8.279999732971191,223400
2024-10-01,7.480000019073486,8.300000190734863,7.449999809265137,8.300000190734863,184000
2024-10-02,7.440000057220459,7.559999942779541,7.300000190734863,7.429999828338623,105600
2024-10-03,7.309999942779541,7.420000076293945,7.175000190734863,7.369999885559082,114100
2024-10-04,7.300000190734863,7.46999979019165,7.260000228881836,7.46999979019165,85600
2024-10-07,7.010000228881836,7.25,6.909999847412109,7.230000019073486,105400
2024-10-08,6.590000152587891,7.039999961853027,6.559999942779541,7.039999961853027,264700
2024-10-09,6.820000171661377,6.829999923706055,6.570000171661377,6.599999904632568,258500
2024-10-10,6.449999809265137,6.760000228881836,6.385000228881836,6.739999771118164,235500
2024-10-11,6.670000076293945,6.690000057220459,6.429999828338623,6.429999828338623,202000
2024-10-14,6.849999904632568,6.920000076293945,6.599999904632568,6.699999809265137,171900
2024-10-15,6.960000038146973,7.03000020980835,6.739999771118164,6.860000133514404,238000
2024-10-16,6.800000190734863,7.070000171661377,6.764999866485596,7.070000171661377,240400
2024-10-17,6.409999847412109,6.78000020980835,6.394999980926514,6.78000020980835,216300
2024-10-18,6.5,6.5,6.340000152587891,6.460000038146973,135100
2024-10-21,6.239999771118164,6.619999885559082,6.230000019073486,6.489999771118164,150900
2024-10-22,6.130000114440918,6.215000152587891,6.010000228881836,6.179999828338623,164200
2024-10-23,6.130000114440918,6.159999847412109,5.960000038146973,6.119999885559082,208100
2024-10-24,6.090000152587891,6.420000076293945,6.070000171661377,6.190000057220459,184800
2024-10-25,6.03000020980835,6.244999885559082,6.0,6.170000076293945,99500
2024-10-28,6.210000038146973,6.300000190734863,6.010000228881836,6.150000095367432,233100
2024-10-29,6.769999980926514,6.849999904632568,6.199999809265137,6.199999809265137,290100
2024-10-30,6.789999961853027,7.070000171661377,6.755000114440918,6.809999942779541,282800
2024-10-31,6.25,6.875,6.050000190734863,6.75,415200
2024-11-01,6.269999980926514,6.730000019073486,6.260000228881836,6.320000171661377,246600
2024-11-04,7.119999885559082,7.440000057220459,6.389999866485596,6.434999942779541,474500
2024-11-05,7.110000133514404,7.179999828338623,6.78000020980835,7.070000171661377,262600
2024-11-06,7.710000038146973,7.820000171661377,7.28000020980835,7.360000133514404,322900
2024-11-07,7.360000133514404,7.679999828338623,7.210000038146973,7.679999828338623,179500
2024-11-08,7.440000057220459,7.639999866485596,7.25,7.449999809265137,168600
2024-11-11,7.550000190734863,7.559999942779541,7.309999942779541,7.46999979019165,219300
2024-11-12,7.03000020980835,7.664999961853027,7.0,7.449999809265137,196400
2024-11-13,6.71999979019165,7.159999847412109,6.71999979019165,7.050000190734863,152500
2024-11-14,6.449999809265137,6.889999866485596,6.210000038146973,6.730000019073486,299100
2024-11-15,6.340000152587891,6.580999851226807,6.150000095367432,6.5,118900
2024-11-18,6.119999885559082,6.340000152587891,6.071000099182129,6.340000152587891,140700
2024-11-19,6.0,6.150000095367432,5.840000152587891,6.050000190734863,188500
2024-11-20,6.199999809265137,6.21999979019165,5.860000133514404,6.0,179300
2024-11-21,6.420000076293945,6.579999923706055,6.119999885559082,6.300000190734863,203800
2024-11-22,6.789999961853027,6.840000152587891,6.25,6.440000057220459,294000
2024-11-25,6.610000133514404,7.090000152587891,6.610000133514404,6.800000190734863,218100
2024-11-26,6.460000038146973,6.670000076293945,6.369999885559082,6.5,105300
2024-11-27,6.300000190734863,6.659999847412109,6.260000228881836,6.480000019073486,170800
2024-11-29,6.449999809265137,6.474999904632568,6.289999961853027,6.340000152587891,49000
2024-12-02,6.53000020980835,6.630000114440918,6.179999828338623,6.179999828338623,432600
2024-12-03,6.610000133514404,7.079999923706055,6.300000190734863,6.510000228881836,256600
2024-12-04,6.525000095367432,6.789999961853027,6.454999923706055,6.570000171661377,92200
2024-12-05,6.159999847412109,6.590000152587891,6.047999858856201,6.440000057220459,149000
2024-12-06,6.400000095367432,6.639999866485596,6.150000095367432,6.28000020980835,268200
2024-12-09,6.369999885559082,6.619999885559082,6.309999942779541,6.510000228881836,92000
2024-12-10,6.579999923706055,6.900000095367432,6.298999786376953,6.329999923706055,234600
2024-12-11,6.389999866485596,6.550000190734863,6.09499979019165,6.170000076293945,378800
2024-12-12,6.050000190734863,6.400000095367432,5.940000057220459,6.309999942779541,402600
2024-12-13,6.099999904632568,6.179999828338623,5.914999961853027,6.0,418400
2024-12-16,6.199999809265137,6.320000171661377,6.090000152587891,6.150000095367432,154900
2024-12-17,6.130000114440918,6.239999771118164,6.065000057220459,6.159999847412109,146000
2024-12-18,6.099999904632568,6.28000020980835,5.929999828338623,6.210000038146973,455100
2024-12-19,5.929999828338623,6.190000057220459,5.71999979019165,6.170000076293945,408900
2024-12-20,6.150000095367432,6.309999942779541,5.809999942779541,5.809999942779541,329800
2024-12-23,6.260000228881836,6.289999961853027,6.139999866485596,6.159999847412109,126800
2024-12-24,6.159999847412109,6.380000114440918,6.144999980926514,6.309999942779541,58000
2024-12-26,6.880000114440918,6.929999828338623,6.139999866485596,6.150000095367432,218200
2024-12-27,6.699999809265137,6.880000114440918,6.5,6.800000190734863,164900
2024-12-30,6.710000038146973,6.800000190734863,6.644999980926514,6.650000095367432,151100
2024-12-31,6.789999961853027,6.863999843597412,6.710000038146973,6.71999979019165,110400
2025-01-02,6.519999980926514,7.150000095367432,6.474999904632568,6.820000171661377,319400
2025-01-03,6.550000190734863,6.623000144958496,6.349999904632568,6.510000228881836,114000
2025-01-06,6.690000057220459,6.855000019073486,6.589000225067139,6.599999904632568,113800
2025-01-07,6.610000133514404,7.019999980926514,6.510000228881836,6.670000076293945,275300
2025-01-08,6.489999771118164,6.519999980926514,6.340000152587891,6.5,169400
2025-01-10,6.760000228881836,6.809999942779541,6.239999771118164,6.239999771118164,788200
2025-01-13,7.050000190734863,7.110000133514404,6.550000190734863,6.690000057220459,219600
2025-01-14,6.840000152587891,7.269999980926514,6.800000190734863,7.090000152587891,252800
2025-01-15,6.71999979019165,7.007999897003174,6.489999771118164,6.949999809265137,167900
2025-01-16,6.400000095367432,6.699999809265137,6.306000232696533,6.699999809265137,144900
2025-01-17,6.260000228881836,6.5,6.199999809265137,6.5,140200
2025-01-21,6.190000057220459,6.5,6.119999885559082,6.300000190734863,100300
2025-01-22,6.059999942779541,6.449999809265137,6.039999961853027,6.119999885559082,477600
2025-01-23,6.099999904632568,6.130000114440918,5.960000038146973,6.019999980926514,256700
2025-01-24,6.110000133514404,6.179999828338623,5.920000076293945,6.059999942779541,167600
2025-01-27,6.289999961853027,6.329999923706055,6.070000171661377,6.079999923706055,183900
2025-01-28,6.050000190734863,6.400000095367432,6.039999961853027,6.309999942779541,157100
2025-01-29,5.829999923706055,6.079999923706055,5.769999980926514,6.039999961853027,127400
2025-01-30,5.690000057220459,5.965000152587891,5.650000095367432,5.840000152587891,70200
2025-01-31,5.679999828338623,5.860000133514404,5.630000114440918,5.690000057220459,247900
2025-02-03,5.840000152587891,6.050000190734863,5.570000171661377,5.570000171661377,313200
2025-02-04,5.769999980926514,5.90500020980835,5.75,5.829999923706055,200300
2025-02-05,6.150000095367432,6.170000076293945,5.800000190734863,5.820000171661377,179200
2025-02-06,6.429999828338623,6.449999809265137,6.159999847412109,6.159999847412109,137500
2025-02-07,6.630000114440918,6.670000076293945,6.380000114440918,6.409999847412109,173400
2025-02-10,6.679999828338623,6.800000190734863,6.590000152587891,6.659999847412109,308600
2025-02-11,6.829999923706055,7.158999919891357,6.539999961853027,6.559999942779541,320500
2025-02-12,7.010000228881836,7.110000133514404,6.618000030517578,6.690000057220459,178200
2025-02-13,7.380000114440918,7.409999847412109,7.010000228881836,7.090000152587891,103900
2025-02-14,6.96999979019165,7.440000057220459,6.940000057220459,7.440000057220459,196600
2025-02-18,6.989999771118164,7.289999961853027,6.804999828338623,6.949999809265137,213800
2025-02-19,6.639999866485596,7.284999847412109,6.494999885559082,6.889999866485596,578500
2025-02-20,8.779999732971191,9.369999885559082,7.599999904632568,7.599999904632568,2983300
2025-02-21,8.960000038146973,9.350000381469728,8.630000114440918,8.90999984741211,1013800
2025-02-24,8.920000076293945,9.050000190734863,8.489999771118164,8.779999732971191,597600
2025-02-25,8.680000305175781,9.09000015258789,8.510000228881836,8.850000381469727,461100
2025-02-26,9.220000267028809,9.229999542236328,8.52400016784668,8.539999961853027,430900
2025-02-27,8.619999885559082,9.31999969482422,8.289999961853027,9.25,367300
2025-02-28,8.619999885559082,8.65999984741211,8.119999885559082,8.510000228881836,287400
2025-03-03,8.289999961853027,8.3100004196167,7.0,7.010000228881836,585100
2025-03-04,8.670000076293945,8.720000267028809,7.829999923706055,8.1899995803833,348100
2025-03-05,8.1899995803833,8.706999778747559,8.109999656677246,8.649999618530273,240300
2025-03-06,7.440000057220459,8.057999610900879,7.420000076293945,8.050000190734863,249300
2025-03-07,7.480000019073486,7.590000152587891,7.139999866485596,7.389999866485596,245100
2025-03-10,7.215000152587891,7.800000190734863,7.130000114440918,7.789999961853027,216700
2025-03-11,7.300000190734863,7.460000038146973,7.079999923706055,7.21999979019165,298200
2025-03-12,7.320000171661377,7.644999980926514,7.070000171661377,7.320000171661377,166500
2025-03-13,7.050000190734863,7.559999942779541,6.96999979019165,7.309999942779541,193200
2025-03-14,7.519999980926514,7.53000020980835,7.039999961853027,7.039999961853027,192900
2025-03-17,7.789999961853027,7.809999942779541,7.460000038146973,7.53000020980835,207000
2025-03-18,7.96999979019165,7.985000133514404,7.690000057220459,7.739999771118164,169800
2025-03-19,7.769999980926514,8.119999885559082,7.650000095367432,7.960000038146973,274900
2025-03-20,7.699999809265137,7.960000038146973,7.699999809265137,7.75,284400
2025-03-21,7.769999980926514,7.840000152587891,7.579999923706055,7.579999923706055,372000
2025-03-24,7.369999885559082,7.965000152587891,7.353000164031982,7.889999866485596,156300
2025-03-25,6.880000114440918,7.454999923706055,6.820000171661377,7.360000133514404,292400
2025-03-26,6.739999771118164,7.170000076293945,6.565000057220459,6.900000095367432,217900
2025-03-27,6.789999961853027,6.920000076293945,6.539999961853027,6.739999771118164,338200
2025-03-28,6.820000171661377,7.019999980926514,6.46999979019165,6.739999771118164,299300
2025-03-31,6.730000019073486,6.835000038146973,6.400000095367432,6.71999979019165,310700
2025-04-01,6.869999885559082,7.059999942779541,6.489999771118164,6.699999809265137,510100
2025-04-02,6.820000171661377,7.050000190734863,6.664999961853027,6.769999980926514,360300
2025-04-03,6.760000228881836,7.025000095367432,6.445000171661377,6.53000020980835,243000
2025-04-04,6.760000228881836,6.860000133514404,6.420000076293945,6.559999942779541,462700
2025-04-07,6.599999904632568,7.010000228881836,6.46999979019165,6.550000190734863,446200
2025-04-08,5.71999979019165,6.769999980926514,5.610000133514404,6.769999980926514,417000
2025-04-09,5.429999828338623,5.989999771118164,4.889999866485596,5.880000114440918,871200
2025-04-10,5.210000038146973,5.449999809265137,5.119999885559082,5.369999885559082,345500
2025-04-11,5.25,5.480000019073486,5.050000190734863,5.21999979019165,391500
2025-04-14,5.409999847412109,5.46999979019165,5.150000095367432,5.329999923706055,285100
2025-04-15,4.920000076293945,5.489999771118164,4.900000095367432,5.340000152587891,250800
2025-04-16,4.789999961853027,5.159999847412109,4.71999979019165,4.900000095367432,431800
2025-04-17,4.519999980926514,4.929999828338623,4.489999771118164,4.769999980926514,355300
2025-04-21,4.519999980926514,4.550000190734863,4.150000095367432,4.5,340300
2025-04-22,4.760000228881836,4.835000038146973,4.409999847412109,4.519999980926514,268700
2025-04-23,4.989999771118164,5.159999847412109,4.829999923706055,4.829999923706055,315800
2025-04-24,5.170000076293945,5.257999897003174,4.945000171661377,5.0,285300
2025-04-25,5.199999809265137,5.239999771118164,4.920000076293945,5.099999904632568,239800
2025-04-28,5.190000057220459,5.409999847412109,5.019999980926514,5.25,257600
2025-04-29,5.269999980926514,5.340000152587891,5.085000038146973,5.179999828338623,205300
2025-04-30,4.829999923706055,5.210000038146973,4.800000190734863,5.210000038146973,328100
2025-05-01,3.7699999809265137,5.459000110626221,3.6050000190734863,5.210000038146973,1552900
2025-05-02,3.7699999809265137,3.884999990463257,3.630000114440918,3.825000047683716,902600
2025-05-05,3.5799999237060547,3.765000104904175,3.369999885559082,3.7300000190734863,564500
2025-05-06,3.440000057220459,3.559999942779541,3.400000095367432,3.5299999713897705,430200
2025-05-07,3.680000066757202,3.749000072479248,3.385999917984009,3.440000057220459,438400
2025-05-08,3.640000104904175,3.7909998893737793,3.5789999961853027,3.650000095367432,220300
2025-05-09,3.369999885559082,3.640000104904175,3.3550000190734863,3.640000104904175,188100
2025-05-12,3.680000066757202,3.714999914169312,3.369999885559082,3.400000095367432,434100
2025-05-13,3.315000057220459,3.759999990463257,3.309999942779541,3.7300000190734863,351000
2025-05-14,3.259999990463257,3.384999990463257,3.174999952316284,3.3299999237060547,391500
2025-05-15,3.4200000762939453,3.490000009536743,3.200000047683716,3.25,515500
2025-05-16,3.430000066757202,3.4800000190734863,3.25,3.4200000762939453,233500
2025-05-19,3.3399999141693115,3.440000057220459,3.2720000743865967,3.400000095367432,236800
2025-05-20,3.3499999046325684,3.4600000381469727,3.2100000381469727,3.3399999141693115,340700
2025-05-21,3.140000104904175,3.3399999141693115,3.0999999046325684,3.299999952316284,185800
2025-05-22,3.119999885559082,3.259999990463257,3.059999942779541,3.0899999141693115,227100
2025-05-23,3.109999895095825,3.130000114440918,2.970000028610229,3.0799999237060547,228400
2025-05-27,3.0850000381469727,3.25,3.0199999809265137,3.119999885559082,477600
2025-05-28,2.9600000381469727,3.150000095367432,2.8299999237060547,3.0899999141693115,350600
2025-05-29,3.200000047683716,3.2300000190734863,2.9200000762939453,2.970000028610229,488200
2025-05-30,3.400000095367432,3.484999895095825,3.109999895095825,3.200000047683716,557400
2025-06-02,3.130000114440918,3.3299999237060547,3.0199999809265137,3.140000104904175,526000
2025-06-03,3.180000066757202,3.25,2.970000028610229,3.130000114440918,451500
2025-06-04,3.0799999237060547,3.369999885559082,3.039999961853028,3.200000047683716,249300
2025-06-05,2.970000028610229,3.0999999046325684,2.9600000381469727,3.059999942779541,302200
2025-06-06,3.1700000762939453,3.559999942779541,3.0999999046325684,3.130000114440918,1036300
2025-06-09,3.400000095367432,3.450000047683716,3.109999895095825,3.1700000762939453,392600
2025-06-10,3.400000095367432,3.5199999809265137,3.3399999141693115,3.4200000762939453,343100
2025-06-11,3.259999990463257,3.509999990463257,3.255000114440918,3.400000095367432,421000
2025-06-12,3.140000104904175,3.2720000743865967,3.130000114440918,3.25,136500
2025-06-13,3.0299999713897705,3.1040000915527344,3.0,3.0799999237060547,179500
2025-06-16,2.9800000190734863,3.049999952316284,2.940000057220459,3.039999961853028,161300
2025-06-17,2.7100000381469727,2.9600000381469727,2.700000047683716,2.940000057220459,310200
2025-06-18,2.75,2.8489999771118164,2.624000072479248,2.700000047683716,294200
2025-06-20,2.619999885559082,2.799999952316284,2.609999895095825,2.789999961853028,411200
2025-06-23,2.569999933242798,2.630000114440918,2.509999990463257,2.609999895095825,189900
2025-06-24,2.694999933242798,2.799999952316284,2.549999952316284,2.664999961853028,309700
2025-06-25,2.630000114440918,2.680000066757202,2.569999933242798,2.680000066757202,193400
2025-06-26,2.5899999141693115,2.619999885559082,2.5,2.619999885559082,317100
2025-06-27,2.5999999046325684,2.664999961853028,2.559999942779541,2.5999999046325684,434000
2025-06-30,2.5899999141693115,2.650000095367432,2.5199999809265137,2.5899999141693115,250500
2025-07-01,2.690000057220459,2.8350000381469727,2.559999942779541,2.569999933242798,259600
2025-07-02,2.720000028610229,2.799999952316284,2.680000066757202,2.700000047683716,131700
2025-07-03,2.7799999713897705,2.875,2.740000009536743,2.75,151800
2025-07-07,2.640000104904175,2.8299999237060547,2.619999885559082,2.759999990463257,214900
2025-07-08,2.7300000190734863,2.869999885559082,2.625,2.640000104904175,222700
2025-07-09,2.7300000190734863,2.878000020980835,2.619999885559082,2.759999990463257,220600
2025-07-10,2.650000095367432,2.809999942779541,2.640000104904175,2.75,188200
2025-07-11,2.900000095367432,2.9100000858306885,2.5799999237060547,2.650000095367432,1787000
2025-07-14,2.680000066757202,3.0899999141693115,2.6700000762939453,2.990000009536743,334700
2025-07-15,2.700000047683716,2.799999952316284,2.611000061035156,2.6700000762939453,243000
2025-07-16,2.9100000858306885,3.0,2.5999999046325684,2.7300000190734863,620300
2025-07-17,3.0899999141693115,3.309999942779541,2.789999961853028,2.9100000858306885,666300
2025-07-18,3.150000095367432,3.200000047683716,2.990000009536743,3.200000047683716,356900
2025-07-21,3.180000066757202,3.299999952316284,2.984999895095825,3.299999952316284,552400
2025-07-22,3.240000009536743,3.5,3.200000047683716,3.200000047683716,531300
2025-07-23,3.7799999713897705,3.880000114440918,3.259999990463257,3.299999952316284,577000
2025-07-24,3.315000057220459,3.859999895095825,3.299999952316284,3.75,400200
2025-07-25,3.3399999141693115,3.4049999713897705,3.200000047683716,3.319999933242798,254400
2025-07-28,3.0899999141693115,3.390000104904175,3.0299999713897705,3.3399999141693115,294200
2025-07-29,3.0899999141693115,3.1700000762939453,3.039999961853028,3.0999999046325684,366500
2025-07-30,3.150000095367432,3.390000104904175,3.0999999046325684,3.390000104904175,508400
2025-07-31,1.840000033378601,2.0299999713897705,1.75,1.9900000095367432,4648600
2025-08-01,1.6100000143051147,1.8799999952316284,1.590000033378601,1.850000023841858,1881300
2025-08-04,1.649999976158142,1.753000020980835,1.590000033378601,1.649999976158142,1668300
2025-08-05,1.6399999856948853,1.718999981880188,1.5700000524520874,1.649999976158142,1586800
2025-08-06,1.6100000143051147,1.7050000429153442,1.5800000429153442,1.649999976158142,874100
2025-08-07,1.6200000047683716,1.7050000429153442,1.590000033378601,1.6100000143051147,1155900
2025-08-08,1.5499999523162842,1.6699999570846558,1.5399999618530271,1.6299999952316284,797700
2025-08-11,1.5499999523162842,1.5950000286102295,1.5299999713897705,1.559999942779541,896200
2025-08-12,1.590000033378601,1.6100000143051147,1.5410000085830688,1.5499999523162842,860000
2025-08-13,1.5399999618530271,1.6299999952316284,1.524999976158142,1.6299999952316284,694600
2025-08-14,1.5099999904632568,1.5399999618530271,1.4700000286102295,1.5399999618530271,632400
2025-08-15,1.559999942779541,1.5850000381469729,1.4900000095367432,1.5099999904632568,887800
2025-08-18,1.600000023841858,1.6549999713897705,1.559999942779541,1.559999942779541,931000
2025-08-19,1.5299999713897705,1.6100000143051147,1.5099999904632568,1.600000023841858,724800
2025-08-20,1.5099999904632568,1.5399999618530271,1.475000023841858,1.5199999809265137,583100
2025-08-21,1.5299999713897705,1.5549999475479126,1.4789999723434448,1.4900000095367432,411800
2025-08-22,1.690000057220459,1.7350000143051147,1.5299999713897705,1.5499999523162842,1075900
2025-08-25,1.6699999570846558,1.830000042915344,1.6399999856948853,1.6799999475479126,713200
2025-08-26,1.7699999809265137,1.7799999713897705,1.6200000047683716,1.6799999475479126,832800
2025-08-27,1.8600000143051147,1.870000004768372,1.7109999656677246,1.7699999809265137,520900
2025-08-28,1.7599999904632568,1.8899999856948853,1.7100000381469729,1.8600000143051147,879800
2025-08-29,1.7100000381469729,1.7799999713897705,1.7000000476837158,1.7599999904632568,398400
2025-09-02,1.7300000190734863,1.850000023841858,1.600000023841858,1.600000023841858,887500
2025-09-03,1.659999966621399,1.7990000247955322,1.600000023841858,1.75,469400
2025-09-04,1.7400000095367432,1.7599999904632568,1.590000033378601,1.649999976158142,362500
2025-09-05,1.7400000095367432,1.7949999570846558,1.6749999523162842,1.7400000095367432,304200
2025-09-08,1.7000000476837158,1.774999976158142,1.6549999713897705,1.7200000286102295,376500
2025-09-09,1.690000057220459,1.7400000095367432,1.6299999952316284,1.7000000476837158,424200
2025-09-10,1.6100000143051147,1.7000000476837158,1.600000023841858,1.690000057220459,272000
2025-09-11,1.690000057220459,1.7100000381469729,1.6100000143051147,1.6100000143051147,187800
2025-09-12,1.7000000476837158,1.7599999904632568,1.6699999570846558,1.7000000476837158,248500
2025-09-15,1.590000033378601,1.7200000286102295,1.5750000476837158,1.690000057220459,313800
2025-09-16,1.5800000429153442,1.6100000143051147,1.5709999799728394,1.600000023841858,258800
2025-09-17,1.5499999523162842,1.6299999952316284,1.5399999618530271,1.5700000524520874,223600
2025-09-18,1.600000023841858,1.6100000143051147,1.5410000085830688,1.5700000524520874,271900
2025-09-19,1.690000057220459,1.7200000286102295,1.5750000476837158,1.6100000143051147,913800
2025-09-22,1.840000033378601,1.870000004768372,1.6699999570846558,1.690000057220459,586400
2025-09-23,1.820000052452088,1.9600000381469729,1.809999942779541,1.850000023841858,464500
2025-09-24,1.7699999809265137,1.820000052452088,1.75,1.809999942779541,123500
2025-09-25,1.7100000381469729,1.7699999809265137,1.684999942779541,1.7699999809265137,381500
2025-09-26,1.7400000095367432,1.75,1.7000000476837158,1.7100000381469729,132400
2025-09-29,1.649999976158142,1.75,1.6299999952316284,1.7400000095367432,314400
2025-09-30,1.6200000047683716,1.6399999856948853,1.600000023841858,1.6399999856948853,220000
2025-10-01,1.659999966621399,1.690000057220459,1.600000023841858,1.600000023841858,282900
2025-10-02,1.690000057220459,1.7200000286102295,1.6399999856948853,1.6399999856948853,212400
2025-10-03,1.840000033378601,1.940000057220459,1.6799999475479126,1.6799999475479126,577100
2025-10-06,1.7400000095367432,1.919999957084656,1.7400000095367432,1.870000004768372,355800
2025-10-07,1.7300000190734863,1.7599999904632568,1.7000000476837158,1.7300000190734863,198300
2025-10-08,1.7799999713897705,1.7999999523162842,1.7100000381469729,1.7400000095367432,185000
2025-10-09,1.7300000190734863,1.7949999570846558,1.690000057220459,1.7599999904632568,206900
2025-10-10,1.5800000429153442,1.7300000190734863,1.5499999523162842,1.7000000476837158,338700
2025-10-13,1.590000033378601,1.6299999952316284,1.559999942779541,1.590000033378601,247300
2025-10-14,1.5700000524520874,1.6100000143051147,1.5490000247955322,1.5700000524520874,198400
2025-10-15,1.6100000143051147,1.6349999904632568,1.5750000476837158,1.5800000429153442,206400
2025-10-16,1.5700000524520874,1.649999976158142,1.5549999475479126,1.6100000143051147,250100
2025-10-17,1.5199999809265137,1.600000023841858,1.5199999809265137,1.5499999523162842,272400
2025-10-20,1.6699999570846558,1.684999942779541,1.5299999713897705,1.5299999713897705,274900
2025-10-21,1.6100000143051147,1.659999966621399,1.6100000143051147,1.659999966621399,202900
2025-10-22,1.600000023841858,1.652999997138977,1.559999942779541,1.6399999856948853,245300
2025-10-23,1.590000033378601,1.6100000143051147,1.559999942779541,1.600000023841858,147800
2025-10-24,1.6399999856948853,1.6699999570846558,1.5800000429153442,1.600000023841858,167900
2025-10-27,1.559999942779541,1.6410000324249268,1.559999942779541,1.6200000047683716,11763800
2025-10-28,1.9800000190734863,2.890000104904175,1.8600000143051147,1.8799999952316284,100342300
2025-10-29,1.919999957084656,2.11899995803833,1.75,1.9700000286102293,6063000
2025-10-30,1.7599999904632568,1.830000042915344,1.7200000286102295,1.7999999523162842,1758000
2025-10-31,2.0,2.0999999046325684,1.7400000095367432,1.7599999904632568,2110100
2025-11-03,1.830000042915344,2.0480000972747803,1.7929999828338623,2.0299999713897705,1577000
2025-11-04,1.7200000286102295,1.7899999618530271,1.659999966621399,1.7899999618530271,1434400
2025-11-05,1.7000000476837158,1.7400000095367432,1.6399999856948853,1.7000000476837158,895800
2025-11-06,1.809999942779541,1.830000042915344,1.6799999475479126,1.7000000476837158,1111100
2025-11-07,1.919999957084656,1.934999942779541,1.7640000581741333,1.809999942779541,947400
2025-11-10,1.940000057220459,2.0199999809265137,1.8799999952316284,1.9299999475479128,618800
2025-11-11,2.0899999141693115,2.109999895095825,1.950000047683716,1.9700000286102293,1791900
2025-11-12,1.9600000381469729,2.0999999046325684,1.945000052452088,2.0899999141693115,1667800
2025-11-13,1.590000033378601,1.9800000190734863,1.590000033378601,1.9299999475479128,2297700
2025-11-14,1.4900000095367432,1.565000057220459,1.475000023841858,1.5499999523162842,1607800
2025-11-17,1.3600000143051147,1.4800000190734863,1.3550000190734863,1.4800000190734863,1679300
2025-11-18,1.399999976158142,1.4299999475479126,1.350000023841858,1.3700000047683716,934900
2025-11-19,1.3799999952316284,1.4700000286102295,1.375,1.409999966621399,767400
2025-11-20,1.309999942779541,1.4600000381469729,1.309999942779541,1.3899999856948853,1001200
2025-11-21,1.440000057220459,1.4450000524520874,1.3200000524520874,1.3200000524520874,756400
2025-11-24,1.559999942779541,1.600000023841858,1.4199999570846558,1.440000057220459,1033000
2025-11-25,1.7000000476837158,1.7400000095367432,1.5800000429153442,1.5800000429153442,763200
2025-11-26,1.6299999952316284,1.715000033378601,1.6100000143051147,1.7000000476837158,676400
2025-11-28,1.6200000047683716,1.6799999475479126,1.6200000047683716,1.6299999952316284,378500
2025-12-01,1.7599999904632568,1.784999966621399,1.5700000524520874,1.5700000524520874,1645100
2025-12-02,1.75,1.8600000143051147,1.7079999446868896,1.75,1027400
2025-12-03,1.8899999856948853,1.937000036239624,1.75,1.7799999713897705,745500
2025-12-04,2.140000104904175,2.1600000858306885,1.850000023841858,1.8799999952316284,994800
2025-12-05,2.009999990463257,2.1700000762939453,2.0,2.130000114440918,876200
2025-12-08,2.039999961853028,2.184999942779541,1.9600000381469729,2.009999990463257,786400
2025-12-09,2.3299999237060547,2.4600000381469727,2.0199999809265137,2.0199999809265137,2553700
2025-12-10,2.4600000381469727,2.5,2.25,2.299999952316284,1650000
2025-12-11,2.509999990463257,2.5299999713897705,2.369999885559082,2.470000028610229,953900
2025-12-12,2.5299999713897705,2.6600000858306885,2.490000009536743,2.5299999713897705,1026000
2025-12-15,2.549999952316284,2.5999999046325684,2.494999885559082,2.5,954600
2025-12-16,2.4800000190734863,2.6050000190734863,2.430000066757202,2.539999961853028,1005700
2025-12-17,2.539999961853028,2.609999895095825,2.470000028610229,2.490000009536743,866600
2025-12-18,2.5199999809265137,2.650000095367432,2.490000009536743,2.539999961853028,555000
2025-12-19,2.5999999046325684,2.5999999046325684,2.369999885559082,2.5,1812500
2025-12-22,2.380000114440918,2.569999933242798,2.3299999237060547,2.569999933242798,722500
2025-12-23,2.220000028610229,2.369999885559082,2.1600000858306885,2.3399999141693115,740500
2025-12-24,2.2799999713897705,2.2799999713897705,2.190000057220459,2.220000028610229,172400
2025-12-26,2.220000028610229,2.299999952316284,2.164999961853028,2.2799999713897705,260200
2025-12-29,2.2300000190734863,2.265000104904175,2.1700000762939453,2.220000028610229,367600
2025-12-30,2.2799999713897705,2.3499999046325684,2.240000009536743,2.25,430600
2025-12-31,2.2100000381469727,2.3299999237060547,2.190000057220459,2.259999990463257,482800
2026-01-02,2.299999952316284,2.33899998664856,2.174999952316284,2.240000009536743,285200
2026-01-05,2.240000009536743,2.3299999237060547,2.190000057220459,2.299999952316284,459200
2026-01-06,2.3299999237060547,2.390000104904175,2.2070000171661377,2.240000009536743,453400
2026-01-07,2.2100000381469727,2.3399999141693115,2.190000057220459,2.3399999141693115,379300
2026-01-08,2.0999999046325684,2.2320001125335693,2.069999933242798,2.190000057220459,424100
2026-01-09,2.039999961853028,2.119999885559082,1.9800000190734863,2.0999999046325684,373300
2026-01-12,1.9900000095367432,2.039999961853028,1.924999952316284,2.039999961853028,252800
2026-01-13,1.950000047683716,2.0,1.919999957084656,1.9900000095367432,297400
2026-01-14,2.0,2.0290000438690186,1.940000057220459,1.940000057220459,392300
2026-01-15,1.830000042915344,2.005000114440918,1.820000052452088,2.0,452400
2026-01-16,1.7699999809265137,1.8450000286102293,1.7599999904632568,1.830000042915344,292800
2026-01-20,1.7699999809265137,1.830000042915344,1.6799999475479126,1.690000057220459,547200
2026-01-21,1.8600000143051147,1.866000056266785,1.7649999856948853,1.7799999713897705,234600
2026-01-22,1.909999966621399,1.9600000381469729,1.8600000143051147,1.870000004768372,269600
2026-01-23,1.850000023841858,1.909999966621399,1.850000023841858,1.909999966621399,152400
2026-01-26,1.7899999618530271,1.914999961853028,1.7799999713897705,1.850000023841858,232400
2026-01-27,1.75,1.7949999570846558,1.7400000095367432,1.7699999809265137,233700
2026-01-28,1.7599999904632568,1.7949999570846558,1.7300000190734863,1.75,247800
2026-01-29,1.7200000286102295,1.7699999809265137,1.6749999523162842,1.7699999809265137,172300
2026-01-30,1.6399999856948853,1.7350000143051147,1.625,1.7200000286102295,387600
2026-02-02,1.6299999952316284,1.7300000190734863,1.6150000095367432,1.6200000047683716,427500
2026-02-03,1.5499999523162842,1.6799999475479126,1.5099999904632568,1.6299999952316284,618900
2026-02-04,1.5,1.6200000047683716,1.4500000476837158,1.5800000429153442,529800
2026-02-05,1.4500000476837158,1.4900000095367432,1.4450000524520874,1.4600000381469729,364700
2026-02-06,1.5,1.5099999904632568,1.4500000476837158,1.4800000190734863,348700
2026-02-09,1.5399999618530271,1.5499999523162842,1.434999942779541,1.4900000095367432,318500
2026-02-10,1.4500000476837158,1.5579999685287476,1.4500000476837158,1.5399999618530271,347400
2026-02-11,1.4500000476837158,1.4800000190734863,1.375,1.4800000190734863,382300
2026-02-12,1.4199999570846558,1.4600000381469729,1.3899999856948853,1.4600000381469729,285800
2026-02-13,1.4700000286102295,1.5149999856948853,1.4119999408721924,1.4299999475479126,250600
2026-02-17,1.4900000095367432,1.5199999809265137,1.4600000381469729,1.5,271700
2026-02-18,1.4199999570846558,1.4900000095367432,1.409999966621399,1.4900000095367432,466800
2026-02-19,1.4199999570846558,1.4600000381469729,1.4199999570846558,1.4500000476837158,238600
2026-02-20,1.5049999952316284,1.5099999904632568,1.4149999618530271,1.4299999475479126,270200
2026-02-23,1.4800000190734863,1.5549999475479126,1.4500000476837158,1.5,412000
2026-02-24,1.5099999904632568,1.5399999618530271,1.4800000190734863,1.4900000095367432,213700
2026-02-25,1.6299999952316284,1.659999966621399,1.5199999809265137,1.5199999809265137,640000
2026-02-26,1.6399999856948853,1.6799999475479126,1.534999966621399,1.6399999856948853,493600
2026-02-27,1.5800000429153442,1.6799999475479126,1.5700000524520874,1.600000023841858,312300
2026-03-02,1.524999976158142,1.649999976158142,1.409999966621399,1.5399999618530271,692200
2026-03-03,1.5299999713897705,1.5399999618530271,1.4450000524520874,1.5,377500
2026-03-04,1.440000057220459,1.600000023841858,1.4199999570846558,1.5399999618530271,580100
2026-03-05,1.6100000143051147,1.7699999809265137,1.4500000476837158,1.4500000476837158,1799400
2026-03-06,2.0199999809265137,2.1600000858306885,1.559999942779541,1.559999942779541,4481500
2026-03-09,1.820000052452088,1.9299999475479128,1.7699999809265137,1.9299999475479128,997700
2026-03-10,1.784999966621399,1.840000033378601,1.7300000190734863,1.809999942779541,670500
2026-03-11,1.7949999570846558,1.820000052452088,1.7339999675750732,1.7599999904632568,238300
2026-03-12,1.7799999713897705,1.7999999523162842,1.6950000524520874,1.7599999904632568,348600
2026-03-13,1.6799999475479126,1.847000002861023,1.6200000047683716,1.7599999904632568,535800
2026-03-16,1.6100000143051147,1.725000023841858,1.600000023841858,1.690000057220459,466900
2026-03-17,1.6200000047683716,1.649999976158142,1.590000033378601,1.6100000143051147,270600
2026-03-18,1.4800000190734863,1.6200000047683716,1.4600000381469729,1.6200000047683716,785500
2026-03-19,1.3899999856948853,1.5399999618530271,1.3700000047683716,1.4600000381469729,602300
2026-03-20,1.3600000143051147,1.4500000476837158,1.309999942779541,1.399999976158142,632200
2026-03-23,1.3899999856948853,1.4229999780654907,1.350000023841858,1.409999966621399,624100
2026-03-24,1.309999942779541,1.399999976158142,1.3049999475479126,1.3799999952316284,357300
2026-03-25,1.2999999523162842,1.3600000143051147,1.2799999713897705,1.3200000524520874,690800
2026-03-26,1.2400000095367432,1.3200000524520874,1.2300000190734863,1.2799999713897705,496200
2026-03-27,1.1699999570846558,1.2549999952316284,1.1399999856948853,1.25,841800
2026-03-30,1.1799999475479126,1.2100000381469729,1.1299999952316284,1.159999966621399,530000
2026-03-31,1.2899999618530271,1.3550000190734863,1.2000000476837158,1.2000000476837158,416200
2026-04-01,1.2799999713897705,1.350000023841858,1.25,1.2699999809265137,183100
2026-04-02,1.3300000429153442,1.340000033378601,1.2400000095367432,1.2599999904632568,178800
2026-04-06,1.3600000143051147,1.4049999713897705,1.2999999523162842,1.340000033378601,225800
2026-04-07,1.2799999713897705,1.350000023841858,1.2699999809265137,1.350000023841858,131100
2026-04-08,1.2899999618530271,1.399999976158142,1.2799999713897705,1.3700000047683716,141800
2026-04-09,1.3600000143051147,1.375,1.2350000143051147,1.2899999618530271,260500
2026-04-10,1.3700000047683716,1.4049999713897705,1.340000033378601,1.3600000143051147,193600
2026-04-13,1.440000057220459,1.4450000524520874,1.350000023841858,1.3600000143051147,146200
2026-04-14,1.4199999570846558,1.5099999904632568,1.399999976158142,1.440000057220459,256500
2026-04-15,1.5,1.5099999904632568,1.409999966621399,1.4299999475479126,365500
2026-04-16,1.4600000381469729,1.600000023841858,1.440000057220459,1.600000023841858,262700
2026-04-17,1.4700000286102295,1.5299999713897705,1.4600000381469729,1.5,262700
2026-04-20,1.4199999570846558,1.5149999856948853,1.399999976158142,1.4700000286102295,352700
2026-04-21,1.3300000429153442,1.4450000524520874,1.309999942779541,1.4199999570846558,436700
2026-04-22,1.2999999523162842,1.3700000047683716,1.2899999618530271,1.340000033378601,1045000
2026-04-23,1.2799999713897705,1.2999999523162842,1.2549999952316284,1.2999999523162842,228800
2026-04-24,1.2699999809265137,1.2799999713897705,1.2300000190734863,1.2699999809265137,264900
2026-04-27,1.2799999713897705,1.2999999523162842,1.258999943733215,1.2699999809265137,325000
2026-04-28,1.2300000190734863,1.2799999713897705,1.2100000381469729,1.2799999713897705,470200
2026-04-29,1.2000000476837158,1.2599999904632568,1.1799999475479126,1.2100000381469729,1075400
2026-04-30,1.2799999713897705,1.3200000524520874,1.1799999475479126,1.1799999475479126,738400
2026-05-01,1.350000023841858,1.4500000476837158,1.2799999713897705,1.2899999618530271,1078400
2026-05-04,1.3300000429153442,1.4299999475479126,1.3200000524520874,1.340000033378601,694200
2026-05-05,1.2699999809265137,1.350000023841858,1.2400000095367432,1.340000033378601,717000
2026-05-06,1.2899999618530271,1.3049999475479126,1.25,1.2699999809265137,610000
2026-05-07,1.2699999809265137,1.3650000095367432,1.2599999904632568,1.2899999618530271,400500
2026-05-08,1.2599999904632568,1.3009999990463257,1.2200000286102295,1.2699999809265137,605900
2026-05-11,1.2999999523162842,1.2999999523162842,1.2100000381469729,1.2599999904632568,887900
2026-05-12,1.2899999618530271,1.3300000429153442,1.2599999904632568,1.2899999618530271,311500
2026-05-13,1.3300000429153442,1.3450000286102295,1.25,1.2799999713897705,282200
2026-05-14,1.340000033378601,1.3550000190734863,1.2899999618530271,1.309999942779541,406000
2026-05-15,1.2699999809265137,1.3300000429153442,1.25,1.3300000429153442,275300
2026-05-18,1.309999942779541,1.309999942779541,1.2649999856948853,1.2699999809265137,247800
2026-05-19,1.340000033378601,1.3600000143051147,1.2799999713897705,1.2999999523162842,210600
2026-05-20,1.5399999618530271,1.5549999475479126,1.3380000591278076,1.340000033378601,1053400
2026-05-21,1.5399999618530271,1.559999942779541,1.4600000381469729,1.5199999809265137,562900
2026-05-22,1.5499999523162842,1.628999948501587,1.5399999618530271,1.5499999523162842,309800
2026-05-26,1.5700000524520874,1.5750000476837158,1.5,1.5499999523162842,478400
2026-05-27,1.5399999618530271,1.6100000143051147,1.5199999809265137,1.5800000429153442,330300
2026-05-28,1.6799999475479126,1.690000057220459,1.5099999904632568,1.5499999523162842,299000
2026-05-29,1.649999976158142,1.7050000429153442,1.6349999904632568,1.6699999570846558,290500
2026-06-01,1.590000033378601,1.715000033378601,1.5399999618530271,1.6349999904632568,551500
2026-06-02,1.6100000143051147,1.6540000438690186,1.5700000524520874,1.5700000524520874,201800
2026-06-03,1.5199999809265137,1.6100000143051147,1.4900000095367432,1.5800000429153442,408600
2026-06-04,1.6200000047683716,1.6399999856948853,1.4700000286102295,1.5199999809265137,165400
2026-06-05,1.5299999713897705,1.6200000047683716,1.4900000095367432,1.6200000047683716,154000
2026-06-08,1.4900000095367432,1.5499999523162842,1.4900000095367432,1.5399999618530271,107100
2026-06-09,1.5299999713897705,1.565000057220459,1.4500000476837158,1.4800000190734863,276500
2026-06-10,1.4299999475479126,1.5640000104904177,1.4299999475479126,1.5,340700
2026-06-11,1.4199999570846558,1.440000057220459,1.350000023841858,1.4199999570846558,303200
2026-06-12,1.3700000047683716,1.5080000162124634,1.3700000047683716,1.4700000286102295,226100
2026-06-15,1.2799999713897705,1.3899999856948853,1.2200000286102295,1.3899999856948853,751300
2026-06-16,1.25,1.3300000429153442,1.2400000095367432,1.2999999523162842,610600
2026-06-17,1.25,1.2899999618530271,1.2300000190734863,1.2300000190734863,293300
2026-06-18,1.2799999713897705,1.3200000524520874,1.2400000095367432,1.2699999809265137,619900
2026-06-22,1.2699999809265137,1.2899999618530271,1.2300000190734863,1.2899999618530271,452200
2026-06-23,1.2799999713897705,1.2999999523162842,1.25,1.25,399800
2026-06-24,1.3899999856948853,1.4199999570846558,1.2599999904632568,1.2599999904632568,571800
2026-06-25,1.25,1.440000057220459,1.2300000190734863,1.409999966621399,629100
2026-06-26,1.25,1.340000033378601,1.2400000095367432,1.25,4121900
2026-06-29,1.3300000429153442,1.3600000143051147,1.2400000095367432,1.2899999618530271,665100
2026-06-30,1.2999999523162842,1.3450000286102295,1.2300000190734863,1.2999999523162842,372400
2026-07-01,1.4700000286102295,1.4950000047683716,1.2999999523162842,1.2999999523162842,357300
2026-07-02,1.3899999856948853,1.5399999618530271,1.3899999856948853,1.4600000381469729,294700
2026-07-06,1.4800000190734863,1.5199999809265137,1.3869999647140503,1.399999976158142,197500
2026-07-07,1.5299999713897705,1.5499999523162842,1.440999984741211,1.4700000286102295,204300
2026-07-08,1.4500000476837158,1.5299999713897705,1.4199999570846558,1.4800000190734863,234400
2026-07-09,1.4700000286102295,1.4800000190734863,1.4149999618530271,1.4600000381469729,228300
2026-07-10,1.5399999618530271,1.5499999523162842,1.4299999475479126,1.4600000381469729,206600
2026-07-13,1.4600000381469729,1.6050000190734863,1.440000057220459,1.5399999618530271,269800
2026-07-14,1.4800000190734863,1.4900000095367432,1.399999976158142,1.4500000476837158,191600
2026-07-15,1.440000057220459,1.5099999904632568,1.4299999475479126,1.4800000190734863,112100
2026-07-16,1.4500000476837158,1.5449999570846558,1.399999976158142,1.4299999475479126,181200
2026-07-17,1.399999976158142,1.4800000190734863,1.3600000143051147,1.4199999570846558,108300
2026-07-20,1.3550000190734863,1.3899999856948853,1.3450000286102295,1.3899999856948853,171400
2026-07-21,1.2699999809265137,1.3450000286102295,1.2100000381469729,1.340000033378601,414000
2026-07-22,1.2100000381469729,1.2799999713897705,1.2100000381469729,1.2599999904632568,220800
2026-07-23,1.2200000286102295,1.225000023841858,1.1699999570846558,1.2100000381469729,281800
2026-07-24,1.1699999570846558,1.2400000095367432,1.1699999570846558,1.2200000286102295,238600
2026-07-27,1.2200000286102295,1.2599999904632568,1.1799999475479126,1.1799999475479126,247400
2026-07-28,1.25,1.3049999475479126,1.2200000286102295,1.2300000190734863,246300
2026-07-29,1.25,1.2799999713897705,1.2200000286102295,1.2699999809265137,231100
2026-07-30,1.6100000143051147,1.809999942779541,1.3250000476837158,1.399999976158142,4804600
2026-07-31,1.6299999952316284,1.850000023841858,1.5099999904632568,1.600000023841858,1681800
2026-08-03,2.119999885559082,2.1449999809265137,1.649999976158142,1.6699999570846558,2213600
2026-08-04,2.059999942779541,2.130000114440918,1.950000047683716,2.108999967575073,1060600
2026-08-05,1.9800000190734863,2.0299999713897705,1.870000004768372,2.0199999809265137,558300
2026-08-06,2.049999952316284,2.2100000381469727,1.924999952316284,1.950000047683716,806200
2026-08-07,2.039999961853028,2.0999999046325684,2.009999990463257,2.069999933242798,447100
2026-08-10,2.2799999713897705,2.365000009536743,2.0299999713897705,2.0299999713897705,1402800
2026-08-11,2.259999990463257,2.430000066757202,2.20199990272522,2.259999990463257,743600
2026-08-12,2.289999961853028,2.3399999141693115,2.250999927520752,2.2799999713897705,417100
2026-08-13,2.1600000858306885,2.3499999046325684,2.140000104904175,2.2699999809265137,573800
2026-08-14,2.4200000762939453,2.484999895095825,2.1600000858306885,2.190000057220459,867200
2026-08-17,2.2300000190734863,2.4200000762939453,2.164999961853028,2.390000104904175,440100
2026-08-18,2.259999990463257,2.390000104904175,2.200000047683716,2.200000047683716,253900
2026-08-19,2.309999942779541,2.365000009536743,2.240000009536743,2.259999990463257,336800
2026-08-20,2.299999952316284,2.390000104904175,2.2799999713897705,2.2799999713897705,395400
2026-08-21,2.259999990463257,2.3499999046325684,2.194999933242798,2.299999952316284,610100
2026-08-24,2.2799999713897705,2.3499999046325684,2.2100000381469727,2.240000009536743,393800
2026-08-25,2.5,2.5199999809265137,2.2790000438690186,2.289999961853028,581700
2026-08-26,2.5,2.5899999141693115,2.369999885559082,2.539999961853028,312700
2026-08-27,2.4200000762939453,2.5850000381469727,2.4100000858306885,2.5,268600
2026-08-28,2.380000114440918,2.51200008392334,2.380000114440918,2.4200000762939453,277200
2026-08-31,2.380000114440918,2.390000104904175,2.2950000762939453,2.3399999141693115,320000
2026-09-01,2.240000009536743,2.430000066757202,2.2300000190734863,2.259999990463257,524800
2026-09-02,2.2799999713897705,2.434999942779541,2.240000009536743,2.240000009536743,407400
2026-09-03,2.259999990463257,2.3299999237060547,2.25,2.2699999809265137,284100
2026-09-04,2.2100000381469727,2.299999952316284,2.190000057220459,2.259999990463257,220400
2026-09-08,2.0799999237060547,2.194999933242798,2.069999933242798,2.180000066757202,307800
2026-09-09,1.9800000190734863,2.1600000858306885,1.9800000190734863,2.119999885559082,451900
2026-09-10,1.850000023841858,1.909999966621399,1.815000057220459,1.899999976158142,479300
2026-09-11,1.850000023841858,2.005000114440918,1.815000057220459,1.940000057220459,204900
2026-09-14,1.9700000286102293,2.0,1.830000042915344,1.830000042915344,292800
2026-09-15,1.909999966621399,1.9900000095367432,1.909999966621399,1.940000057220459,228800
2026-09-16,1.950000047683716,2.0350000858306885,1.878999948501587,2.0350000858306885,232200
2026-09-17,1.9800000190734863,2.0199999809265137,1.9700000286102293,2.0,264000
2026-09-18,2.069999933242798,2.075000047683716,1.9900000095367432,1.9900000095367432,430000
2026-09-21,1.9900000095367432,2.0799999237060547,1.934999942779541,2.069999933242798,367500
2026-09-22,2.059999942779541,2.08899998664856,1.9800000190734863,1.9900000095367432,220400
2026-09-23,2.0,2.059999942779541,1.995000004768372,2.059999942779541,128000
2026-09-24,1.899999976158142,2.049999952316284,1.883000016212464,2.0,165700
2026-09-25,1.909999966621399,1.9900000095367432,1.899999976158142,1.9800000190734863,304400
2026-09-28,1.9600000381469729,1.995000004768372,1.8650000095367432,1.909999966621399,202000
2026-09-29,1.9800000190734863,2.0,1.945000052452088,1.9600000381469729,253900
2026-09-30,1.909999966621399,1.9900000095367432,1.899999976158142,1.940000057220459,250900
2026-10-01,1.909999966621399,1.9299999475479128,1.870000004768372,1.8899999856948853,166800
2026-10-02,1.830000042915344,1.9299999475479128,1.825000047683716,1.919999957084656,175000
2026-10-05,1.8799999952316284,1.9229999780654907,1.7949999570846558,1.850000023841858,283700
2026-10-06,1.7799999713897705,1.934999942779541,1.7699999809265137,1.899999976158142,201300
2026-10-07,1.840000033378601,1.9049999713897705,1.75,1.75,379700
2026-10-08,1.809999942779541,1.840000033378601,1.774999976158142,1.840000033378601,229200
2026-10-09,1.840000033378601,1.899999976158142,1.809999942779541,1.809999942779541,204400
