,Close,High,Low,Open,Volume
2021-08-25,12.0,15.140000343322754,11.5,12.5,338900
2021-08-26,11.9399995803833,12.565999984741213,11.65999984741211,12.449999809265137,272700
2021-08-27,12.920000076293944,14.0,11.869999885559082,12.010000228881836,449600
2021-08-30,12.479999542236328,12.98799991607666,12.25,12.9399995803833,445900
2021-08-31,12.489999771118164,13.324999809265137,12.15999984741211,13.0600004196167,585900
2021-09-01,12.229999542236328,12.767000198364258,12.199999809265137,12.489999771118164,886100
2021-09-02,12.489999771118164,12.56999969482422,12.100000381469728,12.390000343322754,1013400
2021-09-03,14.0600004196167,14.932000160217283,12.28499984741211,12.5,829300
2021-09-07,12.43000030517578,14.489999771118164,12.31999969482422,14.289999961853027,478400
2021-09-08,12.479999542236328,12.960000038146973,12.199999809265137,12.25,190200
2021-09-09,12.43000030517578,13.149999618530272,12.359999656677246,12.670000076293944,243500
2021-09-10,12.4399995803833,12.65999984741211,12.199999809265137,12.65999984741211,195200
2021-09-13,12.4399995803833,12.614999771118164,11.9399995803833,12.359999656677246,173700
2021-09-14,12.75,13.010000228881836,12.4399995803833,12.649999618530272,274400
2021-09-15,13.06999969482422,13.329999923706056,12.6899995803833,12.6899995803833,658300
2021-09-16,13.68000030517578,13.949999809265137,12.899999618530272,13.279999732971191,751700
2021-09-17,13.699999809265137,13.989999771118164,13.369999885559082,13.789999961853027,647400
2021-09-20,13.010000228881836,13.460000038146973,12.859999656677246,13.369999885559082,1058200
2021-09-21,12.960000038146973,13.350000381469728,12.885000228881836,13.079999923706056,1020400
2021-09-22,13.0,13.239999771118164,12.779999732971191,12.90999984741211,461000
2021-09-23,13.40999984741211,13.739999771118164,13.020000457763672,13.020000457763672,132800
2021-09-24,12.970000267028809,13.350000381469728,12.859999656677246,13.210000038146973,201400
2021-09-27,13.029999732971191,13.329999923706056,12.807000160217283,12.989999771118164,248000
2021-09-28,12.829999923706056,12.93000030517578,12.760000228881836,12.8100004196167,115700
2021-09-29,12.600000381469728,12.989999771118164,12.529999732971191,12.770000457763672,102700
2021-09-30,13.020000457763672,13.140000343322754,12.239999771118164,12.350000381469728,574800
2021-10-01,13.460000038146973,13.970000267028809,13.0600004196167,13.0600004196167,568400
2021-10-04,13.489999771118164,13.829999923706056,13.220000267028809,13.260000228881836,356300
2021-10-05,13.140000343322754,13.520000457763672,13.020000457763672,13.489999771118164,570300
2021-10-06,12.56999969482422,13.039999961853027,12.350000381469728,13.010000228881836,270400
2021-10-07,12.739999771118164,12.81999969482422,12.529999732971191,12.56999969482422,593900
2021-10-08,12.739999771118164,12.9399995803833,12.43000030517578,12.760000228881836,89300
2021-10-11,12.43000030517578,12.75,12.329999923706056,12.59000015258789,158200
2021-10-12,11.989999771118164,12.385000228881836,11.899999618530272,12.329999923706056,396400
2021-10-13,11.890000343322754,12.0,11.4399995803833,11.899999618530272,208200
2021-10-14,12.15999984741211,12.31999969482422,11.69499969482422,11.779999732971191,435100
2021-10-15,12.15999984741211,12.390000343322754,12.130000114440918,12.199999809265137,286300
2021-10-18,11.75,12.149999618530272,11.539999961853027,12.100000381469728,587100
2021-10-19,11.75,12.0,11.484999656677246,11.710000038146973,322900
2021-10-20,11.93000030517578,12.1899995803833,11.649999618530272,11.779999732971191,150700
2021-10-21,12.029999732971191,12.119999885559082,11.890000343322754,11.970000267028809,458800
2021-10-22,12.18000030517578,12.289999961853027,11.90999984741211,12.0,223000
2021-10-25,11.989999771118164,12.3100004196167,11.970000267028809,12.140000343322754,94900
2021-10-26,12.029999732971191,12.18000030517578,11.81999969482422,12.100000381469728,128700
2021-10-27,12.880000114440918,13.050000190734863,12.039999961853027,12.270000457763672,434900
2021-10-28,12.979999542236328,13.59000015258789,12.864999771118164,12.880000114440918,407600
2021-10-29,13.130000114440918,13.25,12.600000381469728,12.979999542236328,340700
2021-11-01,13.75,13.859999656677246,13.130000114440918,13.170000076293944,480800
2021-11-02,14.020000457763672,14.289999961853027,13.75,13.829999923706056,521000
2021-11-03,13.770000457763672,14.739999771118164,13.498000144958496,14.0600004196167,870500
2021-11-04,13.09000015258789,13.770000457763672,12.300000190734863,13.75,1309800
2021-11-05,13.529999732971191,13.609999656677246,12.720000267028809,13.380000114440918,1161200
2021-11-08,13.119999885559082,14.479999542236328,12.420000076293944,13.93000030517578,2846000
2021-11-09,12.449999809265137,13.489999771118164,12.220000267028809,13.15999984741211,345100
2021-11-10,12.350000381469728,13.010000228881836,12.270000457763672,12.4399995803833,355700
2021-11-11,10.18000030517578,11.90999984741211,9.9399995803833,11.899999618530272,3113400
2021-11-12,10.68000030517578,11.18000030517578,10.59000015258789,10.609999656677246,851200
2021-11-15,10.989999771118164,11.100000381469728,10.710000038146973,10.729999542236328,413100
2021-11-16,10.899999618530272,11.31999969482422,10.5600004196167,11.119999885559082,640800
2021-11-17,10.899999618530272,11.15999984741211,10.699999809265137,10.710000038146973,693200
2021-11-18,10.029999732971191,10.939000129699709,9.93000030517578,10.880000114440918,1003500
2021-11-19,10.09000015258789,10.18000030517578,9.739999771118164,10.0,1231900
2021-11-22,9.81999969482422,10.350000381469728,9.729999542236328,10.279999732971191,685100
2021-11-23,9.369999885559082,9.68000030517578,8.8100004196167,9.600000381469728,520100
2021-11-24,9.850000381469728,10.0600004196167,9.149999618530272,9.329999923706056,481100
2021-11-26,9.34000015258789,9.890000343322754,9.229999542236328,9.550000190734863,193700
2021-11-29,9.880000114440918,10.010000228881836,9.204999923706056,9.350000381469728,1014700
2021-11-30,10.529999732971191,10.59000015258789,10.029999732971191,10.220000267028809,2143900
2021-12-01,10.81999969482422,11.0,10.489999771118164,10.56999969482422,813900
2021-12-02,10.140000343322754,10.880000114440918,9.989999771118164,10.81999969482422,567900
2021-12-03,9.81999969482422,10.1899995803833,9.510000228881836,10.06999969482422,465000
2021-12-06,10.170000076293944,10.43000030517578,9.5600004196167,9.880000114440918,966400
2021-12-07,10.979999542236328,11.140000343322754,10.239999771118164,10.239999771118164,972500
2021-12-08,11.15999984741211,11.59000015258789,10.960000038146973,10.979999542236328,644100
2021-12-09,11.109999656677246,11.279999732971191,10.9399995803833,11.130000114440918,584900
2021-12-10,11.130000114440918,11.59000015258789,11.050000190734863,11.109999656677246,653800
2021-12-13,11.31999969482422,11.5600004196167,10.829999923706056,11.170000076293944,521000
2021-12-14,11.4399995803833,11.529999732971191,11.038999557495115,11.15999984741211,542200
2021-12-15,11.4399995803833,11.9399995803833,11.350000381469728,11.479999542236328,1699400
2021-12-16,10.9399995803833,11.850000381469728,10.9399995803833,11.43000030517578,1638700
2021-12-17,10.140000343322754,11.020000457763672,9.989999771118164,11.0,5901800
2021-12-20,9.380000114440918,10.079999923706056,9.34000015258789,9.994999885559082,958800
2021-12-21,9.949999809265137,10.31999969482422,9.420000076293944,9.609999656677246,647500
2021-12-22,9.739999771118164,10.109999656677246,9.649999618530272,9.84000015258789,203400
2021-12-23,10.100000381469728,10.140000343322754,9.800000190734863,9.829999923706056,209400
2021-12-27,10.199999809265137,10.600000381469728,9.949999809265137,10.09000015258789,262300
2021-12-28,9.550000190734863,10.109999656677246,9.524999618530272,10.09000015258789,508100
2021-12-29,9.56999969482422,9.760000228881836,9.220000267028809,9.550000190734863,518700
2021-12-30,9.850000381469728,10.079999923706056,9.520000457763672,9.529999732971191,414000
2021-12-31,9.68000030517578,9.960000038146973,9.619999885559082,9.779999732971191,207900
2022-01-03,9.579999923706056,9.829999923706056,9.4399995803833,9.699999809265137,390000
2022-01-04,9.15999984741211,9.600000381469728,8.930000305175781,9.5600004196167,738800
2022-01-05,8.149999618530273,9.199999809265137,8.140000343322754,9.170000076293944,1111500
2022-01-06,8.1899995803833,8.270000457763672,7.380000114440918,8.079999923706055,2179400
2022-01-07,7.659999847412109,8.25,7.489999771118164,8.210000038146973,2521800
2022-01-10,7.25,7.559999942779541,7.105000019073486,7.519999980926514,821000
2022-01-11,8.130000114440918,8.239999771118164,7.300000190734863,7.369999885559082,1324900
2022-01-12,8.1899995803833,8.779999732971191,8.135000228881836,8.199999809265137,1082900
2022-01-13,7.949999809265137,8.34000015258789,7.690000057220459,8.25,805600
2022-01-14,7.889999866485596,8.119999885559082,7.75,7.800000190734863,1131400
2022-01-18,7.5,7.744999885559082,7.130000114440918,7.650000095367432,1075100
2022-01-19,7.480000019073486,7.71999979019165,7.150000095367432,7.579999923706055,643000
2022-01-20,7.579999923706055,8.010000228881836,7.539999961853027,7.590000152587891,755000
2022-01-21,7.110000133514404,7.829999923706055,7.050000190734863,7.71999979019165,1144300
2022-01-24,7.010000228881836,7.019999980926514,6.599999904632568,6.860000133514404,1123000
2022-01-25,7.010000228881836,7.159999847412109,6.769999980926514,6.769999980926514,669000
2022-01-26,7.420000076293945,7.679999828338623,7.090000152587891,7.170000076293945,998200
2022-01-27,6.920000076293945,7.670000076293945,6.809999942779541,7.460000038146973,1351000
2022-01-28,6.989999771118164,6.989999771118164,6.53000020980835,6.960000038146973,967500
2022-01-31,7.679999828338623,7.679999828338623,6.593999862670898,6.960000038146973,653600
2022-02-01,7.860000133514404,7.985000133514404,7.539999961853027,7.739999771118164,539200
2022-02-02,7.760000228881836,7.980000019073486,7.630000114440918,7.96999979019165,414500
2022-02-03,7.670000076293945,7.800000190734863,7.46999979019165,7.46999979019165,605500
2022-02-04,7.940000057220459,7.949999809265137,7.519999980926514,7.599999904632568,343900
2022-02-07,8.050000190734863,8.3100004196167,7.829999923706055,8.0,323200
2022-02-08,8.430000305175781,8.4399995803833,8.039999961853027,8.09000015258789,599600
2022-02-09,9.0,9.050000190734863,8.529999732971191,8.569999694824219,723500
2022-02-10,9.199999809265137,9.710000038146973,8.720000267028809,8.720000267028809,1463300
2022-02-11,8.680000305175781,9.170000076293944,8.550000190734863,9.109999656677246,531900
2022-02-14,8.710000038146973,9.119999885559082,8.670000076293945,8.8100004196167,348700
2022-02-15,8.949999809265137,9.0,8.729999542236328,8.880000114440918,327400
2022-02-16,8.520000457763672,9.06999969482422,8.399999618530273,8.9399995803833,803000
2022-02-17,8.180000305175781,8.800000190734863,8.111000061035156,8.40999984741211,727900
2022-02-18,7.460000038146973,8.229999542236328,7.401999950408935,8.180000305175781,992300
2022-02-22,6.869999885559082,7.355000019073486,6.75,7.269999980926514,1325000
2022-02-23,6.590000152587891,7.054999828338623,6.550000190734863,6.960000038146973,900900
2022-02-24,6.800000190734863,6.840000152587891,6.199999809265137,6.25,3036000
2022-02-25,6.420000076293945,7.010000228881836,6.369999885559082,6.800000190734863,1923700
2022-02-28,6.449999809265137,6.570000171661377,6.320000171661377,6.340000152587891,1321900
2022-03-01,6.400000095367432,6.699999809265137,6.349999904632568,6.409999847412109,931500
2022-03-02,6.360000133514404,6.485000133514404,6.050000190734863,6.409999847412109,677300
2022-03-03,6.119999885559082,6.400000095367432,5.900000095367432,6.369999885559082,652400
2022-03-04,5.800000190734863,6.070000171661377,5.539999961853027,6.050000190734863,845000
2022-03-07,5.869999885559082,6.114999771118164,5.789999961853027,5.800000190734863,1921200
2022-03-08,5.789999961853027,6.0,5.769999980926514,5.860000133514404,1851500
2022-03-09,6.449999809265137,6.519999980926514,5.920000076293945,5.920000076293945,1009100
2022-03-10,6.329999923706055,6.510000228881836,6.210000038146973,6.28000020980835,628000
2022-03-11,6.199999809265137,6.590000152587891,6.150000095367432,6.349999904632568,890400
2022-03-14,6.010000228881836,6.449999809265137,5.929999828338623,6.21999979019165,1223700
2022-03-15,6.230000019073486,6.269999980926514,6.0,6.010000228881836,699700
2022-03-16,6.369999885559082,6.480000019073486,6.210000038146973,6.329999923706055,1630600
2022-03-17,6.639999866485596,6.730000019073486,6.150000095367432,6.25,1976600
2022-03-18,7.010000228881836,7.105000019073486,6.429999828338623,6.550000190734863,2419700
2022-03-21,7.190000057220459,7.46999979019165,6.889999866485596,6.940000057220459,2079800
2022-03-22,6.96999979019165,7.21999979019165,6.78000020980835,7.179999828338623,2137500
2022-03-23,6.429999828338623,6.960000038146973,6.409999847412109,6.860000133514404,582600
2022-03-24,6.300000190734863,6.440000057220459,6.110000133514404,6.400000095367432,836900
2022-03-25,5.510000228881836,5.989999771118164,5.489999771118164,5.5,3280300
2022-03-28,5.789999961853027,5.800000190734863,5.489999771118164,5.5,1291600
2022-03-29,5.929999828338623,6.099999904632568,5.75,5.78000020980835,1929300
2022-03-30,5.510000228881836,5.8480000495910645,5.5,5.840000152587891,1455800
2022-03-31,5.059999942779541,5.619999885559082,5.005000114440918,5.53000020980835,782300
2022-04-01,5.179999828338623,5.239999771118164,4.940000057220459,5.099999904632568,1172700
2022-04-04,5.400000095367432,5.585000038146973,5.159999847412109,5.159999847412109,1013900
2022-04-05,4.809999942779541,5.349999904632568,4.679999828338623,5.349999904632568,2693200
2022-04-06,4.800000190734863,4.820000171661377,4.570000171661377,4.690000057220459,1227800
2022-04-07,4.829999923706055,4.909999847412109,4.639999866485596,4.800000190734863,795800
2022-04-08,4.869999885559082,5.014999866485596,4.510000228881836,4.789999961853027,1055500
2022-04-11,4.820000171661377,4.889999866485596,4.590000152587891,4.769999980926514,804100
2022-04-12,4.800000190734863,5.119999885559082,4.75,4.900000095367432,1188700
2022-04-13,5.039999961853027,5.050000190734863,4.670000076293945,4.800000190734863,687800
2022-04-14,5.079999923706055,5.130000114440918,4.940000057220459,5.050000190734863,895100
2022-04-18,4.96999979019165,5.159999847412109,4.849999904632568,5.019999980926514,495600
2022-04-19,5.199999809265137,5.260000228881836,4.860000133514404,5.0,835500
2022-04-20,5.199999809265137,5.329999923706055,5.070000171661377,5.230000019073486,1466900
2022-04-21,4.690000057220459,5.340000152587891,4.650000095367432,5.289999961853027,717300
2022-04-22,4.760000228881836,4.800000190734863,4.619999885559082,4.639999866485596,649700
2022-04-25,4.920000076293945,4.960000038146973,4.610000133514404,4.690000057220459,954800
2022-04-26,5.079999923706055,5.130000114440918,4.735000133514404,4.849999904632568,858000
2022-04-27,5.019999980926514,5.260000228881836,4.994999885559082,5.079999923706055,922800
2022-04-28,5.03000020980835,5.199999809265137,4.860000133514404,5.070000171661377,1058600
2022-04-29,4.860000133514404,5.239999771118164,4.820000171661377,5.0,611100
2022-05-02,4.829999923706055,4.829999923706055,4.579999923706055,4.820000171661377,696500
2022-05-03,4.730000019073486,4.849999904632568,4.630000114440918,4.829999923706055,908100
2022-05-04,4.869999885559082,4.909999847412109,4.485000133514404,4.690000057220459,530900
2022-05-05,4.429999828338623,4.820000171661377,4.28000020980835,4.820000171661377,680300
2022-05-06,4.360000133514404,4.510000228881836,4.239999771118164,4.380000114440918,645900
2022-05-09,3.9700000286102295,4.28000020980835,3.910000085830689,4.260000228881836,968800
2022-05-10,3.940000057220459,4.130000114440918,3.690000057220459,4.070000171661377,1676400
2022-05-11,3.640000104904175,4.010000228881836,3.549999952316284,3.7799999713897705,2089600
2022-05-12,4.110000133514404,4.199999809265137,3.619999885559082,4.150000095367432,2809400
2022-05-13,4.710000038146973,4.769999980926514,4.179999828338623,4.199999809265137,2564600
2022-05-16,4.75,4.909999847412109,4.570000171661377,4.679999828338623,946700
2022-05-17,4.960000038146973,5.0,4.690000057220459,4.860000133514404,1575100
2022-05-18,5.070000171661377,5.21999979019165,4.960000038146973,4.960000038146973,1291100
2022-05-19,5.21999979019165,5.369999885559082,4.980000019073486,5.03000020980835,1322600
2022-05-20,5.210000038146973,5.429999828338623,5.059999942779541,5.269999980926514,1169100
2022-05-23,5.53000020980835,5.53000020980835,5.110000133514404,5.170000076293945,967000
2022-05-24,5.420000076293945,5.599999904632568,5.335000038146973,5.489999771118164,941700
2022-05-25,5.650000095367432,5.659999847412109,5.420000076293945,5.46999979019165,970500
2022-05-26,5.949999809265137,5.96999979019165,5.599999904632568,5.599999904632568,1334500
2022-05-27,6.210000038146973,6.25,5.980000019073486,5.980000019073486,1633900
2022-05-31,6.010000228881836,6.257999897003174,5.769999980926514,6.190000057220459,2919600
2022-06-01,5.809999942779541,6.260000228881836,5.710000038146973,5.96999979019165,1508200
2022-06-02,6.03000020980835,6.090000152587891,5.829999923706055,5.829999923706055,1130200
2022-06-03,5.949999809265137,6.130000114440918,5.835000038146973,5.909999847412109,737700
2022-06-06,6.260000228881836,6.590000152587891,6.03000020980835,6.119999885559082,2045000
2022-06-07,5.889999866485596,6.170000076293945,5.364999771118164,6.130000114440918,1756100
2022-06-08,5.760000228881836,5.994999885559082,5.599999904632568,5.800000190734863,772400
2022-06-09,5.360000133514404,5.909999847412109,5.34499979019165,5.659999847412109,1067000
2022-06-10,5.159999847412109,5.360000133514404,4.940000057220459,5.199999809265137,864400
2022-06-13,4.860000133514404,5.099999904632568,4.849999904632568,4.989999771118164,1378500
2022-06-14,4.929999828338623,4.960000038146973,4.699999809265137,4.889999866485596,1112200
2022-06-15,5.190000057220459,5.269999980926514,4.929999828338623,5.0,1198400
2022-06-16,4.820000171661377,5.099999904632568,4.730000019073486,5.0,1403100
2022-06-17,5.420000076293945,5.494999885559082,4.789999961853027,4.900000095367432,3603100
2022-06-21,5.329999923706055,5.704999923706055,5.269999980926514,5.46999979019165,1792100
2022-06-22,4.900000095367432,5.480000019073486,4.860000133514404,5.21999979019165,1444700
2022-06-23,5.059999942779541,5.070000171661377,4.769999980926514,4.880000114440918,1853700
2022-06-24,5.139999866485596,5.46999979019165,4.900000095367432,5.139999866485596,14313500
2022-06-27,4.710000038146973,5.190000057220459,4.630000114440918,5.119999885559082,1535100
2022-06-28,4.559999942779541,4.840000152587891,4.550000190734863,4.670000076293945,2126100
2022-06-29,4.380000114440918,4.590000152587891,4.190000057220459,4.510000228881836,1989400
2022-06-30,4.519999980926514,4.53000020980835,4.179999828338623,4.340000152587891,2722100
2022-07-01,4.320000171661377,4.489999771118164,4.110000133514404,4.489999771118164,1167400
2022-07-05,4.639999866485596,4.664999961853027,4.070000171661377,4.210000038146973,1848000
2022-07-06,4.739999771118164,4.820000171661377,4.489999771118164,4.710000038146973,984300
2022-07-07,4.909999847412109,4.920000076293945,4.739999771118164,4.75,925600
2022-07-08,4.909999847412109,4.960000038146973,4.699999809265137,4.840000152587891,779400
2022-07-11,4.610000133514404,4.940000057220459,4.590000152587891,4.809999942779541,535400
2022-07-12,4.599999904632568,4.710000038146973,4.474999904632568,4.619999885559082,470800
2022-07-13,4.800000190734863,4.800000190734863,4.420000076293945,4.5,420500
2022-07-14,4.46999979019165,4.730000019073486,4.454999923706055,4.699999809265137,385500
2022-07-15,4.619999885559082,4.639999866485596,4.409999847412109,4.550000190734863,339100
2022-07-18,4.53000020980835,4.739999771118164,4.449999809265137,4.650000095367432,509900
2022-07-19,4.860000133514404,4.869999885559082,4.590000152587891,4.590000152587891,495500
2022-07-20,5.110000133514404,5.139999866485596,4.829999923706055,4.840000152587891,876600
2022-07-21,5.21999979019165,5.239999771118164,4.980000019073486,5.070000171661377,542500
2022-07-22,4.860000133514404,5.239999771118164,4.829999923706055,5.239999771118164,635200
2022-07-25,4.849999904632568,4.940000057220459,4.744999885559082,4.860000133514404,558600
2022-07-26,4.760000228881836,4.849999904632568,4.494999885559082,4.760000228881836,622500
2022-07-27,5.059999942779541,5.105000019073486,4.75,4.829999923706055,649000
2022-07-28,5.420000076293945,5.460000038146973,5.03000020980835,5.070000171661377,593900
2022-07-29,5.659999847412109,5.710000038146973,5.309999942779541,5.369999885559082,452900
2022-08-01,5.25,5.690000057220459,5.199999809265137,5.550000190734863,748600
2022-08-02,5.420000076293945,5.570000171661377,5.119999885559082,5.170000076293945,400700
2022-08-03,5.730000019073486,5.800000190734863,5.46999979019165,5.480000019073486,531000
2022-08-04,5.590000152587891,5.775000095367432,5.485000133514404,5.690000057220459,539300
2022-08-05,5.71999979019165,5.829999923706055,5.440000057220459,5.510000228881836,663400
2022-08-08,5.460000038146973,5.914999961853027,5.449999809265137,5.789999961853027,590700
2022-08-09,5.190000057220459,5.414999961853027,5.050000190734863,5.349999904632568,435800
2022-08-10,5.539999961853027,5.619999885559082,5.340000152587891,5.389999866485596,511800
2022-08-11,5.610000133514404,5.840000152587891,5.510000228881836,5.599999904632568,787700
2022-08-12,3.819999933242798,4.959000110626221,3.7200000286102295,4.579999923706055,6567100
2022-08-15,3.2799999713897705,3.839999914169312,3.2300000190734863,3.839999914169312,7319300
2022-08-16,3.660000085830689,3.734999895095825,3.220000028610229,3.2699999809265137,6555500
2022-08-17,3.700000047683716,3.799999952316284,3.390000104904175,3.5299999713897705,4441600
2022-08-18,3.7799999713897705,3.809999942779541,3.5,3.559999942779541,2932400
2022-08-19,3.660000085830689,3.7799999713897705,3.289999961853028,3.7799999713897705,4146000
2022-08-22,3.490000009536743,3.694999933242798,3.4600000381469727,3.569999933242798,1709700
2022-08-23,3.4800000190734863,3.5799999237060547,3.430000066757202,3.440000057220459,1038800
2022-08-24,3.5999999046325684,3.670000076293945,3.450000047683716,3.4600000381469727,1060800
2022-08-25,3.569999933242798,3.660000085830689,3.400000095367432,3.5199999809265137,2448400
2022-08-26,3.450000047683716,3.5999999046325684,3.375,3.5,1322000
2022-08-29,3.3499999046325684,3.4749999046325684,3.3299999237060547,3.380000114440918,1318500
2022-08-30,3.2699999809265137,3.450000047683716,3.2300000190734863,3.390000104904175,1487500
2022-08-31,3.2300000190734863,3.3399999141693115,3.140000104904175,3.259999990463257,2623800
2022-09-01,2.809999942779541,3.069999933242798,2.650000095367432,3.069999933242798,5090600
2022-09-02,2.9200000762939453,2.990000009536743,2.700000047683716,2.75,2178900
2022-09-06,2.970000028610229,3.005000114440918,2.9100000858306885,2.930000066757202,2437100
2022-09-07,2.9800000190734863,3.009999990463257,2.869999885559082,2.950000047683716,2104900
2022-09-08,2.950000047683716,2.984999895095825,2.845000028610229,2.950000047683716,1734500
2022-09-09,3.049999952316284,3.0799999237060547,2.9549999237060547,2.9800000190734863,2189700
2022-09-12,3.0899999141693115,3.109999895095825,2.950000047683716,3.009999990463257,2086700
2022-09-13,3.0199999809265137,3.059999942779541,2.9200000762939453,2.970000028610229,1634000
2022-09-14,2.930000066757202,3.005000114440918,2.8499999046325684,2.9800000190734863,2058600
2022-09-15,2.869999885559082,2.970000028610229,2.8299999237060547,2.880000114440918,2478500
2022-09-16,2.7300000190734863,2.809999942779541,2.7149999141693115,2.799999952316284,3754800
2022-09-19,2.5899999141693115,2.7300000190734863,2.539999961853028,2.690000057220459,1972400
2022-09-20,2.539999961853028,2.559999942779541,2.4800000190734863,2.559999942779541,1919400
2022-09-21,2.7100000381469727,2.819999933242798,2.441999912261963,2.450000047683716,6503800
2022-09-22,2.509999990463257,2.694999933242798,2.4549999237060547,2.680000066757202,1297100
2022-09-23,2.3299999237060547,2.444999933242798,2.299999952316284,2.430000066757202,1171300
2022-09-26,2.240000009536743,2.450000047683716,2.194999933242798,2.309999942779541,1366100
2022-09-27,2.3399999141693115,2.430000066757202,2.275000095367432,2.299999952316284,912200
2022-09-28,2.549999952316284,2.575000047683716,2.3499999046325684,2.359999895095825,1310200
2022-09-29,2.3499999046325684,2.5,2.2950000762939453,2.450000047683716,798500
2022-09-30,2.2699999809265137,2.380000114440918,2.259999990463257,2.309999942779541,600200
2022-10-03,2.289999961853028,2.305000066757202,2.2100000381469727,2.289999961853028,812500
2022-10-04,2.4800000190734863,2.559999942779541,2.2799999713897705,2.3499999046325684,1494000
2022-10-05,2.440000057220459,2.450000047683716,2.325000047683716,2.4200000762939453,650900
2022-10-06,2.5,2.5799999237060547,2.4100000858306885,2.4100000858306885,947200
2022-10-07,2.400000095367432,2.470000028610229,2.3299999237060547,2.470000028610229,1332000
2022-10-10,2.470000028610229,2.509999990463257,2.369999885559082,2.4100000858306885,806100
2022-10-11,2.359999895095825,2.470000028610229,2.2850000858306885,2.440000057220459,1028800
2022-10-12,2.319999933242798,2.3550000190734863,2.240000009536743,2.3399999141693115,645000
2022-10-13,2.4800000190734863,2.5,2.2049999237060547,2.2300000190734863,1059200
2022-10-14,2.240000009536743,2.5299999713897705,2.2300000190734863,2.5,12835600
2022-10-17,2.289999961853028,2.369999885559082,2.200000047683716,2.309999942779541,1194600
2022-10-18,2.3399999141693115,2.430000066757202,2.299999952316284,2.3499999046325684,583500
2022-10-19,2.2799999713897705,2.319999933242798,2.220000028610229,2.319999933242798,602300
2022-10-20,2.380000114440918,2.450000047683716,2.259999990463257,2.2699999809265137,657000
2022-10-21,2.549999952316284,2.559999942779541,2.3350000381469727,2.440000057220459,474500
2022-10-24,2.559999942779541,2.5899999141693115,2.4600000381469727,2.559999942779541,464800
2022-10-25,2.7300000190734863,2.7950000762939453,2.615000009536743,2.630000114440918,702500
2022-10-26,2.75,2.859999895095825,2.6600000858306885,2.75,708400
2022-10-27,2.680000066757202,2.7699999809265137,2.6600000858306885,2.7699999809265137,562000
2022-10-28,2.690000057220459,2.75,2.619999885559082,2.700000047683716,897600
2022-10-31,2.75,2.845000028610229,2.6600000858306885,2.680000066757202,2423200
2022-11-01,2.690000057220459,2.8499999046325684,2.680000066757202,2.809999942779541,551900
2022-11-02,2.5299999713897705,2.7300000190734863,2.5199999809265137,2.7300000190734863,514100
2022-11-03,2.440000057220459,2.549999952316284,2.440000057220459,2.5,384600
2022-11-04,2.5299999713897705,2.559999942779541,2.4100000858306885,2.539999961853028,734300
2022-11-07,2.549999952316284,2.559999942779541,2.4600000381469727,2.559999942779541,696900
2022-11-08,2.4800000190734863,2.619999885559082,2.424999952316284,2.609999895095825,569100
2022-11-09,2.400000095367432,2.470000028610229,2.289999961853028,2.470000028610229,917800
2022-11-10,2.630000114440918,2.680000066757202,2.509999990463257,2.539999961853028,1300300
2022-11-11,3.009999990463257,3.200000047683716,2.7100000381469727,2.900000095367432,4586000
2022-11-14,2.880000114440918,3.059999942779541,2.765000104904175,3.0,1694500
2022-11-15,3.009999990463257,3.0850000381469727,2.9049999713897705,2.9800000190734863,1519900
2022-11-16,2.819999933242798,2.950000047683716,2.789999961853028,2.950000047683716,748700
2022-11-17,2.7100000381469727,2.7300000190734863,2.640000104904175,2.7100000381469727,565700
2022-11-18,2.700000047683716,2.7699999809265137,2.619999885559082,2.7699999809265137,452100
2022-11-21,2.690000057220459,2.740000009536743,2.595000028610229,2.680000066757202,803400
2022-11-22,2.490000009536743,2.700000047683716,2.359999895095825,2.700000047683716,783600
2022-11-23,2.509999990463257,2.539999961853028,2.450000047683716,2.4800000190734863,408600
2022-11-25,2.490000009536743,2.505000114440918,2.380000114440918,2.490000009536743,299300
2022-11-28,2.359999895095825,2.490000009536743,2.359999895095825,2.470000028610229,505900
2022-11-29,2.4100000858306885,2.440000057220459,2.299999952316284,2.3499999046325684,999500
2022-11-30,2.430000066757202,2.4549999237060547,2.3299999237060547,2.4200000762939453,1810700
2022-12-01,2.4800000190734863,2.559000015258789,2.430000066757202,2.440000057220459,1422000
2022-12-02,2.4800000190734863,2.5299999713897705,2.4200000762939453,2.430000066757202,784500
2022-12-05,2.3299999237060547,2.5,2.319999933242798,2.4600000381469727,547100
2022-12-06,2.2100000381469727,2.3399999141693115,2.140000104904175,2.3399999141693115,974300
2022-12-07,2.440000057220459,2.4600000381469727,2.184999942779541,2.2100000381469727,1132400
2022-12-08,2.5899999141693115,2.690000057220459,2.400000095367432,2.430000066757202,787700
2022-12-09,2.5,2.6700000762939453,2.4800000190734863,2.539999961853028,521500
2022-12-12,2.559999942779541,2.6700000762939453,2.490000009536743,2.490000009536743,739800
2022-12-13,2.509999990463257,2.75,2.430000066757202,2.700000047683716,885900
2022-12-14,2.380000114440918,2.549999952316284,2.309999942779541,2.5299999713897705,1529900
2022-12-15,2.3499999046325684,2.390000104904175,2.2950000762939453,2.3499999046325684,1964900
2022-12-16,2.289999961853028,2.380000114440918,2.220000028610229,2.309999942779541,2117400
2022-12-19,2.200000047683716,2.319999933242798,2.200000047683716,2.299999952316284,996900
2022-12-20,2.180000066757202,2.259999990463257,2.140000104904175,2.190000057220459,1063800
2022-12-21,2.130000114440918,2.2300000190734863,2.0299999713897705,2.2100000381469727,1924000
2022-12-22,2.220000028610229,2.319999933242798,2.049999952316284,2.0999999046325684,1799300
2022-12-23,2.140000104904175,2.2699999809265137,2.0999999046325684,2.220000028610229,911600
2022-12-27,2.049999952316284,2.140000104904175,2.049999952316284,2.140000104904175,887700
2022-12-28,2.2699999809265137,2.289999961853028,2.0299999713897705,2.059999942779541,1297200
2022-12-29,2.3299999237060547,2.434999942779541,2.2100000381469727,2.240000009536743,1350800
2022-12-30,2.430000066757202,2.450000047683716,2.2699999809265137,2.299999952316284,987400
2023-01-03,2.450000047683716,2.555000066757202,2.359999895095825,2.470000028610229,853800
2023-01-04,2.6600000858306885,2.674999952316284,2.450000047683716,2.490000009536743,499200
2023-01-05,2.690000057220459,2.727999925613404,2.565000057220459,2.630000114440918,442900
2023-01-06,2.7300000190734863,2.75,2.609999895095825,2.7100000381469727,426800
2023-01-09,2.740000009536743,2.7799999713897705,2.680000066757202,2.75,1042400
2023-01-10,2.970000028610229,3.0,2.744999885559082,2.75,1845200
2023-01-11,2.7100000381469727,2.994999885559082,2.6700000762939453,2.970000028610229,1251800
2023-01-12,2.680000066757202,2.765000104904175,2.615000009536743,2.7300000190734863,486100
2023-01-13,2.7699999809265137,2.8299999237060547,2.609999895095825,2.609999895095825,679400
2023-01-17,2.720000028610229,2.845000028610229,2.700000047683716,2.720000028610229,311800
2023-01-18,2.7699999809265137,2.8550000190734863,2.7100000381469727,2.7300000190734863,613400
2023-01-19,2.6600000858306885,2.759999990463257,2.640000104904175,2.740000009536743,343500
2023-01-20,2.869999885559082,2.869999885559082,2.539999961853028,2.650000095367432,1037700
2023-01-23,2.970000028610229,3.009999990463257,2.809999942779541,2.8399999141693115,1391000
2023-01-24,2.869999885559082,2.9800000190734863,2.8350000381469727,2.9200000762939453,513300
2023-01-25,2.890000104904175,2.9100000858306885,2.7249999046325684,2.809999942779541,474200
2023-01-26,2.940000057220459,3.009999990463257,2.869999885559082,2.930000066757202,597000
2023-01-27,2.869999885559082,2.9800000190734863,2.819999933242798,2.930000066757202,1008000
2023-01-30,2.809999942779541,2.900000095367432,2.7699999809265137,2.8299999237060547,512400
2023-01-31,2.9200000762939453,3.006999969482422,2.819999933242798,2.819999933242798,1744900
2023-02-01,3.150000095367432,3.2100000381469727,2.9049999713897705,2.930000066757202,1555200
2023-02-02,3.1700000762939453,3.309999942779541,3.075000047683716,3.259999990463257,1132200
2023-02-03,3.1600000858306885,3.2300000190734863,3.069999933242798,3.119999885559082,709900
2023-02-06,3.0799999237060547,3.2100000381469727,3.009999990463257,3.119999885559082,991400
2023-02-07,2.940000057220459,3.0799999237060547,2.914999961853028,3.0799999237060547,865200
2023-02-08,2.8499999046325684,2.9800000190734863,2.8399999141693115,2.900000095367432,610100
2023-02-09,2.720000028610229,2.900000095367432,2.680000066757202,2.880000114440918,674300
2023-02-10,2.5999999046325684,2.7249999046325684,2.559999942779541,2.6600000858306885,897800
2023-02-13,2.640000104904175,2.75,2.5799999237060547,2.5999999046325684,662500
2023-02-14,2.680000066757202,2.7300000190734863,2.5999999046325684,2.630000114440918,640600
2023-02-15,2.9600000381469727,2.9800000190734863,2.690000057220459,2.690000057220459,2779700
2023-02-16,2.900000095367432,2.970000028610229,2.805000066757202,2.8499999046325684,948700
2023-02-17,2.900000095367432,2.930000066757202,2.789999961853028,2.9100000858306885,586400
2023-02-21,2.6700000762939453,2.865000009536743,2.609999895095825,2.8499999046325684,531500
2023-02-22,2.559999942779541,2.700000047683716,2.5299999713897705,2.6700000762939453,703600
2023-02-23,2.509999990463257,2.615000009536743,2.369999885559082,2.5999999046325684,735100
2023-02-24,2.5799999237060547,2.5899999141693115,2.380000114440918,2.430000066757202,958300
2023-02-27,2.6700000762939453,2.720000028610229,2.5899999141693115,2.630000114440918,560800
2023-02-28,2.5899999141693115,2.7149999141693115,2.565000057220459,2.6700000762939453,1022900
2023-03-01,2.509999990463257,2.650000095367432,2.5,2.5899999141693115,754000
2023-03-02,2.6600000858306885,2.680000066757202,2.450999975204468,2.470000028610229,999000
2023-03-03,2.809999942779541,2.815000057220459,2.6700000762939453,2.690000057220459,549300
2023-03-06,2.8299999237060547,2.880000114440918,2.759999990463257,2.8399999141693115,1599900
2023-03-07,2.5999999046325684,2.8350000381469727,2.5999999046325684,2.7699999809265137,970800
2023-03-08,2.740000009536743,2.805000066757202,2.569999933242798,2.630000114440918,1051800
2023-03-09,2.569999933242798,2.720000028610229,2.359999895095825,2.6600000858306885,1383500
2023-03-10,2.299999952316284,2.640000104904175,2.289999961853028,2.539999961853028,1899600
2023-03-13,2.640000104904175,2.640000104904175,2.25,2.309999942779541,1197400
2023-03-14,2.619999885559082,2.720000028610229,2.595000028610229,2.720000028610229,1224200
2023-03-15,2.5799999237060547,2.615000009536743,2.4800000190734863,2.539999961853028,820300
2023-03-16,2.359999895095825,2.559999942779541,2.3499999046325684,2.5199999809265137,1065000
2023-03-17,2.299999952316284,2.390000104904175,2.2300000190734863,2.3499999046325684,1663800
2023-03-20,2.3399999141693115,2.359999895095825,2.263000011444092,2.3299999237060547,2401200
2023-03-21,2.3499999046325684,2.4200000762939453,2.319999933242798,2.400000095367432,2009400
2023-03-22,2.319999933242798,2.414999961853028,2.319999933242798,2.3499999046325684,685400
2023-03-23,2.3399999141693115,2.4049999713897705,2.309999942779541,2.3499999046325684,2059400
2023-03-24,2.4800000190734863,2.559999942779541,2.309999942779541,2.309999942779541,1082800
2023-03-27,2.390000104904175,2.5199999809265137,2.369999885559082,2.5,689800
2023-03-28,2.2699999809265137,2.4200000762939453,2.259999990463257,2.359999895095825,389900
2023-03-29,2.289999961853028,2.319999933242798,2.2300000190734863,2.299999952316284,601500
2023-03-30,2.319999933242798,2.3980000019073486,2.309999942779541,2.319999933242798,410000
2023-03-31,2.549999952316284,2.549999952316284,2.3399999141693115,2.3399999141693115,1235100
2023-04-03,2.5899999141693115,2.609999895095825,2.505000114440918,2.549999952316284,815600
2023-04-04,2.549999952316284,2.628999948501587,2.5,2.5999999046325684,879600
2023-04-05,2.5,2.5299999713897705,2.440000057220459,2.509999990463257,522800
2023-04-06,2.5299999713897705,2.539999961853028,2.450000047683716,2.5,443700
2023-04-10,2.5299999713897705,2.5299999713897705,2.470000028610229,2.5199999809265137,550300
2023-04-11,2.5999999046325684,2.6589999198913574,2.5299999713897705,2.5299999713897705,651300
2023-04-12,2.5299999713897705,2.680000066757202,2.509999990463257,2.619999885559082,290200
2023-04-13,2.4800000190734863,2.549999952316284,2.4549999237060547,2.509999990463257,463400
2023-04-14,2.4600000381469727,2.509999990463257,2.4100000858306885,2.4600000381469727,481300
2023-04-17,2.5,2.5199999809265137,2.440000057220459,2.470000028610229,773500
2023-04-18,2.5199999809265137,2.539999961853028,2.450000047683716,2.490000009536743,606300
2023-04-19,2.549999952316284,2.625,2.470000028610229,2.4800000190734863,796100
2023-04-20,2.440000057220459,2.549999952316284,2.4200000762939453,2.5199999809265137,391300
2023-04-21,2.390000104904175,2.4649999141693115,2.306999921798706,2.440000057220459,407800
2023-04-24,2.3499999046325684,2.4200000762939453,2.3299999237060547,2.400000095367432,290200
2023-04-25,2.2300000190734863,2.3299999237060547,2.1549999713897705,2.309999942779541,1195800
2023-04-26,2.240000009536743,2.289999961853028,2.200000047683716,2.2100000381469727,1138800
2023-04-27,2.430000066757202,2.450000047683716,2.25,2.259999990463257,854800
2023-04-28,2.5799999237060547,2.6689999103546143,2.380000114440918,2.4200000762939453,1083800
2023-05-01,2.5799999237060547,2.690000057220459,2.5299999713897705,2.5799999237060547,659200
2023-05-02,2.680000066757202,2.734999895095825,2.5799999237060547,2.5799999237060547,1080000
2023-05-03,2.6600000858306885,2.740000009536743,2.634999990463257,2.690000057220459,557900
2023-05-04,2.609999895095825,2.6700000762939453,2.565000057220459,2.640000104904175,368300
2023-05-05,2.680000066757202,2.7699999809265137,2.625,2.680000066757202,582800
2023-05-08,2.680000066757202,2.7049999237060547,2.640000104904175,2.6700000762939453,541100
2023-05-09,2.609999895095825,2.6700000762939453,2.5899999141693115,2.6700000762939453,417100
2023-05-10,2.700000047683716,2.8499999046325684,2.630000114440918,2.690000057220459,702500
2023-05-11,3.259999990463257,3.434999942779541,2.674999952316284,2.700000047683716,4088100
2023-05-12,3.309999942779541,3.450000047683716,3.220000028610229,3.2300000190734863,1715100
2023-05-15,3.549999952316284,3.690000057220459,3.299999952316284,3.3299999237060547,2230900
2023-05-16,3.5999999046325684,3.785000085830689,3.5,3.569999933242798,1361800
2023-05-17,3.670000076293945,3.759999990463257,3.559999942779541,3.630000114440918,1233700
2023-05-18,3.5299999713897705,3.660000085830689,3.4800000190734863,3.650000095367432,1189400
2023-05-19,3.430000066757202,3.680000066757202,3.4200000762939453,3.630000114440918,812700
2023-05-22,3.5199999809265137,3.619999885559082,3.444999933242798,3.5,2349200
2023-05-23,3.4600000381469727,3.6050000190734863,3.4200000762939453,3.539999961853028,1367000
2023-05-24,3.400000095367432,3.5299999713897705,3.3550000190734863,3.440000057220459,925200
2023-05-25,3.220000028610229,3.4200000762939453,3.200000047683716,3.380000114440918,900000
2023-05-26,3.259999990463257,3.319999933242798,3.200000047683716,3.2699999809265137,913800
2023-05-30,3.549999952316284,3.5799999237060547,3.2300000190734863,3.299999952316284,2135800
2023-05-31,3.5999999046325684,3.640000104904175,3.506999969482422,3.549999952316284,6115200
2023-06-01,3.400000095367432,3.5999999046325684,3.220000028610229,3.5999999046325684,1527200
2023-06-02,3.5299999713897705,3.549999952316284,3.375,3.5,1525800
2023-06-05,3.5999999046325684,3.740000009536743,3.505000114440918,3.549999952316284,1168400
2023-06-06,3.5999999046325684,3.660000085830689,3.470999956130981,3.5299999713897705,1402300
2023-06-07,3.5899999141693115,3.865000009536743,3.569999933242798,3.690000057220459,1607200
2023-06-08,3.5,3.5999999046325684,3.450000047683716,3.569999933242798,898500
2023-06-09,3.380000114440918,3.5299999713897705,3.3299999237060547,3.5199999809265137,780700
2023-06-12,3.299999952316284,3.470000028610229,3.2799999713897705,3.4100000858306885,875100
2023-06-13,3.430000066757202,3.4600000381469727,3.25,3.309999942779541,1048900
2023-06-14,3.450000047683716,3.5799999237060547,3.390000104904175,3.470000028610229,1333300
2023-06-15,3.259999990463257,3.369999885559082,3.200000047683716,3.369999885559082,1412800
2023-06-16,3.25,3.3299999237060547,3.2049999237060547,3.3299999237060547,2267400
2023-06-20,3.490000009536743,3.494999885559082,3.220000028610229,3.220000028610229,1568900
2023-06-21,3.4600000381469727,3.569999933242798,3.2950000762939453,3.490000009536743,1744200
2023-06-22,3.559999942779541,3.670000076293945,3.3399999141693115,3.4800000190734863,1077800
2023-06-23,3.3499999046325684,3.630000114440918,3.319999933242798,3.490000009536743,12863800
2023-06-26,3.190000057220459,3.4600000381469727,3.1449999809265137,3.369999885559082,1337100
2023-06-27,3.4100000858306885,3.4100000858306885,3.0299999713897705,3.190000057220459,1506600
2023-06-28,3.5799999237060547,3.670000076293945,3.3499999046325684,3.369999885559082,2362300
2023-06-29,3.7300000190734863,3.8550000190734863,3.6649999618530273,3.700000047683716,4060400
2023-06-30,3.829999923706055,3.859999895095825,3.740000009536743,3.7799999713897705,1877500
2023-07-03,3.849999904632568,4.050000190734863,3.819999933242798,3.819999933242798,1265800
2023-07-05,3.660000085830689,3.859999895095825,3.5,3.829999923706055,1379700
2023-07-06,3.539999961853028,3.630000114440918,3.4800000190734863,3.630000114440918,833200
2023-07-07,3.619999885559082,3.670000076293945,3.5299999713897705,3.549999952316284,752600
2023-07-10,3.660000085830689,3.680000066757202,3.525000095367432,3.5999999046325684,545200
2023-07-11,3.900000095367432,3.934999942779541,3.670000076293945,3.7100000381469727,929700
2023-07-12,3.920000076293945,4.0,3.8550000190734863,3.990000009536743,1491500
2023-07-13,3.940000057220459,3.9800000190734863,3.795000076293945,3.910000085830689,1301700
2023-07-14,3.859999895095825,4.119999885559082,3.700000047683716,3.940000057220459,3239500
2023-07-17,3.9700000286102295,4.010000228881836,3.799999952316284,3.869999885559082,998600
2023-07-18,3.859999895095825,4.0,3.829999923706055,4.0,1215000
2023-07-19,3.799999952316284,4.0,3.7300000190734863,3.900000095367432,1410700
2023-07-20,3.799999952316284,3.839999914169312,3.7100000381469727,3.759999990463257,840500
2023-07-21,3.869999885559082,3.900000095367432,3.734999895095825,3.829999923706055,1152100
2023-07-24,3.849999904632568,3.950000047683716,3.785000085830689,3.910000085830689,948500
2023-07-25,3.849999904632568,3.910000085830689,3.7300000190734863,3.799999952316284,760300
2023-07-26,3.859999895095825,3.890000104904175,3.819999933242798,3.859999895095825,654900
2023-07-27,3.829999923706055,3.930000066757202,3.809999942779541,3.910000085830689,731600
2023-07-28,3.940000057220459,3.9660000801086426,3.865000009536743,3.890000104904175,763400
2023-07-31,3.9800000190734863,4.005000114440918,3.924999952316284,3.990000009536743,1070700
2023-08-01,3.940000057220459,4.0,3.871000051498413,3.9700000286102295,549100
2023-08-02,3.880000114440918,3.900000095367432,3.7799999713897705,3.880000114440918,460600
2023-08-03,3.809999942779541,3.869999885559082,3.809999942779541,3.849999904632568,757200
2023-08-04,3.839999914169312,3.880000114440918,3.660000085830689,3.849999904632568,943400
2023-08-07,3.799999952316284,3.839999914169312,3.7300000190734863,3.839999914169312,1004100
2023-08-08,3.619999885559082,3.7899999618530273,3.380000114440918,3.7200000286102295,2134300
2023-08-09,3.319999933242798,3.559999942779541,3.25,3.559999942779541,2115000
2023-08-10,3.369999885559082,3.450000047683716,3.200000047683716,3.319999933242798,1070600
2023-08-11,3.390000104904175,3.4200000762939453,3.259999990463257,3.299999952316284,1252400
2023-08-14,3.450000047683716,3.4600000381469727,3.3299999237060547,3.3949999809265137,1062300
2023-08-15,3.4100000858306885,3.4800000190734863,3.390000104904175,3.400000095367432,622400
2023-08-16,3.359999895095825,3.5199999809265137,3.345000028610229,3.390000104904175,1026400
2023-08-17,3.390000104904175,3.619999885559082,3.359999895095825,3.5999999046325684,1029400
2023-08-18,3.440000057220459,3.470000028610229,3.259999990463257,3.299999952316284,835300
2023-08-21,3.359999895095825,3.5299999713897705,3.345000028610229,3.440000057220459,688400
2023-08-22,3.4200000762939453,3.490000009536743,3.359999895095825,3.400000095367432,660800
2023-08-23,3.549999952316284,3.5799999237060547,3.390000104904175,3.4200000762939453,558800
2023-08-24,3.380000114440918,3.640000104904175,3.3399999141693115,3.559999942779541,661000
2023-08-25,3.289999961853028,3.390000104904175,3.259999990463257,3.359999895095825,1127500
2023-08-28,3.2100000381469727,3.430000066757202,3.200000047683716,3.3299999237060547,588800
2023-08-29,3.319999933242798,3.3499999046325684,3.130000114440918,3.200000047683716,511600
2023-08-30,3.359999895095825,3.430000066757202,3.289999961853028,3.289999961853028,429800
2023-08-31,3.400000095367432,3.4100000858306885,3.319999933242798,3.369999885559082,820200
2023-09-01,3.319999933242798,3.484999895095825,3.309999942779541,3.4200000762939453,752900
2023-09-05,3.5,3.5,3.3299999237060547,3.3299999237060547,1219800
2023-09-06,3.2100000381469727,3.569999933242798,3.190000057220459,3.5299999713897705,1338200
2023-09-07,3.0799999237060547,3.180000066757202,3.069999933242798,3.109999895095825,1795700
2023-09-08,3.069999933242798,3.1600000858306885,2.700000047683716,3.109999895095825,5753900
2023-09-11,2.799999952316284,3.0299999713897705,2.7799999713897705,3.0299999713897705,3250800
2023-09-12,2.7699999809265137,2.8499999046325684,2.734999895095825,2.789999961853028,1669600
2023-09-13,2.7699999809265137,2.8399999141693115,2.680000066757202,2.759999990463257,2363200
2023-09-14,2.799999952316284,2.8499999046325684,2.7699999809265137,2.789999961853028,1208000
2023-09-15,2.9100000858306885,2.950000047683716,2.789999961853028,2.799999952316284,5797900
2023-09-18,2.8299999237060547,2.970000028610229,2.819999933242798,2.880000114440918,1251500
2023-09-19,2.8299999237060547,2.869999885559082,2.740000009536743,2.8299999237060547,933200
2023-09-20,2.8299999237060547,2.9600000381469727,2.8299999237060547,2.8499999046325684,1096000
2023-09-21,2.75,2.8399999141693115,2.75,2.789999961853028,960100
2023-09-22,2.6600000858306885,2.809999942779541,2.650000095367432,2.759999990463257,1103800
2023-09-25,2.650000095367432,2.7300000190734863,2.630000114440918,2.6600000858306885,539400
2023-09-26,2.609999895095825,2.700000047683716,2.602999925613404,2.609999895095825,652800
2023-09-27,2.619999885559082,2.6600000858306885,2.601999998092652,2.630000114440918,569200
2023-09-28,2.650000095367432,2.6700000762939453,2.5999999046325684,2.609999895095825,585800
2023-09-29,2.609999895095825,2.684999942779541,2.575000047683716,2.5899999141693115,1159600
2023-10-02,2.630000114440918,2.7249999046325684,2.562999963760376,2.609999895095825,1225300
2023-10-03,2.559999942779541,2.6449999809265137,2.4800000190734863,2.640000104904175,1097800
2023-10-04,2.6600000858306885,2.6600000858306885,2.509999990463257,2.569999933242798,1173100
2023-10-05,2.680000066757202,2.7149999141693115,2.640000104904175,2.640000104904175,1048900
2023-10-06,2.720000028610229,2.7799999713897705,2.5999999046325684,2.630000114440918,1362300
2023-10-09,2.650000095367432,2.7699999809265137,2.650000095367432,2.720000028610229,747700
2023-10-10,2.799999952316284,2.815000057220459,2.609999895095825,2.6600000858306885,744400
2023-10-11,2.789999961853028,2.875,2.75,2.8499999046325684,492200
2023-10-12,2.680000066757202,2.789999961853028,2.664999961853028,2.75,856800
2023-10-13,2.609999895095825,2.680000066757202,2.569999933242798,2.640000104904175,582000
2023-10-16,2.650000095367432,2.680000066757202,2.619999885559082,2.680000066757202,800600
2023-10-17,2.5999999046325684,2.6700000762939453,2.5199999809265137,2.5999999046325684,1179300
2023-10-18,2.5,2.5899999141693115,2.4600000381469727,2.559999942779541,516200
2023-10-19,2.440000057220459,2.5450000762939453,2.440000057220459,2.490000009536743,1000800
2023-10-20,2.4600000381469727,2.5,2.369999885559082,2.4600000381469727,1171400
2023-10-23,2.369999885559082,2.4600000381469727,2.3299999237060547,2.430000066757202,947300
2023-10-24,2.4200000762939453,2.440000057220459,2.359999895095825,2.380000114440918,512300
2023-10-25,2.4200000762939453,2.440000057220459,2.319999933242798,2.390000104904175,963800
2023-10-26,2.359999895095825,2.440000057220459,2.3499999046325684,2.4200000762939453,760900
2023-10-27,2.3399999141693115,2.400000095367432,2.289999961853028,2.390000104904175,962600
2023-10-30,2.400000095367432,2.4100000858306885,2.309999942779541,2.390000104904175,591200
2023-10-31,2.4100000858306885,2.4600000381469727,2.3399999141693115,2.369999885559082,587200
2023-11-01,2.369999885559082,2.430000066757202,2.345000028610229,2.430000066757202,633900
2023-11-02,2.5,2.515000104904175,2.4049999713897705,2.4100000858306885,1013400
2023-11-03,2.6600000858306885,2.7049999237060547,2.559999942779541,2.5799999237060547,1357700
2023-11-06,2.5899999141693115,2.6549999713897705,2.5350000858306885,2.619999885559082,1598900
2023-11-07,2.950000047683716,2.9800000190734863,2.5,2.549999952316284,1778600
2023-11-08,3.3299999237060547,3.369999885559082,2.990000009536743,3.039999961853028,1792300
2023-11-09,3.059999942779541,3.3399999141693115,3.0199999809265137,3.3399999141693115,1430400
2023-11-10,3.0299999713897705,3.069999933242798,2.9600000381469727,3.069999933242798,936600
2023-11-13,2.930000066757202,3.0799999237060547,2.869999885559082,3.0,878300
2023-11-14,3.130000114440918,3.1600000858306885,3.039999961853028,3.039999961853028,1138000
2023-11-15,3.1700000762939453,3.25,3.0899999141693115,3.1700000762939453,1345500
2023-11-16,2.8399999141693115,3.150000095367432,2.805000066757202,3.109999895095825,907600
2023-11-17,2.930000066757202,2.930000066757202,2.740000009536743,2.859999895095825,921200
2023-11-20,2.9200000762939453,3.005000114440918,2.9100000858306885,2.940000057220459,695700
2023-11-21,2.9600000381469727,3.069999933242798,2.9200000762939453,3.039999961853028,761300
2023-11-22,3.069999933242798,3.0899999141693115,2.9600000381469727,2.970000028610229,532000
2023-11-24,3.180000066757202,3.2100000381469727,3.0299999713897705,3.039999961853028,444000
2023-11-27,3.309999942779541,3.359999895095825,3.119999885559082,3.119999885559082,1190400
2023-11-28,3.299999952316284,3.345000028610229,3.194999933242798,3.299999952316284,746800
2023-11-29,3.3399999141693115,3.430000066757202,3.240000009536743,3.3299999237060547,1026600
2023-11-30,3.130000114440918,3.365000009536743,3.1050000190734863,3.359999895095825,1752900
2023-12-01,3.259999990463257,3.2799999713897705,3.109999895095825,3.25,2240700
2023-12-04,3.25,3.369999885559082,3.130000114440918,3.289999961853028,986400
2023-12-05,3.2799999713897705,3.2950000762939453,3.1600000858306885,3.220000028610229,864200
2023-12-06,3.2300000190734863,3.430000066757202,3.220000028610229,3.319999933242798,1776000
2023-12-07,3.25,3.289999961853028,3.1700000762939453,3.2300000190734863,715900
2023-12-08,3.3399999141693115,3.380000114440918,3.2260000705718994,3.240000009536743,1358700
2023-12-11,2.9800000190734863,3.4200000762939453,2.950000047683716,3.299999952316284,1647900
2023-12-12,3.180000066757202,3.2300000190734863,2.8949999809265137,2.9800000190734863,1052000
2023-12-13,3.3499999046325684,3.430000066757202,3.140000104904175,3.200000047683716,2251800
2023-12-14,3.400000095367432,3.450000047683716,3.2950000762939453,3.440000057220459,1262200
2023-12-15,3.240000009536743,3.4100000858306885,3.2100000381469727,3.4100000858306885,2811400
2023-12-18,3.240000009536743,3.299999952316284,3.180000066757202,3.240000009536743,736500
2023-12-19,3.299999952316284,3.390000104904175,3.234999895095825,3.3299999237060547,959400
2023-12-20,3.190000057220459,3.3399999141693115,3.1700000762939453,3.259999990463257,987600
2023-12-21,3.259999990463257,3.309999942779541,3.140000104904175,3.240000009536743,771200
2023-12-22,3.289999961853028,3.3499999046325684,3.259999990463257,3.2799999713897705,1132600
2023-12-26,3.3399999141693115,3.3499999046325684,3.275000095367432,3.319999933242798,567400
2023-12-27,3.2699999809265137,3.434999942779541,3.240000009536743,3.369999885559082,577100
2023-12-28,3.25,3.359999895095825,3.220000028610229,3.2699999809265137,723400
2023-12-29,3.190000057220459,3.2790000438690186,3.190000057220459,3.240000009536743,902300
2024-01-02,3.069999933242798,3.180000066757202,3.049999952316284,3.180000066757202,646800
2024-01-03,2.9600000381469727,3.049999952316284,2.9549999237060547,3.049999952316284,1045400
2024-01-04,2.950000047683716,2.990000009536743,2.900000095367432,2.990000009536743,797900
2024-01-05,2.880000114440918,2.950000047683716,2.8399999141693115,2.9100000858306885,1058500
2024-01-08,2.950000047683716,2.970000028610229,2.8399999141693115,2.869999885559082,484600
2024-01-09,2.880000114440918,2.944999933242798,2.869999885559082,2.900000095367432,442100
2024-01-10,2.8399999141693115,2.869999885559082,2.799999952316284,2.869999885559082,652200
2024-01-11,2.819999933242798,2.865000009536743,2.759999990463257,2.8499999046325684,768400
2024-01-12,2.7799999713897705,2.869999885559082,2.75,2.8299999237060547,1059300
2024-01-16,2.700000047683716,2.828000068664551,2.690000057220459,2.75,1245900
2024-01-17,2.859999895095825,2.9100000858306885,2.6600000858306885,2.6700000762939453,1935000
2024-01-18,3.0,3.009999990463257,2.799999952316284,2.859999895095825,1428500
2024-01-19,3.289999961853028,3.4100000858306885,3.0350000858306885,3.1600000858306885,2961900
2024-01-22,3.390000104904175,3.440000057220459,3.25,3.3399999141693115,1735600
2024-01-23,3.359999895095825,3.470000028610229,3.319999933242798,3.400000095367432,974000
2024-01-24,3.059999942779541,3.400000095367432,3.049999952316284,3.400000095367432,1091800
2024-01-25,3.0299999713897705,3.140000104904175,3.0199999809265137,3.130000114440918,680000
2024-01-26,3.0,3.0899999141693115,2.9749999046325684,3.0799999237060547,751500
2024-01-29,3.150000095367432,3.1600000858306885,2.940999984741211,2.990000009536743,1214600
2024-01-30,3.0199999809265137,3.1700000762939453,3.0,3.150000095367432,504100
2024-01-31,2.950000047683716,3.0999999046325684,2.940000057220459,3.0199999809265137,1023900
2024-02-01,3.009999990463257,3.075000047683716,2.9549999237060547,2.990000009536743,834200
2024-02-02,3.009999990463257,3.039999961853028,2.869999885559082,2.970000028610229,816900
2024-02-05,2.9600000381469727,3.039999961853028,2.940000057220459,2.9600000381469727,695900
2024-02-06,3.0299999713897705,3.059999942779541,2.944999933242798,2.950000047683716,612700
2024-02-07,2.990000009536743,3.0299999713897705,2.950000047683716,3.0299999713897705,735200
2024-02-08,3.0199999809265137,3.0899999141693115,2.9749999046325684,3.0,959900
2024-02-09,3.0199999809265137,3.115000009536743,2.970000028610229,3.0299999713897705,1279400
2024-02-12,3.0299999713897705,3.109999895095825,3.0,3.0299999713897705,2093500
2024-02-13,2.8399999141693115,2.940000057220459,2.7699999809265137,2.9100000858306885,1635700
2024-02-14,2.890000104904175,2.9200000762939453,2.809999942779541,2.890000104904175,1307500
2024-02-15,3.0,3.009999990463257,2.9200000762939453,2.930000066757202,764500
2024-02-16,2.859999895095825,2.9800000190734863,2.8499999046325684,2.970000028610229,681600
2024-02-20,2.900000095367432,2.940000057220459,2.8299999237060547,2.859999895095825,610500
2024-02-21,2.890000104904175,2.9649999141693115,2.805000066757202,2.859999895095825,827500
2024-02-22,2.930000066757202,2.970000028610229,2.8499999046325684,2.880000114440918,629800
2024-02-23,2.8499999046325684,2.940000057220459,2.8399999141693115,2.9200000762939453,495900
2024-02-26,2.9800000190734863,2.9800000190734863,2.8399999141693115,2.8499999046325684,753100
2024-02-27,2.930000066757202,3.049999952316284,2.9200000762939453,3.0,1050700
2024-02-28,2.9100000858306885,2.9800000190734863,2.8499999046325684,2.880000114440918,721900
2024-02-29,2.900000095367432,3.049999952316284,2.8499999046325684,2.9549999237060547,1465500
2024-03-01,2.900000095367432,2.970000028610229,2.799999952316284,2.9100000858306885,1115300
2024-03-04,2.890000104904175,2.9600000381469727,2.759999990463257,2.900000095367432,1871000
2024-03-05,2.759999990463257,2.819999933242798,2.509999990463257,2.630000114440918,4120800
2024-03-06,2.7100000381469727,2.8299999237060547,2.5999999046325684,2.759999990463257,1488400
2024-03-07,2.759999990463257,2.859999895095825,2.740000009536743,2.759999990463257,1478500
2024-03-08,2.7100000381469727,2.900000095367432,2.690000057220459,2.789999961853028,1446900
2024-03-11,2.7100000381469727,2.809999942779541,2.650000095367432,2.700000047683716,1243900
2024-03-12,2.7799999713897705,2.8399999141693115,2.674999952316284,2.720000028610229,1060200
2024-03-13,2.740000009536743,2.799999952316284,2.700000047683716,2.75,989700
2024-03-14,2.690000057220459,2.815000057220459,2.650000095367432,2.7100000381469727,1607300
2024-03-15,2.700000047683716,2.75,2.6600000858306885,2.6600000858306885,2315200
2024-03-18,2.700000047683716,2.765000104904175,2.650000095367432,2.700000047683716,1848200
2024-03-19,2.700000047683716,2.7799999713897705,2.650000095367432,2.700000047683716,1923100
2024-03-20,2.680000066757202,2.720000028610229,2.619999885559082,2.6700000762939453,1378800
2024-03-21,2.680000066757202,2.720000028610229,2.650000095367432,2.690000057220459,2600600
2024-03-22,2.75,2.759999990463257,2.630000114440918,2.6700000762939453,2971100
2024-03-25,2.6600000858306885,2.7799999713897705,2.5799999237060547,2.740000009536743,1618400
2024-03-26,2.609999895095825,2.700000047683716,2.5999999046325684,2.680000066757202,891500
2024-03-27,2.720000028610229,2.7300000190734863,2.5799999237060547,2.619999885559082,1267200
2024-03-28,2.680000066757202,2.7799999713897705,2.640000104904175,2.7300000190734863,5544800
2024-04-01,2.650000095367432,2.680000066757202,2.5799999237060547,2.6700000762939453,1442600
2024-04-02,2.609999895095825,2.6700000762939453,2.549999952316284,2.5899999141693115,1456600
2024-04-03,2.5999999046325684,2.6449999809265137,2.549999952316284,2.5899999141693115,3143500
2024-04-04,2.559999942779541,2.690000057220459,2.559999942779541,2.650000095367432,1549800
2024-04-05,2.559999942779541,2.5999999046325684,2.532000064849853,2.559999942779541,1124800
2024-04-08,2.5999999046325684,2.619999885559082,2.559999942779541,2.5799999237060547,840000
2024-04-09,2.619999885559082,2.630000114440918,2.5799999237060547,2.5999999046325684,836400
2024-04-10,2.5199999809265137,2.5899999141693115,2.450000047683716,2.569999933242798,2172300
2024-04-11,2.5,2.549999952316284,2.430000066757202,2.5299999713897705,874900
2024-04-12,2.440000057220459,2.4749999046325684,2.4100000858306885,2.4600000381469727,1256600
2024-04-15,2.470000028610229,2.5,2.4200000762939453,2.440000057220459,1235500
2024-04-16,2.509999990463257,2.525000095367432,2.390000104904175,2.4200000762939453,1429200
2024-04-17,2.4600000381469727,2.549999952316284,2.400000095367432,2.539999961853028,1787900
2024-04-18,2.359999895095825,2.5799999237060547,2.3499999046325684,2.4600000381469727,1340900
2024-04-19,2.289999961853028,2.359999895095825,2.2699999809265137,2.3499999046325684,1455200
2024-04-22,2.289999961853028,2.3299999237060547,2.244999885559082,2.309999942779541,815800
2024-04-23,2.319999933242798,2.380000114440918,2.2699999809265137,2.2699999809265137,653400
2024-04-24,2.369999885559082,2.369999885559082,2.299999952316284,2.319999933242798,1149800
2024-04-25,2.319999933242798,2.3499999046325684,2.289999961853028,2.3299999237060547,559600
2024-04-26,2.359999895095825,2.400000095367432,2.319999933242798,2.3399999141693115,451700
2024-04-29,2.400000095367432,2.424999952316284,2.369999885559082,2.380000114440918,525300
2024-04-30,2.319999933242798,2.4100000858306885,2.319999933242798,2.369999885559082,859600
2024-05-01,2.3399999141693115,2.400000095367432,2.299999952316284,2.3299999237060547,908600
2024-05-02,2.440000057220459,2.450000047683716,2.359999895095825,2.380000114440918,647500
2024-05-03,2.450000047683716,2.5,2.4200000762939453,2.450000047683716,1027400
2024-05-06,2.450000047683716,2.5199999809265137,2.440000057220459,2.4600000381469727,802100
2024-05-07,2.4600000381469727,2.509999990463257,2.4200000762939453,2.4600000381469727,935800
2024-05-08,2.309999942779541,2.4200000762939453,2.200000047683716,2.3499999046325684,1222800
2024-05-09,2.390000104904175,2.400000095367432,2.289999961853028,2.299999952316284,1427400
2024-05-10,2.400000095367432,2.400000095367432,2.299999952316284,2.380000114440918,1639200
2024-05-13,2.400000095367432,2.490000009536743,2.400000095367432,2.430000066757202,2129400
2024-05-14,2.8299999237060547,2.9800000190734863,2.609999895095825,2.640000104904175,6145700
2024-05-15,2.7799999713897705,2.880000114440918,2.664999961853028,2.880000114440918,3164100
2024-05-16,2.720000028610229,2.809999942779541,2.674999952316284,2.75,1594300
2024-05-17,2.640000104904175,2.7699999809265137,2.5999999046325684,2.75,1348600
2024-05-20,2.5899999141693115,2.640000104904175,2.559999942779541,2.619999885559082,599400
2024-05-21,2.549999952316284,2.5899999141693115,2.5299999713897705,2.569999933242798,791700
2024-05-22,2.5899999141693115,2.5999999046325684,2.5199999809265137,2.539999961853028,1055500
2024-05-23,2.569999933242798,2.700000047683716,2.5299999713897705,2.5899999141693115,1230600
2024-05-24,2.559999942779541,2.609999895095825,2.539999961853028,2.569999933242798,1222400
2024-05-28,2.569999933242798,2.609999895095825,2.549999952316284,2.5999999046325684,923100
2024-05-29,2.450000047683716,2.549999952316284,2.440000057220459,2.509999990463257,858400
2024-05-30,2.400000095367432,2.490000009536743,2.390000104904175,2.470000028610229,1219800
2024-05-31,2.359999895095825,2.424999952316284,2.3299999237060547,2.4200000762939453,1893300
2024-06-03,2.3499999046325684,2.430000066757202,2.2799999713897705,2.400000095367432,2708400
2024-06-04,2.259999990463257,2.3499999046325684,2.259999990463257,2.3299999237060547,1345600
2024-06-05,2.359999895095825,2.400000095367432,2.2100000381469727,2.2699999809265137,2233900
2024-06-06,2.440000057220459,2.470000028610229,2.3499999046325684,2.3499999046325684,971900
2024-06-07,2.3499999046325684,2.424999952316284,2.3399999141693115,2.390000104904175,626500
2024-06-10,2.430000066757202,2.440000057220459,2.299999952316284,2.309999942779541,866500
2024-06-11,2.440000057220459,2.450000047683716,2.3499999046325684,2.4100000858306885,643800
2024-06-12,2.390000104904175,2.549999952316284,2.390000104904175,2.5299999713897705,1258600
2024-06-13,2.390000104904175,2.440000057220459,2.359999895095825,2.4100000858306885,844600
2024-06-14,2.400000095367432,2.4100000858306885,2.3350000381469727,2.359999895095825,1048200
2024-06-17,2.4100000858306885,2.4200000762939453,2.369999885559082,2.380000114440918,627300
2024-06-18,2.400000095367432,2.4100000858306885,2.359999895095825,2.390000104904175,1451500
2024-06-20,2.3499999046325684,2.4049999713897705,2.319999933242798,2.390000104904175,1838500
2024-06-21,2.3499999046325684,2.359999895095825,2.220000028610229,2.359999895095825,4229000
2024-06-24,2.359999895095825,2.400000095367432,2.299999952316284,2.309999942779541,1498300
2024-06-25,2.3399999141693115,2.380000114440918,2.309999942779541,2.369999885559082,1377300
2024-06-26,2.359999895095825,2.369999885559082,2.299999952316284,2.319999933242798,630600
2024-06-27,2.380000114440918,2.400000095367432,2.3399999141693115,2.380000114440918,399200
2024-06-28,2.390000104904175,2.400000095367432,2.319999933242798,2.400000095367432,2550100
2024-07-01,2.359999895095825,2.4049999713897705,2.3399999141693115,2.380000114440918,849100
2024-07-02,2.369999885559082,2.400000095367432,2.3399999141693115,2.359999895095825,596700
2024-07-03,2.369999885559082,2.440000057220459,2.359999895095825,2.369999885559082,698900
2024-07-05,2.3499999046325684,2.4049999713897705,2.3499999046325684,2.369999885559082,750000
2024-07-08,2.3399999141693115,2.414999961853028,2.3299999237060547,2.359999895095825,1067500
2024-07-09,2.3499999046325684,2.380000114440918,2.309999942779541,2.3299999237060547,689600
2024-07-10,2.150000095367432,2.369999885559082,2.119999885559082,2.369999885559082,1821400
2024-07-11,2.2699999809265137,2.2850000858306885,2.130000114440918,2.220000028610229,1898500
2024-07-12,2.400000095367432,2.4100000858306885,2.319999933242798,2.3299999237060547,803500
2024-07-15,2.440000057220459,2.490000009536743,2.375,2.400000095367432,944700
2024-07-16,2.539999961853028,2.559999942779541,2.4649999141693115,2.4800000190734863,956900
2024-07-17,2.430000066757202,2.549999952316284,2.390000104904175,2.5,785700
2024-07-18,2.390000104904175,2.4800000190734863,2.365000009536743,2.4100000858306885,597200
2024-07-19,2.3499999046325684,2.400000095367432,2.3299999237060547,2.400000095367432,526000
2024-07-22,2.4200000762939453,2.430000066757202,2.3499999046325684,2.369999885559082,594900
2024-07-23,2.450000047683716,2.4800000190734863,2.390000104904175,2.390000104904175,595000
2024-07-24,2.390000104904175,2.484999895095825,2.380000114440918,2.430000066757202,591900
2024-07-25,2.430000066757202,2.509999990463257,2.369999885559082,2.4100000858306885,770900
2024-07-26,2.4800000190734863,2.5,2.424999952316284,2.4800000190734863,574200
2024-07-29,2.400000095367432,2.484999895095825,2.375,2.470000028610229,376600
2024-07-30,1.9299999475479128,2.025000095367432,1.7999999523162842,1.850000023841858,7350400
2024-07-31,1.840000033378601,1.924999952316284,1.820000052452088,1.870000004768372,4159000
2024-08-01,1.7699999809265137,1.870000004768372,1.75,1.850000023841858,3060100
2024-08-02,1.7100000381469729,1.7699999809265137,1.649999976158142,1.690000057220459,1964900
2024-08-05,1.6399999856948853,1.659999966621399,1.559999942779541,1.600000023841858,1985100
2024-08-06,1.649999976158142,1.684999942779541,1.6299999952316284,1.6399999856948853,1245300
2024-08-07,1.559999942779541,1.6699999570846558,1.4900000095367432,1.4900000095367432,2108000
2024-08-08,1.5199999809265137,1.5750000476837158,1.4850000143051147,1.5199999809265137,1856600
2024-08-09,1.4199999570846558,1.5499999523162842,1.3899999856948853,1.5299999713897705,2939100
2024-08-12,1.3799999952316284,1.4600000381469729,1.350000023841858,1.4299999475479126,2805200
2024-08-13,1.5299999713897705,1.5399999618530271,1.3700000047683716,1.3700000047683716,1817800
2024-08-14,1.440000057220459,1.5199999809265137,1.4199999570846558,1.5199999809265137,1857800
2024-08-15,1.590000033378601,1.6449999809265137,1.4199999570846558,1.4299999475479126,2224900
2024-08-16,1.559999942779541,1.6100000143051147,1.5199999809265137,1.600000023841858,1288700
2024-08-19,1.6699999570846558,1.7000000476837158,1.5299999713897705,1.5399999618530271,1958600
2024-08-20,1.6699999570846558,1.7200000286102295,1.6050000190734863,1.6699999570846558,1582500
2024-08-21,1.7200000286102295,1.7300000190734863,1.6749999523162842,1.690000057220459,1616000
2024-08-22,1.6699999570846558,1.7400000095367432,1.6399999856948853,1.7100000381469729,1427600
2024-08-23,1.690000057220459,1.7200000286102295,1.659999966621399,1.659999966621399,923500
2024-08-26,1.7100000381469729,1.7450000047683716,1.6399999856948853,1.690000057220459,1545800
2024-08-27,1.7200000286102295,1.7699999809265137,1.690000057220459,1.7100000381469729,1927800
2024-08-28,1.690000057220459,1.7799999713897705,1.6799999475479126,1.690000057220459,1480700
2024-08-29,1.7000000476837158,1.7699999809265137,1.690000057220459,1.690000057220459,1319800
2024-08-30,1.7000000476837158,1.7300000190734863,1.649999976158142,1.7200000286102295,963500
2024-09-03,1.6799999475479126,1.725000023841858,1.649999976158142,1.7100000381469729,1569900
2024-09-04,1.6699999570846558,1.75,1.659999966621399,1.7100000381469729,2109100
2024-09-05,1.6799999475479126,1.7100000381469729,1.649999976158142,1.6699999570846558,2208600
2024-09-06,1.6100000143051147,1.7000000476837158,1.590000033378601,1.6799999475479126,1771600
2024-09-09,1.6200000047683716,1.7000000476837158,1.5800000429153442,1.649999976158142,4162100
2024-09-10,1.659999966621399,1.7100000381469729,1.6100000143051147,1.6100000143051147,2513200
2024-09-11,1.6799999475479126,1.7100000381469729,1.5700000524520874,1.6200000047683716,2218100
2024-09-12,1.75,1.774999976158142,1.6299999952316284,1.690000057220459,2488900
2024-09-13,1.830000042915344,1.909999966621399,1.7400000095367432,1.7799999713897705,4787700
2024-09-16,1.7999999523162842,1.8600000143051147,1.75,1.830000042915344,1257000
2024-09-17,1.7599999904632568,1.840000033378601,1.75,1.840000033378601,1623700
2024-09-18,1.7400000095367432,1.815000057220459,1.7300000190734863,1.75,2754800
2024-09-19,1.7699999809265137,1.830000042915344,1.7599999904632568,1.7599999904632568,2751400
2024-09-20,1.75,1.809999942779541,1.7400000095367432,1.75,3334100
2024-09-23,1.7200000286102295,1.7799999713897705,1.7200000286102295,1.7799999713897705,1844600
2024-09-24,1.7100000381469729,1.7599999904632568,1.690000057220459,1.7400000095367432,1997900
2024-09-25,1.6799999475479126,1.753000020980835,1.6699999570846558,1.7300000190734863,1310800
2024-09-26,1.7100000381469729,1.7549999952316284,1.690999984741211,1.7100000381469729,1165900
2024-09-27,1.7699999809265137,1.784999966621399,1.7200000286102295,1.7200000286102295,1523400
2024-09-30,1.7300000190734863,1.809999942779541,1.7100000381469729,1.7799999713897705,1281900
2024-10-01,1.6399999856948853,1.7400000095367432,1.6200000047683716,1.7200000286102295,1455000
2024-10-02,1.6699999570846558,1.7000000476837158,1.6299999952316284,1.6299999952316284,595500
2024-10-03,1.600000023841858,1.6749999523162842,1.5800000429153442,1.659999966621399,1410500
2024-10-04,1.7000000476837158,1.7200000286102295,1.6299999952316284,1.6299999952316284,1007900
2024-10-07,1.649999976158142,1.7000000476837158,1.625,1.6699999570846558,669000
2024-10-08,1.659999966621399,1.7050000429153442,1.649999976158142,1.6699999570846558,517300
2024-10-09,1.659999966621399,1.7050000429153442,1.649999976158142,1.659999966621399,878100
2024-10-10,1.6299999952316284,1.6699999570846558,1.600000023841858,1.6399999856948853,592400
2024-10-11,1.6799999475479126,1.7050000429153442,1.590000033378601,1.600000023841858,981700
2024-10-14,1.659999966621399,1.7100000381469729,1.6549999713897705,1.7000000476837158,1926000
2024-10-15,1.7000000476837158,1.75,1.659999966621399,1.6699999570846558,1444700
2024-10-16,1.7400000095367432,1.75,1.7100000381469729,1.7200000286102295,911100
2024-10-17,1.7300000190734863,1.7549999952316284,1.7050000429153442,1.7400000095367432,826300
2024-10-18,1.75,1.7649999856948853,1.725000023841858,1.7300000190734863,496600
2024-10-21,1.7400000095367432,1.7699999809265137,1.7100000381469729,1.7400000095367432,519500
2024-10-22,1.7300000190734863,1.7599999904632568,1.7100000381469729,1.7200000286102295,494300
2024-10-23,1.7000000476837158,1.7400000095367432,1.6549999713897705,1.7100000381469729,609700
2024-10-24,1.690000057220459,1.725000023841858,1.659999966621399,1.7000000476837158,657200
2024-10-25,1.7000000476837158,1.7549999952316284,1.684999942779541,1.7200000286102295,660300
2024-10-28,1.7400000095367432,1.8049999475479128,1.7000000476837158,1.7000000476837158,2037800
2024-10-29,1.7599999904632568,1.774999976158142,1.7200000286102295,1.7200000286102295,717900
2024-10-30,1.75,1.815000057220459,1.7400000095367432,1.7599999904632568,867300
2024-10-31,1.690000057220459,1.7549999952316284,1.659999966621399,1.75,995600
2024-11-01,1.7100000381469729,1.7649999856948853,1.6649999618530271,1.690000057220459,1016500
2024-11-04,1.7300000190734863,1.7300000190734863,1.690000057220459,1.7200000286102295,473600
2024-11-05,1.7599999904632568,1.7799999713897705,1.7200000286102295,1.7300000190734863,974100
2024-11-06,1.6299999952316284,1.7100000381469729,1.1699999570846558,1.7100000381469729,3671300
2024-11-07,1.5099999904632568,1.5700000524520874,1.4800000190734863,1.5700000524520874,1485500
2024-11-08,1.5199999809265137,1.5800000429153442,1.5,1.5099999904632568,1342900
2024-11-11,1.5399999618530271,1.5800000429153442,1.4900000095367432,1.5199999809265137,1354900
2024-11-12,1.4700000286102295,1.5199999809265137,1.4700000286102295,1.4900000095367432,1815400
2024-11-13,1.4800000190734863,1.5199999809265137,1.4500000476837158,1.5,1376200
2024-11-14,1.409999966621399,1.4800000190734863,1.399999976158142,1.4700000286102295,1133200
2024-11-15,1.440000057220459,1.5099999904632568,1.4199999570846558,1.440000057220459,1612300
2024-11-18,1.440000057220459,1.475000023841858,1.4249999523162842,1.4500000476837158,982200
2024-11-19,1.4800000190734863,1.5099999904632568,1.4500000476837158,1.4800000190734863,1213900
2024-11-20,1.4800000190734863,1.4950000047683716,1.4450000524520874,1.4700000286102295,1034400
2024-11-21,1.5700000524520874,1.5700000524520874,1.4700000286102295,1.5099999904632568,1237700
2024-11-22,1.6100000143051147,1.6399999856948853,1.559999942779541,1.5800000429153442,1252600
2024-11-25,1.6200000047683716,1.7100000381469729,1.6100000143051147,1.690000057220459,4473700
2024-11-26,1.850000023841858,1.899999976158142,1.6100000143051147,1.6100000143051147,2226300
2024-11-27,1.9600000381469729,1.975000023841858,1.850000023841858,1.850000023841858,1555200
2024-11-29,1.7699999809265137,1.9900000095367432,1.7699999809265137,1.9900000095367432,581200
2024-12-02,1.7300000190734863,1.7899999618530271,1.7300000190734863,1.7799999713897705,716200
2024-12-03,1.7100000381469729,1.7699999809265137,1.690000057220459,1.7300000190734863,707200
2024-12-04,1.75,1.75,1.659999966621399,1.7000000476837158,915200
2024-12-05,1.7999999523162842,1.820000052452088,1.7300000190734863,1.75,964500
2024-12-06,1.840000033378601,1.8899999856948853,1.7949999570846558,1.850000023841858,936800
2024-12-09,1.7999999523162842,1.8949999809265137,1.7999999523162842,1.830000042915344,616300
2024-12-10,1.820000052452088,1.870000004768372,1.7699999809265137,1.7899999618530271,738800
2024-12-11,1.840000033378601,1.8650000095367432,1.8049999475479128,1.850000023841858,673400
2024-12-12,1.8600000143051147,1.899999976158142,1.820000052452088,1.850000023841858,1268500
2024-12-13,1.830000042915344,1.870000004768372,1.7949999570846558,1.8600000143051147,680200
2024-12-16,1.809999942779541,1.8799999952316284,1.7899999618530271,1.820000052452088,825300
2024-12-17,1.7599999904632568,1.850000023841858,1.7300000190734863,1.809999942779541,738300
2024-12-18,1.6699999570846558,1.7899999618530271,1.6299999952316284,1.7799999713897705,1163200
2024-12-19,1.590000033378601,1.690000057220459,1.5800000429153442,1.6699999570846558,1243600
2024-12-20,1.5800000429153442,1.6399999856948853,1.5700000524520874,1.5700000524520874,2151800
2024-12-23,1.5499999523162842,1.6050000190734863,1.534999966621399,1.590000033378601,652100
2024-12-24,1.590000033378601,1.590000033378601,1.5299999713897705,1.5700000524520874,214300
2024-12-26,1.6799999475479126,1.690000057220459,1.5700000524520874,1.5700000524520874,962400
2024-12-27,1.6299999952316284,1.659999966621399,1.600000023841858,1.6399999856948853,1023600
2024-12-30,1.659999966621399,1.6799999475479126,1.5829999446868896,1.590000033378601,575100
2024-12-31,1.75,1.7699999809265137,1.7000000476837158,1.7000000476837158,846200
2025-01-02,1.75,1.809999942779541,1.7050000429153442,1.75,646900
2025-01-03,1.7999999523162842,1.7999999523162842,1.7350000143051147,1.7799999713897705,353500
2025-01-06,1.7699999809265137,1.850000023841858,1.7699999809265137,1.7799999713897705,500100
2025-01-07,1.7400000095367432,1.809999942779541,1.7200000286102295,1.7699999809265137,571800
2025-01-08,1.649999976158142,1.7549999952316284,1.649999976158142,1.7100000381469729,442700
2025-01-10,1.590000033378601,1.6549999713897705,1.590000033378601,1.6100000143051147,593300
2025-01-13,1.5800000429153442,1.590000033378601,1.5399999618530271,1.5800000429153442,809900
2025-01-14,1.600000023841858,1.649999976158142,1.5800000429153442,1.5800000429153442,791600
2025-01-15,1.7000000476837158,1.7300000190734863,1.649999976158142,1.649999976158142,787700
2025-01-16,1.600000023841858,1.6950000524520874,1.590000033378601,1.690000057220459,770900
2025-01-17,1.5800000429153442,1.659999966621399,1.5700000524520874,1.6299999952316284,648800
2025-01-21,1.5800000429153442,1.625,1.5700000524520874,1.590000033378601,698500
2025-01-22,1.5399999618530271,1.590000033378601,1.5399999618530271,1.5800000429153442,946500
2025-01-23,1.5800000429153442,1.5850000381469729,1.524999976158142,1.5399999618530271,837900
2025-01-24,1.5800000429153442,1.625,1.5499999523162842,1.5499999523162842,769400
2025-01-27,1.5199999809265137,1.6399999856948853,1.5099999904632568,1.5800000429153442,1106100
2025-01-28,1.5299999713897705,1.5499999523162842,1.4900000095367432,1.5499999523162842,992500
2025-01-29,1.5,1.5299999713897705,1.4550000429153442,1.5199999809265137,1092000
2025-01-30,1.5,1.5499999523162842,1.4800000190734863,1.5299999713897705,566100
2025-01-31,1.4700000286102295,1.5199999809265137,1.440000057220459,1.4900000095367432,992200
2025-02-03,1.399999976158142,1.4600000381469729,1.3899999856948853,1.4299999475479126,1314300
2025-02-04,1.4700000286102295,1.4700000286102295,1.3899999856948853,1.409999966621399,537300
2025-02-05,1.440000057220459,1.5,1.4199999570846558,1.4700000286102295,519300
2025-02-06,1.4299999475479126,1.475000023841858,1.399999976158142,1.4500000476837158,523000
2025-02-07,1.3600000143051147,1.440000057220459,1.340000033378601,1.4199999570846558,1103000
2025-02-10,1.340000033378601,1.4299999475479126,1.3300000429153442,1.3600000143051147,1137700
2025-02-11,1.3799999952316284,1.409999966621399,1.3300000429153442,1.3300000429153442,1157500
2025-02-12,1.4700000286102295,1.4800000190734863,1.3700000047683716,1.3700000047683716,1092700
2025-02-13,1.5099999904632568,1.5199999809265137,1.4800000190734863,1.5199999809265137,849500
2025-02-14,1.4900000095367432,1.5399999618530271,1.4900000095367432,1.5199999809265137,647700
2025-02-18,1.5700000524520874,1.5700000524520874,1.4800000190734863,1.4800000190734863,1163800
2025-02-19,1.5499999523162842,1.6100000143051147,1.5299999713897705,1.5700000524520874,1019100
2025-02-20,1.5299999713897705,1.5509999990463257,1.4900000095367432,1.5399999618530271,963200
2025-02-21,1.4500000476837158,1.5700000524520874,1.440000057220459,1.559999942779541,941500
2025-02-24,1.409999966621399,1.4800000190734863,1.409999966621399,1.4800000190734863,1470500
2025-02-25,1.3200000524520874,1.4199999570846558,1.309999942779541,1.4199999570846558,1074300
2025-02-26,1.2599999904632568,1.315999984741211,1.2400000095367432,1.309999942779541,4784900
2025-02-27,1.2400000095367432,1.2599999904632568,1.2200000286102295,1.25,5515600
2025-02-28,1.2400000095367432,1.25,1.215000033378601,1.2300000190734863,4980200
2025-03-03,1.2599999904632568,1.350000023841858,1.2450000047683716,1.25,3843900
2025-03-04,1.2699999809265137,1.2999999523162842,1.2200000286102295,1.25,3249100
2025-03-05,1.3600000143051147,1.3600000143051147,1.090000033378601,1.090000033378601,3105600
2025-03-06,1.2599999904632568,1.3300000429153442,1.2300000190734863,1.309999942779541,1931600
2025-03-07,1.2200000286102295,1.2599999904632568,1.190000057220459,1.2400000095367432,2888700
2025-03-10,1.159999966621399,1.2599999904632568,1.1349999904632568,1.2400000095367432,2018800
2025-03-11,1.1200000047683716,1.1799999475479126,1.1100000143051147,1.159999966621399,2217400
2025-03-12,1.159999966621399,1.2100000381469729,1.1200000047683716,1.2000000476837158,4771700
2025-03-13,1.0800000429153442,1.159999966621399,1.0700000524520874,1.1399999856948853,1900100
2025-03-14,1.1799999475479126,1.1950000524520874,1.1100000143051147,1.1399999856948853,2820500
2025-03-17,1.1699999570846558,1.22599995136261,1.1399999856948853,1.1799999475479126,2014200
2025-03-18,1.149999976158142,1.1699999570846558,1.1100000143051147,1.159999966621399,1049700
2025-03-19,1.1799999475479126,1.215000033378601,1.159999966621399,1.1799999475479126,1162900
2025-03-20,1.190000057220459,1.2350000143051147,1.149999976158142,1.149999976158142,1169400
2025-03-21,1.1699999570846558,1.1799999475479126,1.1349999904632568,1.149999976158142,2144600
2025-03-24,1.2000000476837158,1.2200000286102295,1.1799999475479126,1.1799999475479126,869200
2025-03-25,1.190000057220459,1.215000033378601,1.159999966621399,1.2000000476837158,751200
2025-03-26,1.149999976158142,1.190000057220459,1.1399999856948853,1.1699999570846558,796700
2025-03-27,1.159999966621399,1.1799999475479126,1.149999976158142,1.149999976158142,626800
2025-03-28,1.1200000047683716,1.159999966621399,1.1100000143051147,1.159999966621399,1448700
2025-03-31,1.2100000381469729,1.2280000448226929,1.0700000524520874,1.1100000143051147,2198000
2025-04-01,1.149999976158142,1.2100000381469729,1.125,1.2000000476837158,1053900
2025-04-02,1.149999976158142,1.190000057220459,1.1299999952316284,1.1299999952316284,808000
2025-04-03,1.0700000524520874,1.1200000047683716,1.0700000524520874,1.0800000429153442,1010400
2025-04-04,1.0099999904632568,1.059999942779541,0.975000023841858,1.059999942779541,2357300
2025-04-07,1.059999942779541,1.1200000047683716,0.9300000071525574,0.959999978542328,1621600
2025-04-08,1.0299999713897705,1.100000023841858,1.0099999904632568,1.100000023841858,1236400
2025-04-09,1.149999976158142,1.1950000524520874,1.0,1.0199999809265137,1602500
2025-04-10,0.8090000152587891,1.0800000429153442,0.7599999904632568,1.0,6231700
2025-04-11,0.7540000081062317,0.7799999713897705,0.6710000038146973,0.7799999713897705,3518400
2025-04-14,0.7300000190734863,0.8299999833106995,0.7160000205039978,0.7799999713897705,3631000
2025-04-15,0.7200000286102295,0.7960000038146973,0.7099999785423279,0.7099999785423279,3624900
2025-04-16,0.7260000109672546,0.7480000257492065,0.7099999785423279,0.7200000286102295,1622900
2025-04-17,0.7919999957084656,0.8339999914169312,0.7200000286102295,0.7200000286102295,4219700
2025-04-21,0.7960000038146973,0.8209999799728394,0.777999997138977,0.8209999799728394,1796200
2025-04-22,0.8080000281333923,0.8339999914169312,0.7900000214576721,0.800000011920929,864900
2025-04-23,0.8460000157356262,0.8930000066757202,0.8159999847412109,0.8309999704360962,2730000
2025-04-24,0.8899999856948853,0.9169999957084656,0.8420000076293945,0.8600000143051147,1576300
2025-04-25,0.8880000114440918,0.8999999761581421,0.8569999933242798,0.8700000047683716,1767600
2025-04-28,0.9210000038146972,0.9350000023841858,0.8769999742507935,0.8799999952316284,1609300
2025-04-29,0.912999987602234,0.9449999928474426,0.9039999842643738,0.9110000133514404,1262800
2025-04-30,0.953000009059906,0.9710000157356262,0.8799999952316284,0.8999999761581421,1107800
2025-05-01,0.959999978542328,0.9879999756813048,0.9539999961853028,0.977999985218048,802600
2025-05-02,0.9700000286102296,1.0399999618530271,0.9639999866485596,0.9919999837875366,1765600
2025-05-05,0.9629999995231628,0.9879999756813048,0.9350000023841858,0.949999988079071,2687800
2025-05-06,0.8999999761581421,0.9819999933242798,0.8899999856948853,0.9300000071525574,2831900
2025-05-07,0.9350000023841858,0.9890000224113464,0.8109999895095825,0.8199999928474426,1234800
2025-05-08,0.8799999952316284,0.953000009059906,0.8399999737739563,0.953000009059906,2152100
2025-05-09,0.8500000238418579,0.9279999732971193,0.8489999771118164,0.8799999952316284,1631300
2025-05-12,0.8069999814033508,0.9380000233650208,0.7200000286102295,0.906000018119812,7957900
2025-05-13,0.8199999928474426,0.8330000042915344,0.800000011920929,0.8100000023841858,4089100
2025-05-14,0.7900000214576721,0.8510000109672546,0.7400000095367432,0.8109999895095825,3309000
2025-05-15,0.7509999871253967,0.800000011920929,0.75,0.7599999904632568,2662400
2025-05-16,0.8619999885559082,0.8840000033378601,0.7450000047683716,0.75,3136300
2025-05-19,0.8650000095367432,0.8939999938011169,0.8240000009536743,0.8500000238418579,2166600
2025-05-20,0.8619999885559082,0.8999999761581421,0.8220000267028809,0.8949999809265137,1139900
2025-05-21,0.8320000171661377,0.8579999804496765,0.8100000023841858,0.8399999737739563,1162600
2025-05-22,0.8140000104904175,0.8529999852180481,0.800000011920929,0.8149999976158142,908800
2025-05-23,0.7960000038146973,0.8299999833106995,0.7820000052452087,0.8009999990463257,1639100
2025-05-27,0.8370000123977661,0.8399999737739563,0.7850000262260437,0.800000011920929,1614400
2025-05-28,0.8399999737739563,0.8560000061988831,0.8159999847412109,0.8330000042915344,1269500
2025-05-29,0.8429999947547913,0.8519999980926514,0.8140000104904175,0.8399999737739563,1235100
2025-05-30,0.843999981880188,0.8790000081062317,0.7839999794960022,0.8199999928474426,1353400
2025-06-02,0.8429999947547913,0.8700000047683716,0.8100000023841858,0.8399999737739563,1017700
2025-06-03,0.8999999761581421,0.9290000200271606,0.8259999752044678,0.8299999833106995,2072000
2025-06-04,0.9089999794960022,0.925000011920929,0.8500000238418579,0.9049999713897704,1330700
2025-06-05,0.9269999861717224,0.9900000095367432,0.8999999761581421,0.925000011920929,1486900
2025-06-06,0.9160000085830688,0.9639999866485596,0.9049999713897704,0.959999978542328,1212800
2025-06-09,0.915000021457672,0.949999988079071,0.8999999761581421,0.9120000004768372,1711100
2025-06-10,0.8899999856948853,0.9240000247955322,0.8809999823570251,0.9100000262260436,1730800
2025-06-11,0.9160000085830688,0.9380000233650208,0.8610000014305115,0.8899999856948853,2016300
2025-06-12,0.8999999761581421,0.9300000071525574,0.8610000014305115,0.8999999761581421,2232300
2025-06-13,0.8849999904632568,0.9020000100135804,0.8510000109672546,0.8849999904632568,1884400
2025-06-16,0.8880000114440918,0.9449999928474426,0.8830000162124634,0.8949999809265137,3909500
2025-06-17,0.9010000228881836,0.9229999780654908,0.8709999918937683,0.8709999918937683,1990200
2025-06-18,0.915000021457672,0.962000012397766,0.8799999952316284,0.8799999952316284,2037200
2025-06-20,0.8899999856948853,0.9399999976158142,0.8679999709129333,0.9100000262260436,3111600
2025-06-23,0.9120000004768372,0.9380000233650208,0.8799999952316284,0.8920000195503235,2271400
2025-06-24,0.9380000233650208,0.949999988079071,0.8899999856948853,0.9160000085830688,3131600
2025-06-25,0.9210000038146972,0.9319999814033508,0.8999999761581421,0.9300000071525574,1187100
2025-06-26,0.9539999961853028,0.972000002861023,0.9039999842643738,0.9279999732971193,1707200
2025-06-27,0.9300000071525574,0.9829999804496764,0.9300000071525574,0.9589999914169312,26447800
2025-06-30,0.9900000095367432,1.0299999713897705,0.9380000233650208,0.9509999752044678,5629000
2025-07-01,1.0299999713897705,1.100000023841858,0.9739999771118164,0.9900000095367432,2133700
2025-07-02,1.1100000143051147,1.1349999904632568,1.0199999809265137,1.0199999809265137,2006400
2025-07-03,1.1100000143051147,1.125,1.0700000524520874,1.1200000047683716,758900
2025-07-07,1.0800000429153442,1.1100000143051147,1.0399999618530271,1.100000023841858,1204100
2025-07-08,1.090000033378601,1.1100000143051147,1.0700000524520874,1.0700000524520874,4842200
2025-07-09,1.0299999713897705,1.090000033378601,1.0099999904632568,1.090000033378601,1477100
2025-07-10,1.0199999809265137,1.0399999618530271,0.996999979019165,1.0199999809265137,1103600
2025-07-11,0.9800000190734864,1.0099999904632568,0.9700000286102296,1.0,1142600
2025-07-14,0.9639999866485596,1.0199999809265137,0.959999978542328,0.959999978542328,2418100
2025-07-15,0.9369999766349792,1.0099999904632568,0.9369999766349792,0.9900000095367432,708000
2025-07-16,0.9860000014305116,0.9980000257492064,0.9300000071525574,0.9399999976158142,1664200
2025-07-17,0.9819999933242798,1.0399999618530271,0.9570000171661376,1.0099999904632568,1415500
2025-07-18,0.9660000205039978,1.0,0.953000009059906,0.9900000095367432,680700
2025-07-21,0.953000009059906,0.9950000047683716,0.949999988079071,0.9800000190734864,751700
2025-07-22,1.0199999809265137,1.0499999523162842,0.9580000042915344,0.959999978542328,1248200
2025-07-23,1.0700000524520874,1.0800000429153442,1.0,1.0099999904632568,2080300
2025-07-24,1.090000033378601,1.090000033378601,1.0399999618530271,1.059999942779541,1558100
2025-07-25,1.1399999856948853,1.190000057220459,1.100000023841858,1.100000023841858,1229500
2025-07-28,1.149999976158142,1.1690000295639038,1.1200000047683716,1.159999966621399,1282900
2025-07-29,1.0700000524520874,1.159999966621399,1.0700000524520874,1.149999976158142,1468500
2025-07-30,1.0299999713897705,1.090000033378601,1.0199999809265137,1.090000033378601,802000
2025-07-31,1.0099999904632568,1.0700000524520874,0.9929999709129332,1.0099999904632568,1431700
2025-08-01,0.959999978542328,0.9900000095367432,0.9459999799728394,0.9800000190734864,1595100
2025-08-04,1.0099999904632568,1.0399999618530271,0.949999988079071,0.959999978542328,1632700
2025-08-05,0.9860000014305116,1.0299999713897705,0.959999978542328,1.0199999809265137,1895700
2025-08-06,1.1399999856948853,1.190000057220459,0.8999999761581421,0.9100000262260436,2288900
2025-08-07,1.1699999570846558,1.1699999570846558,1.100000023841858,1.1699999570846558,1234900
2025-08-08,1.2699999809265137,1.2999999523162842,1.1239999532699585,1.149999976158142,2128600
2025-08-11,1.25,1.2799999713897705,1.2100000381469729,1.2699999809265137,1062200
2025-08-12,1.3600000143051147,1.3949999809265137,1.3300000429153442,1.3600000143051147,2046700
2025-08-13,1.3600000143051147,1.440000057220459,1.2799999713897705,1.440000057220459,1561200
2025-08-14,1.340000033378601,1.3799999952316284,1.309999942779541,1.340000033378601,613700
2025-08-15,1.3200000524520874,1.3700000047683716,1.3200000524520874,1.3200000524520874,624800
2025-08-18,1.5,1.559999942779541,1.350000023841858,1.350000023841858,4409400
2025-08-19,1.5,1.6299999952316284,1.465000033378601,1.5199999809265137,3600100
2025-08-20,1.4500000476837158,1.5499999523162842,1.3949999809265137,1.5399999618530271,1084600
2025-08-21,1.399999976158142,1.434999942779541,1.3799999952316284,1.409999966621399,1053800
2025-08-22,1.4800000190734863,1.4900000095367432,1.4049999713897705,1.4199999570846558,777800
2025-08-25,1.440000057220459,1.5499999523162842,1.4199999570846558,1.4800000190734863,540400
2025-08-26,1.4900000095367432,1.5149999856948853,1.465000033378601,1.4900000095367432,1380800
2025-08-27,1.4700000286102295,1.5099999904632568,1.4299999475479126,1.4800000190734863,976100
2025-08-28,1.4500000476837158,1.5,1.4500000476837158,1.4700000286102295,740000
2025-08-29,1.4800000190734863,1.4800000190734863,1.434999942779541,1.4600000381469729,519300
2025-09-02,1.4500000476837158,1.5299999713897705,1.4299999475479126,1.4800000190734863,859200
2025-09-03,1.440000057220459,1.4869999885559082,1.4249999523162842,1.4600000381469729,937800
2025-09-04,1.4199999570846558,1.4299999475479126,1.3700000047683716,1.4299999475479126,844500
2025-09-05,1.4600000381469729,1.5099999904632568,1.409999966621399,1.409999966621399,580000
2025-09-08,1.4600000381469729,1.5049999952316284,1.440000057220459,1.5,345600
2025-09-09,1.4600000381469729,1.4850000143051147,1.4299999475479126,1.4500000476837158,424100
2025-09-10,1.4299999475479126,1.4800000190734863,1.4299999475479126,1.4500000476837158,788300
2025-09-11,1.4900000095367432,1.4900000095367432,1.402999997138977,1.4199999570846558,1482700
2025-09-12,1.4500000476837158,1.4800000190734863,1.409999966621399,1.4800000190734863,915000
2025-09-15,1.5199999809265137,1.5700000524520874,1.440000057220459,1.440000057220459,1689000
2025-09-16,1.5499999523162842,1.659999966621399,1.5399999618530271,1.6299999952316284,1635600
2025-09-17,1.6399999856948853,1.7799999713897705,1.6200000047683716,1.649999976158142,3012900
2025-09-18,1.600000023841858,1.6890000104904177,1.559999942779541,1.6799999475479126,1410900
2025-09-19,1.5800000429153442,1.6299999952316284,1.5700000524520874,1.590000033378601,1035000
2025-09-22,1.6200000047683716,1.6549999713897705,1.5700000524520874,1.5800000429153442,1608200
2025-09-23,1.600000023841858,1.6299999952316284,1.5700000524520874,1.6100000143051147,646000
2025-09-24,1.5299999713897705,1.6100000143051147,1.5099999904632568,1.6100000143051147,638700
2025-09-25,1.4800000190734863,1.5099999904632568,1.4600000381469729,1.5099999904632568,641400
2025-09-26,1.4500000476837158,1.5049999952316284,1.4199999570846558,1.4800000190734863,994300
2025-09-29,1.4500000476837158,1.4950000047683716,1.4299999475479126,1.4500000476837158,622000
2025-09-30,1.409999966621399,1.4500000476837158,1.3899999856948853,1.4299999475479126,503100
2025-10-01,1.399999976158142,1.4900000095367432,1.3799999952316284,1.4299999475479126,824300
2025-10-02,1.3600000143051147,1.4199999570846558,1.340000033378601,1.3899999856948853,552600
2025-10-03,1.3799999952316284,1.4199999570846558,1.350000023841858,1.3799999952316284,980900
2025-10-06,1.3700000047683716,1.399999976158142,1.3550000190734863,1.3899999856948853,998800
2025-10-07,1.3700000047683716,1.4299999475479126,1.3300000429153442,1.3799999952316284,1266300
2025-10-08,1.5099999904632568,1.5099999904632568,1.3799999952316284,1.3899999856948853,1115400
2025-10-09,1.4700000286102295,1.5199999809265137,1.440000057220459,1.5,853500
2025-10-10,1.3899999856948853,1.5,1.368000030517578,1.4700000286102295,895600
2025-10-13,1.399999976158142,1.440000057220459,1.3899999856948853,1.4299999475479126,569400
2025-10-14,1.4500000476837158,1.475000023841858,1.3700000047683716,1.3700000047683716,434700
2025-10-15,1.5,1.5099999904632568,1.4500000476837158,1.4600000381469729,482200
2025-10-16,1.4600000381469729,1.5,1.440000057220459,1.4800000190734863,555600
2025-10-17,1.4199999570846558,1.4700000286102295,1.409999966621399,1.4700000286102295,519000
2025-10-20,1.409999966621399,1.4900000095367432,1.399999976158142,1.4199999570846558,5696300
2025-10-21,1.4700000286102295,1.5199999809265137,1.4199999570846558,1.4199999570846558,1185300
2025-10-22,1.4600000381469729,1.5399999618530271,1.409999966621399,1.5,817600
2025-10-23,1.4700000286102295,1.5099999904632568,1.4600000381469729,1.4600000381469729,1180900
2025-10-24,1.4900000095367432,1.524999976158142,1.4900000095367432,1.4900000095367432,661000
2025-10-27,1.4500000476837158,1.5199999809265137,1.4500000476837158,1.5,351200
2025-10-28,1.3899999856948853,1.4600000381469729,1.3899999856948853,1.4600000381469729,533300
2025-10-29,1.3799999952316284,1.4329999685287476,1.3600000143051147,1.409999966621399,317200
2025-10-30,1.350000023841858,1.3799999952316284,1.340000033378601,1.350000023841858,216600
2025-10-31,1.3899999856948853,1.399999976158142,1.309999942779541,1.340000033378601,623700
2025-11-03,1.3600000143051147,1.4539999961853027,1.3350000381469729,1.409999966621399,784800
2025-11-04,1.350000023841858,1.3700000047683716,1.3250000476837158,1.340000033378601,691800
2025-11-05,1.399999976158142,1.4700000286102295,1.3200000524520874,1.4700000286102295,1317000
2025-11-06,1.4800000190734863,1.5399999618530271,1.4199999570846558,1.4199999570846558,973000
2025-11-07,1.4500000476837158,1.4700000286102295,1.409999966621399,1.4600000381469729,648000
2025-11-10,1.4600000381469729,1.4900000095367432,1.440000057220459,1.4700000286102295,723000
2025-11-11,1.5099999904632568,1.5299999713897705,1.462000012397766,1.4700000286102295,489700
2025-11-12,1.4900000095367432,1.5199999809265137,1.4850000143051147,1.4900000095367432,501600
2025-11-13,1.4800000190734863,1.5049999952316284,1.475000023841858,1.5,673400
2025-11-14,1.4500000476837158,1.4900000095367432,1.440000057220459,1.4700000286102295,618200
2025-11-17,1.440000057220459,1.4900000095367432,1.4199999570846558,1.4600000381469729,785700
2025-11-18,1.399999976158142,1.440000057220459,1.3700000047683716,1.399999976158142,642900
2025-11-19,1.409999966621399,1.4299999475479126,1.3799999952316284,1.3799999952316284,496900
2025-11-20,1.440000057220459,1.5,1.4249999523162842,1.4600000381469729,947800
2025-11-21,1.4500000476837158,1.4709999561309814,1.399999976158142,1.4199999570846558,543600
2025-11-24,1.6699999570846558,1.6699999570846558,1.503999948501587,1.5399999618530271,1708600
2025-11-25,1.7400000095367432,1.7599999904632568,1.684999942779541,1.690000057220459,1516700
2025-11-26,1.7400000095367432,1.809999942779541,1.7100000381469729,1.7999999523162842,782300
2025-11-28,1.7200000286102295,1.7649999856948853,1.6799999475479126,1.7400000095367432,812600
2025-12-01,1.6799999475479126,1.7350000143051147,1.6699999570846558,1.7100000381469729,797400
2025-12-02,1.7100000381469729,1.7200000286102295,1.6699999570846558,1.690000057220459,570000
2025-12-03,1.820000052452088,1.914999961853028,1.75,1.7999999523162842,1704400
2025-12-04,1.8799999952316284,1.9299999475479128,1.840000033378601,1.8600000143051147,2167800
2025-12-05,1.9700000286102293,2.140000104904175,1.8650000095367432,1.9600000381469729,2603500
2025-12-08,1.8899999856948853,2.058000087738037,1.8600000143051147,2.049999952316284,958900
2025-12-09,2.0199999809265137,2.0850000381469727,1.883999943733216,1.899999976158142,1489200
2025-12-10,2.0,2.059999942779541,1.934999942779541,2.0199999809265137,1124200
2025-12-11,2.039999961853028,2.0799999237060547,1.9900000095367432,2.039999961853028,1047700
2025-12-12,2.069999933242798,2.1449999809265137,2.0199999809265137,2.039999961853028,1840000
2025-12-15,2.049999952316284,2.200000047683716,2.0199999809265137,2.200000047683716,1934300
2025-12-16,2.049999952316284,2.0789999961853027,1.9800000190734863,2.0299999713897705,1690700
2025-12-17,2.0799999237060547,2.150000095367432,2.055000066757202,2.150000095367432,1321000
2025-12-18,2.119999885559082,2.177000045776367,2.0810000896453857,2.109999895095825,971400
2025-12-19,2.0899999141693115,2.140000104904175,2.039999961853028,2.109999895095825,1728100
2025-12-22,2.049999952316284,2.130000114440918,1.9900000095367432,2.119999885559082,2314600
2025-12-23,2.069999933242798,2.075000047683716,1.965000033378601,2.049999952316284,2002400
2025-12-24,2.009999990463257,2.062999963760376,1.995000004768372,2.059999942779541,664600
2025-12-26,2.0299999713897705,2.039999961853028,2.0,2.0,470400
2025-12-29,2.0199999809265137,2.0350000858306885,2.009999990463257,2.0199999809265137,681100
2025-12-30,2.0299999713897705,2.049999952316284,2.005000114440918,2.0199999809265137,712900
2025-12-31,2.0199999809265137,2.049999952316284,2.009999990463257,2.0199999809265137,942600
2026-01-02,1.9299999475479128,2.0299999713897705,1.9299999475479128,2.0199999809265137,1858200
2026-01-05,1.8899999856948853,1.9299999475479128,1.8650000095367432,1.9299999475479128,1357700
2026-01-06,1.870000004768372,1.919999957084656,1.870000004768372,1.899999976158142,835300
2026-01-07,1.840000033378601,1.875,1.820000052452088,1.870000004768372,1035400
2026-01-08,1.830000042915344,1.8600000143051147,1.809999942779541,1.809999942779541,1163500
2026-01-09,1.809999942779541,1.830000042915344,1.8049999475479128,1.830000042915344,548400
2026-01-12,1.7799999713897705,1.8289999961853027,1.7799999713897705,1.820000052452088,628500
2026-01-13,1.7799999713897705,1.7899999618530271,1.7599999904632568,1.7699999809265137,712100
2026-01-14,1.7799999713897705,1.809999942779541,1.7599999904632568,1.7699999809265137,433000
2026-01-15,1.7400000095367432,1.809999942779541,1.7400000095367432,1.7899999618530271,1105100
2026-01-16,1.840000033378601,1.870000004768372,1.7400000095367432,1.7599999904632568,1860700
2026-01-20,1.7200000286102295,1.820000052452088,1.7200000286102295,1.809999942779541,1533600
2026-01-21,1.7200000286102295,1.75,1.7000000476837158,1.7200000286102295,544600
2026-01-22,1.7300000190734863,1.75,1.7100000381469729,1.7300000190734863,902100
2026-01-23,1.7999999523162842,1.809999942779541,1.7050000429153442,1.7300000190734863,1002200
2026-01-26,1.7300000190734863,1.8140000104904173,1.7000000476837158,1.7899999618530271,2246900
2026-01-27,1.7200000286102295,1.75,1.7100000381469729,1.7200000286102295,4566800
2026-01-28,1.6799999475479126,1.725000023841858,1.6699999570846558,1.7200000286102295,1112800
2026-01-29,1.6699999570846558,1.7000000476837158,1.6299999952316284,1.7000000476837158,669800
2026-01-30,1.6200000047683716,1.659999966621399,1.6100000143051147,1.6399999856948853,1797700
2026-02-02,1.659999966621399,1.7000000476837158,1.6100000143051147,1.6100000143051147,808200
2026-02-03,1.7100000381469729,1.7200000286102295,1.6299999952316284,1.6799999475479126,891200
2026-02-04,1.659999966621399,1.7100000381469729,1.659999966621399,1.7100000381469729,2475100
2026-02-05,1.6799999475479126,1.7050000429153442,1.6399999856948853,1.7000000476837158,3494300
2026-02-06,1.75,1.7599999904632568,1.6549999713897705,1.6799999475479126,3753700
2026-02-09,1.7400000095367432,1.784999966621399,1.725000023841858,1.75,766500
2026-02-10,1.7599999904632568,1.815000057220459,1.7350000143051147,1.7400000095367432,924100
2026-02-11,1.7400000095367432,1.7999999523162842,1.7000000476837158,1.7999999523162842,828100
2026-02-12,1.6100000143051147,1.7350000143051147,1.600000023841858,1.7200000286102295,836700
2026-02-13,1.6200000047683716,1.649999976158142,1.6039999723434448,1.6200000047683716,667600
2026-02-17,1.6100000143051147,1.649999976158142,1.559999942779541,1.600000023841858,656400
2026-02-18,1.6699999570846558,1.6799999475479126,1.590000033378601,1.6100000143051147,1403700
2026-02-19,1.659999966621399,1.684999942779541,1.600000023841858,1.649999976158142,1301700
2026-02-20,1.6399999856948853,1.7000000476837158,1.6399999856948853,1.649999976158142,811000
2026-02-23,1.600000023841858,1.6299999952316284,1.5800000429153442,1.6299999952316284,552400
2026-02-24,1.5800000429153442,1.6200000047683716,1.5700000524520874,1.5800000429153442,449400
2026-02-25,1.6299999952316284,1.6399999856948853,1.5800000429153442,1.600000023841858,699600
2026-02-26,1.6200000047683716,1.659999966621399,1.6100000143051147,1.6200000047683716,445700
2026-02-27,1.5199999809265137,1.600000023841858,1.5,1.600000023841858,911000
2026-03-02,1.5700000524520874,1.590000033378601,1.4919999837875366,1.5,1064100
2026-03-03,1.5399999618530271,1.6100000143051147,1.5,1.5499999523162842,1246900
2026-03-04,1.7899999618530271,1.7899999618530271,1.659999966621399,1.7200000286102295,2082800
2026-03-05,1.75,1.7860000133514404,1.7000000476837158,1.7400000095367432,1196500
2026-03-06,1.7699999809265137,1.7699999809265137,1.690000057220459,1.7300000190734863,821600
2026-03-09,1.7799999713897705,1.7899999618530271,1.7200000286102295,1.7200000286102295,949600
2026-03-10,1.8799999952316284,1.8949999809265137,1.784999966621399,1.7999999523162842,929900
2026-03-11,1.870000004768372,1.899999976158142,1.8550000190734863,1.8600000143051147,1084400
2026-03-12,1.649999976158142,1.8899999856948853,1.649999976158142,1.8899999856948853,2175700
2026-03-13,1.6699999570846558,1.850000023841858,1.6699999570846558,1.850000023841858,1760900
2026-03-16,1.7200000286102295,1.7450000047683716,1.6799999475479126,1.7200000286102295,650200
2026-03-17,1.690000057220459,1.7350000143051147,1.6799999475479126,1.7000000476837158,433900
2026-03-18,1.6100000143051147,1.7050000429153442,1.600000023841858,1.7000000476837158,644800
2026-03-19,1.590000033378601,1.6200000047683716,1.5449999570846558,1.559999942779541,766400
2026-03-20,1.5800000429153442,1.5800000429153442,1.5099999904632568,1.559999942779541,926000
2026-03-23,1.6100000143051147,1.6399999856948853,1.5709999799728394,1.5800000429153442,1152300
2026-03-24,1.5700000524520874,1.6050000190734863,1.559999942779541,1.5700000524520874,1104900
2026-03-25,1.559999942779541,1.6399999856948853,1.559999942779541,1.6299999952316284,600700
2026-03-26,1.5299999713897705,1.5700000524520874,1.5199999809265137,1.559999942779541,439200
2026-03-27,1.4800000190734863,1.5049999952316284,1.4520000219345093,1.5,895800
2026-03-30,1.409999966621399,1.5,1.409999966621399,1.5,408700
2026-03-31,1.5,1.5099999904632568,1.409999966621399,1.440000057220459,928400
2026-04-01,1.4900000095367432,1.5499999523162842,1.4850000143051147,1.5199999809265137,438800
2026-04-02,1.5199999809265137,1.559999942779541,1.440000057220459,1.4700000286102295,401700
2026-04-06,1.5,1.5499999523162842,1.4800000190734863,1.5,692400
2026-04-07,1.4299999475479126,1.4900000095367432,1.4299999475479126,1.4700000286102295,544100
2026-04-08,1.440000057220459,1.5449999570846558,1.440000057220459,1.4800000190734863,727600
2026-04-09,1.3799999952316284,1.440000057220459,1.375,1.440000057220459,1258100
2026-04-10,1.409999966621399,1.4199999570846558,1.3700000047683716,1.399999976158142,595000
2026-04-13,1.4299999475479126,1.4500000476837158,1.399999976158142,1.4199999570846558,577800
2026-04-14,1.440000057220459,1.4700000286102295,1.4299999475479126,1.4299999475479126,496100
2026-04-15,1.4800000190734863,1.4800000190734863,1.4299999475479126,1.4299999475479126,462800
2026-04-16,1.4700000286102295,1.4900000095367432,1.4600000381469729,1.4600000381469729,506900
2026-04-17,1.5700000524520874,1.5700000524520874,1.4700000286102295,1.4900000095367432,1710100
2026-04-20,1.5199999809265137,1.5850000381469729,1.5099999904632568,1.5700000524520874,1016400
2026-04-21,1.4800000190734863,1.524999976158142,1.440000057220459,1.5099999904632568,437900
2026-04-22,1.4700000286102295,1.4800000190734863,1.4500000476837158,1.4800000190734863,210500
2026-04-23,1.3799999952316284,1.475000023841858,1.350000023841858,1.4600000381469729,769100
2026-04-24,1.350000023841858,1.399999976158142,1.340000033378601,1.399999976158142,449600
2026-04-27,1.3600000143051147,1.3849999904632568,1.3300000429153442,1.340000033378601,355200
2026-04-28,1.340000033378601,1.350000023841858,1.309999942779541,1.350000023841858,314300
2026-04-29,1.340000033378601,1.350000023841858,1.315000057220459,1.350000023841858,402000
2026-04-30,1.3600000143051147,1.3600000143051147,1.3200000524520874,1.340000033378601,450000
2026-05-01,1.3600000143051147,1.399999976158142,1.350000023841858,1.3700000047683716,782500
2026-05-04,1.3899999856948853,1.409999966621399,1.350000023841858,1.3600000143051147,1540100
2026-05-05,1.4299999475479126,1.465000033378601,1.3899999856948853,1.399999976158142,1975200
2026-05-06,1.1699999570846558,1.3200000524520874,1.100000023841858,1.149999976158142,4261200
2026-05-07,1.1399999856948853,1.1950000524520874,1.1100000143051147,1.1699999570846558,958000
2026-05-08,1.1200000047683716,1.159999966621399,1.100000023841858,1.1299999952316284,1155400
2026-05-11,1.1799999475479126,1.2999999523162842,1.159999966621399,1.2400000095367432,1940100
2026-05-12,1.1399999856948853,1.1950000524520874,1.1349999904632568,1.1699999570846558,667100
2026-05-13,1.1100000143051147,1.149999976158142,1.090000033378601,1.1299999952316284,1459100
2026-05-14,1.1699999570846558,1.2050000429153442,1.1200000047683716,1.159999966621399,1579600
2026-05-15,1.1200000047683716,1.1799999475479126,1.1100000143051147,1.1799999475479126,858600
2026-05-18,1.1399999856948853,1.149999976158142,1.100000023841858,1.1100000143051147,1119200
2026-05-19,1.149999976158142,1.1749999523162842,1.1299999952316284,1.149999976158142,1275400
2026-05-20,1.2300000190734863,1.25,1.1299999952316284,1.149999976158142,2079100
2026-05-21,1.2200000286102295,1.25,1.2000000476837158,1.2000000476837158,1111400
2026-05-22,1.2799999713897705,1.3250000476837158,1.2100000381469729,1.2100000381469729,1421400
2026-05-26,1.2699999809265137,1.3200000524520874,1.2300000190734863,1.2799999713897705,1652300
2026-05-27,1.309999942779541,1.350000023841858,1.2699999809265137,1.2799999713897705,1044700
2026-05-28,1.309999942779541,1.3600000143051147,1.2999999523162842,1.340000033378601,1326500
2026-05-29,1.2599999904632568,1.309999942779541,1.2450000047683716,1.2999999523162842,1118700
2026-06-01,1.2400000095367432,1.2799999713897705,1.2200000286102295,1.2599999904632568,1153500
2026-06-02,1.2300000190734863,1.25600004196167,1.190000057220459,1.25,692300
2026-06-03,1.1699999570846558,1.2400000095367432,1.159999966621399,1.2400000095367432,769000
2026-06-04,1.159999966621399,1.1959999799728394,1.159999966621399,1.1799999475479126,601900
2026-06-05,1.100000023841858,1.184999942779541,1.090000033378601,1.1699999570846558,1637600
2026-06-08,1.1299999952316284,1.190000057220459,1.1200000047683716,1.159999966621399,2337800
2026-06-09,1.1299999952316284,1.2000000476837158,1.1200000047683716,1.1399999856948853,4060400
2026-06-10,1.090000033378601,1.1360000371932983,1.090000033378601,1.1100000143051147,1125000
2026-06-11,1.149999976158142,1.2000000476837158,1.1150000095367432,1.149999976158142,2573700
2026-06-12,1.1399999856948853,1.1799999475479126,1.125,1.1699999570846558,1646300
2026-06-15,1.1299999952316284,1.215000033378601,1.1299999952316284,1.149999976158142,983600
2026-06-16,1.0800000429153442,1.149999976158142,1.0800000429153442,1.1299999952316284,1252100
2026-06-17,1.0700000524520874,1.1200000047683716,1.059999942779541,1.100000023841858,1863500
2026-06-18,1.1299999952316284,1.1699999570846558,1.0700000524520874,1.0700000524520874,2429400
2026-06-22,1.100000023841858,1.1699999570846558,1.090000033378601,1.1200000047683716,2710300
2026-06-23,1.1299999952316284,1.1399999856948853,1.0800000429153442,1.090000033378601,910000
2026-06-24,1.1200000047683716,1.1549999713897705,1.1100000143051147,1.1299999952316284,1165600
2026-06-25,1.1399999856948853,1.1699999570846558,1.1150000095367432,1.1299999952316284,2363900
2026-06-26,1.2200000286102295,1.2599999904632568,1.1349999904632568,1.149999976158142,21074700
2026-06-29,1.2200000286102295,1.2799999713897705,1.190000057220459,1.2400000095367432,1708000
2026-06-30,1.190000057220459,1.225000023841858,1.1799999475479126,1.2100000381469729,1599300
2026-07-01,1.1699999570846558,1.2400000095367432,1.149999976158142,1.2100000381469729,3422800
2026-07-02,1.149999976158142,1.2000000476837158,1.1399999856948853,1.1799999475479126,1562700
2026-07-06,1.1299999952316284,1.1799999475479126,1.1200000047683716,1.1399999856948853,1772000
2026-07-07,1.0700000524520874,1.1399999856948853,1.0700000524520874,1.1299999952316284,1305100
2026-07-08,1.0499999523162842,1.0700000524520874,1.0099999904632568,1.0700000524520874,2542500
2026-07-09,1.0499999523162842,1.0800000429153442,1.0149999856948853,1.0399999618530271,1275300
2026-07-10,1.0299999713897705,1.0800000429153442,1.024999976158142,1.0399999618530271,1089200
2026-07-13,0.9819999933242798,1.0499999523162842,0.972000002861023,1.0099999904632568,4960700
2026-07-14,0.9710000157356262,1.0199999809265137,0.9710000157356262,1.0,1317700
2026-07-15,0.9610000252723694,1.0149999856948853,0.9549999833106996,0.9710000157356262,2116600
2026-07-16,0.9570000171661376,0.972000002861023,0.9049999713897704,0.949999988079071,1903100
2026-07-17,0.9639999866485596,0.9789999723434448,0.9190000295639038,0.9200000166893004,1364800
2026-07-20,0.9940000176429749,1.0099999904632568,0.959999978542328,0.959999978542328,2355600
2026-07-21,0.9649999737739564,1.0,0.959999978542328,1.0,1894500
2026-07-22,0.9700000286102296,0.9800000190734864,0.9549999833106996,0.9549999833106996,2529800
2026-07-23,0.9480000138282776,0.9800000190734864,0.9419999718666076,0.959999978542328,1235200
2026-07-24,0.9480000138282776,0.9700000286102296,0.9480000138282776,0.949999988079071,1918100
2026-07-27,0.9639999866485596,1.0,0.9449999928474426,0.9449999928474426,1629100
2026-07-28,1.0,1.0199999809265137,0.9629999995231628,0.9670000076293944,1814300
2026-07-29,0.9950000047683716,1.0399999618530271,0.9940000176429749,1.0,974400
2026-07-30,1.0199999809265137,1.0399999618530271,0.9800000190734864,0.9800000190734864,811500
2026-07-31,1.0099999904632568,1.0199999809265137,0.9919999837875366,1.0099999904632568,662100
2026-08-03,1.0199999809265137,1.0499999523162842,1.0099999904632568,1.0099999904632568,780700
2026-08-04,1.0499999523162842,1.0549999475479126,0.9900000095367432,0.9900000095367432,810400
2026-08-05,1.2999999523162842,1.2999999523162842,1.1399999856948853,1.149999976158142,7417100
2026-08-06,1.3700000047683716,1.3799999952316284,1.2100000381469729,1.309999942779541,2005900
2026-08-07,1.4199999570846558,1.4299999475479126,1.309999942779541,1.3799999952316284,1791500
2026-08-10,1.3600000143051147,1.440000057220459,1.350000023841858,1.4199999570846558,1371100
2026-08-11,1.409999966621399,1.440000057220459,1.3200000524520874,1.350000023841858,1358100
2026-08-12,1.4500000476837158,1.4850000143051147,1.4199999570846558,1.4600000381469729,1760100
2026-08-13,1.440000057220459,1.5049999952316284,1.4199999570846558,1.4500000476837158,2688800
2026-08-14,1.4900000095367432,1.5199999809265137,1.399999976158142,1.440000057220459,1208900
2026-08-17,1.4800000190734863,1.4900000095367432,1.440000057220459,1.4900000095367432,1090800
2026-08-18,1.3899999856948853,1.4850000143051147,1.3899999856948853,1.4700000286102295,973000
2026-08-19,1.3799999952316284,1.4249999523162842,1.3650000095367432,1.3899999856948853,862400
2026-08-20,1.350000023841858,1.378999948501587,1.340000033378601,1.3700000047683716,616000
2026-08-21,1.4299999475479126,1.4299999475479126,1.340000033378601,1.3799999952316284,1144900
2026-08-24,1.399999976158142,1.4199999570846558,1.3799999952316284,1.409999966621399,811200
2026-08-25,1.440000057220459,1.4500000476837158,1.3910000324249268,1.399999976158142,540300
2026-08-26,1.350000023841858,1.4500000476837158,1.340000033378601,1.4299999475479126,760900
2026-08-27,1.3600000143051147,1.3799999952316284,1.315000057220459,1.340000033378601,989700
2026-08-28,1.340000033378601,1.375,1.3300000429153442,1.3600000143051147,710700
2026-08-31,1.3300000429153442,1.366000056266785,1.3250000476837158,1.350000023841858,833000
2026-09-01,1.3200000524520874,1.3350000381469729,1.2899999618530271,1.3200000524520874,595100
2026-09-02,1.3600000143051147,1.3700000047683716,1.3200000524520874,1.3300000429153442,816200
2026-09-03,1.3300000429153442,1.3700000047683716,1.3200000524520874,1.3700000047683716,641800
2026-09-04,1.3300000429153442,1.350000023841858,1.3200000524520874,1.3300000429153442,425500
2026-09-08,1.2899999618530271,1.3300000429153442,1.2899999618530271,1.3200000524520874,509200
2026-09-09,1.2000000476837158,1.2799999713897705,1.2000000476837158,1.2799999713897705,1062900
2026-09-10,1.159999966621399,1.2100000381469729,1.149999976158142,1.190000057220459,939600
2026-09-11,1.159999966621399,1.190000057220459,1.149999976158142,1.190000057220459,405000
2026-09-14,1.159999966621399,1.190000057220459,1.159999966621399,1.1799999475479126,989700
2026-09-15,1.159999966621399,1.1699999570846558,1.1399999856948853,1.1699999570846558,525000
2026-09-16,1.1399999856948853,1.2100000381469729,1.1399999856948853,1.1399999856948853,680800
2026-09-17,1.159999966621399,1.190000057220459,1.149999976158142,1.190000057220459,430400
2026-09-18,1.2000000476837158,1.2000000476837158,1.1299999952316284,1.1399999856948853,2811700
2026-09-21,1.159999966621399,1.1990000009536743,1.149999976158142,1.190000057220459,618500
2026-09-22,1.190000057220459,1.2050000429153442,1.1649999618530271,1.1799999475479126,775700
2026-09-23,1.159999966621399,1.2000000476837158,1.1440000534057615,1.1699999570846558,686900
2026-09-24,1.190000057220459,1.190000057220459,1.159999966621399,1.159999966621399,593100
2026-09-25,1.190000057220459,1.2100000381469729,1.1799999475479126,1.190000057220459,784700
2026-09-28,1.190000057220459,1.2000000476837158,1.1749999523162842,1.190000057220459,647000
2026-09-29,1.1799999475479126,1.1950000524520874,1.1649999618530271,1.1799999475479126,497600
2026-09-30,1.1799999475479126,1.2050000429153442,1.1799999475479126,1.1799999475479126,508400
2026-10-01,1.2000000476837158,1.215000033378601,1.159999966621399,1.190000057220459,489100
2026-10-02,1.2000000476837158,1.2400000095367432,1.1950000524520874,1.2300000190734863,523100
2026-10-05,1.2000000476837158,1.225000023841858,1.184999942779541,1.190000057220459,487800
2026-10-06,1.2000000476837158,1.2300000190734863,1.2000000476837158,1.2000000476837158,560000
2026-10-07,1.1699999570846558,1.2000000476837158,1.1699999570846558,1.1799999475479126,386300
2026-10-08,1.159999966621399,1.1799999475479126,1.1549999713897705,1.1699999570846558,722900
2026-10-09,1.1699999570846558,1.1799999475479126,1.149999976158142,1.1699999570846558,322300
