,Close,High,Low,Open,Volume
2025-01-14,4.0,4.599999904632568,3.819999933242798,4.590000152587891,1964200
2025-01-15,4.230000019073486,4.75,4.0,4.039999961853027,412600
2025-01-16,4.199999809265137,4.489999771118164,4.099999904632568,4.230000019073486,39400
2025-01-17,4.25,4.409999847412109,4.199999809265137,4.199999809265137,12000
2025-01-21,4.460000038146973,4.59499979019165,4.25,4.25,91900
2025-01-22,4.289999961853027,4.567999839782715,4.199999809265137,4.567999839782715,97000
2025-01-23,4.675000190734863,4.75,4.210000038146973,4.489999771118164,692700
2025-01-24,4.739999771118164,4.739999771118164,4.079999923706055,4.53000020980835,1020200
2025-01-27,4.659999847412109,4.699999809265137,4.5,4.679999828338623,30800
2025-01-28,4.510000228881836,4.659999847412109,4.5,4.510000228881836,18900
2025-01-29,4.559999942779541,5.099999904632568,4.480000019073486,4.659999847412109,134300
2025-01-30,4.849999904632568,4.849999904632568,4.550000190734863,4.739999771118164,70900
2025-01-31,4.699999809265137,4.880000114440918,4.65399980545044,4.880000114440918,6200
2025-02-03,4.800000190734863,4.960000038146973,4.730000019073486,4.730000019073486,13200
2025-02-04,4.400000095367432,5.0,4.199999809265137,4.820000171661377,516100
2025-02-05,4.21999979019165,4.739999771118164,4.210000038146973,4.610000133514404,322900
2025-02-06,4.699999809265137,4.739999771118164,4.35699987411499,4.375,163700
2025-02-07,4.420000076293945,4.570000171661377,4.420000076293945,4.550000190734863,5400
2025-02-10,4.360000133514404,4.650000095367432,4.320000171661377,4.559999942779541,303600
2025-02-11,4.550000190734863,4.630000114440918,4.329999923706055,4.619999885559082,113300
2025-02-12,4.360000133514404,4.550000190734863,4.320000171661377,4.539999961853027,309700
2025-02-13,4.251999855041504,4.5,4.251999855041504,4.5,8300
2025-02-14,4.360000133514404,4.420000076293945,4.300000190734863,4.389999866485596,5900
2025-02-18,4.300000190734863,4.400000095367432,4.28000020980835,4.360000133514404,16200
2025-02-19,4.28000020980835,4.380000114440918,4.230000019073486,4.300000190734863,8600
2025-02-20,4.28000020980835,4.380000114440918,4.21999979019165,4.28000020980835,15600
2025-02-21,4.389999866485596,4.389999866485596,4.150000095367432,4.21999979019165,245000
2025-02-24,4.380000114440918,4.380000114440918,4.210000038146973,4.349999904632568,6400
2025-02-25,4.260000228881836,4.46999979019165,4.199999809265137,4.269999980926514,2400
2025-02-26,4.349999904632568,4.420000076293945,4.21999979019165,4.21999979019165,3200
2025-02-27,4.21999979019165,4.349999904632568,4.199999809265137,4.349999904632568,1900
2025-02-28,4.210000038146973,4.340000152587891,4.150000095367432,4.21999979019165,49000
2025-03-03,4.269999980926514,4.329999923706055,4.099999904632568,4.329999923706055,59600
2025-03-04,4.300000190734863,4.300000190734863,4.099999904632568,4.21999979019165,45600
2025-03-05,4.159999847412109,4.329999923706055,4.010000228881836,4.102000236511231,116800
2025-03-06,4.159999847412109,4.159999847412109,4.159999847412109,4.159999847412109,0
2025-03-07,3.930000066757202,4.150000095367432,3.869999885559082,4.119999885559082,43100
2025-03-10,3.819999933242798,4.139999866485596,3.5,4.090000152587891,30100
2025-03-11,3.9600000381469727,4.150000095367432,3.700000047683716,3.990000009536743,10100
2025-03-12,4.059999942779541,4.239999771118164,3.680000066757202,4.130000114440918,47700
2025-03-13,4.659999847412109,4.690000057220459,3.920000076293945,4.039999961853027,155100
2025-03-14,4.78000020980835,5.340000152587891,4.349999904632568,4.5,663700
2025-03-17,5.150000095367432,5.440000057220459,4.900000095367432,4.949999809265137,916800
2025-03-18,5.070000171661377,5.27400016784668,4.900000095367432,5.150000095367432,701700
2025-03-19,5.190000057220459,5.239999771118164,5.0,5.019999980926514,657000
2025-03-20,5.210000038146973,5.400000095367432,4.980000019073486,5.072000026702881,708500
2025-03-21,5.429999828338623,5.480000019073486,5.139999866485596,5.210000038146973,360300
2025-03-24,5.150000095367432,5.489999771118164,5.03000020980835,5.400000095367432,830500
2025-03-25,5.550000190734863,5.559999942779541,5.179999828338623,5.179999828338623,1021600
2025-03-26,5.449999809265137,5.730000019073486,5.380000114440918,5.550000190734863,654400
2025-03-27,5.5,5.710000038146973,5.360000133514404,5.489999771118164,641500
2025-03-28,5.519999980926514,5.590000152587891,5.389999866485596,5.53000020980835,313100
2025-03-31,5.5,5.599999904632568,5.199999809265137,5.5,456600
2025-04-01,5.449999809265137,5.599999904632568,5.400000095367432,5.53000020980835,761800
2025-04-02,5.519999980926514,5.670000076293945,5.302999973297119,5.449999809265137,970600
2025-04-03,5.440000057220459,5.611999988555908,5.400000095367432,5.519999980926514,450800
2025-04-04,5.440000057220459,5.599999904632568,5.300000190734863,5.440000057220459,2166300
2025-04-07,5.400000095367432,5.800000190734863,5.309999942779541,5.440000057220459,2268300
2025-04-08,5.559999942779541,5.679999828338623,5.400000095367432,5.5,689900
2025-04-09,5.539999961853027,5.730000019073486,5.46999979019165,5.579999923706055,998300
2025-04-10,5.5,5.699999809265137,5.46999979019165,5.539999961853027,3156700
2025-04-11,5.789999961853027,5.864999771118164,5.449999809265137,5.53000020980835,1305700
2025-04-14,5.639999866485596,5.78000020980835,5.559999942779541,5.739999771118164,420600
2025-04-15,5.880000114440918,5.935999870300293,5.699999809265137,5.800000190734863,660500
2025-04-16,5.96999979019165,6.070000171661377,5.650000095367432,5.849999904632568,803700
2025-04-17,5.309999942779541,6.130000114440918,5.150000095367432,6.0,1682100
2025-04-21,4.619999885559082,5.275000095367432,4.341000080108643,5.230000019073486,327200
2025-04-22,4.585000038146973,4.619999885559082,4.210999965667725,4.550000190734863,154800
2025-04-23,4.760000228881836,4.869999885559082,4.239999771118164,4.650000095367432,463700
2025-04-24,4.659999847412109,4.900000095367432,4.539999961853027,4.755000114440918,80200
2025-04-25,4.739999771118164,4.820000171661377,4.519999980926514,4.820000171661377,31900
2025-04-28,4.539999961853027,4.960000038146973,4.360000133514404,4.619999885559082,72800
2025-04-29,4.559999942779541,4.559999942779541,4.489999771118164,4.559999942779541,31500
2025-04-30,4.289999961853027,4.559999942779541,4.269999980926514,4.519999980926514,72100
2025-05-01,4.349999904632568,4.5,4.204999923706055,4.300000190734863,21600
2025-05-02,4.050000190734863,4.5,4.039999961853027,4.389999866485596,164300
2025-05-05,3.950000047683716,4.400000095367432,3.880000114440918,3.930000066757202,71800
2025-05-06,4.050000190734863,4.320000171661377,3.5999999046325684,3.920000076293945,49700
2025-05-07,4.539999961853027,4.659999847412109,3.950000047683716,3.950000047683716,222400
2025-05-08,4.849999904632568,5.059999942779541,4.570000171661377,4.570000171661377,576400
2025-05-09,4.909999847412109,5.0,4.28000020980835,4.860000133514404,125700
2025-05-12,5.199999809265137,5.449999809265137,4.853000164031982,5.0,641900
2025-05-13,5.170000076293945,5.349999904632568,5.065000057220459,5.099999904632568,485700
2025-05-14,5.329999923706055,5.349999904632568,5.050000190734863,5.289999961853027,750000
2025-05-15,5.239999771118164,5.380000114440918,5.070000171661377,5.369999885559082,1041200
2025-05-16,5.190000057220459,5.289999961853027,5.060999870300293,5.079999923706055,1093100
2025-05-19,5.179999828338623,5.239999771118164,5.025000095367432,5.199999809265137,472500
2025-05-20,4.139999866485596,5.159999847412109,3.799999952316284,5.150000095367432,806300
2025-05-21,3.900000095367432,4.376999855041504,3.890000104904175,4.28000020980835,184900
2025-05-22,2.059999942779541,3.861000061035156,1.149999976158142,3.759999990463257,2350300
2025-05-23,1.9600000381469729,2.059999942779541,1.899999976158142,2.049999952316284,705500
2025-05-27,2.0799999237060547,2.1600000858306885,1.940000057220459,1.9800000190734863,302400
2025-05-28,2.0,2.119999885559082,1.955000042915344,2.119999885559082,91700
2025-05-29,1.9800000190734863,2.0999999046325684,1.9600000381469729,2.0999999046325684,182100
2025-05-30,2.039999961853028,2.069999933242798,1.899999976158142,1.9700000286102293,143700
2025-06-02,2.0799999237060547,2.5,2.055000066757202,2.069999933242798,338800
2025-06-03,2.490000009536743,2.549999952316284,2.009999990463257,2.009999990463257,207500
2025-06-04,2.619999885559082,2.75,2.2799999713897705,2.5299999713897705,125500
2025-06-05,2.569999933242798,2.674999952316284,2.444999933242798,2.5899999141693115,88900
2025-06-06,2.7100000381469727,2.7850000858306885,2.569999933242798,2.5899999141693115,44400
2025-06-09,2.640000104904175,2.7100000381469727,2.444999933242798,2.7100000381469727,54000
2025-06-10,2.380000114440918,2.690000057220459,2.380000114440918,2.690000057220459,113800
2025-06-11,2.2699999809265137,2.556999921798706,2.190000057220459,2.369999885559082,218000
2025-06-12,2.390000104904175,2.390000104904175,2.244999885559082,2.2699999809265137,14200
2025-06-13,2.3299999237060547,2.494999885559082,2.289999961853028,2.400000095367432,69400
2025-06-16,2.4600000381469727,2.490000009536743,2.369999885559082,2.430000066757202,20600
2025-06-17,2.309999942779541,2.400000095367432,2.2799999713897705,2.3480000495910645,15600
2025-06-18,2.3299999237060547,2.3910000324249268,2.2799999713897705,2.2799999713897705,10900
2025-06-20,2.440000057220459,2.450000047683716,2.0999999046325684,2.2799999713897705,40900
2025-06-23,2.3399999141693115,2.440000057220459,2.2799999713897705,2.4100000858306885,39300
2025-06-24,2.2699999809265137,2.32699990272522,2.1700000762939453,2.32699990272522,12200
2025-06-25,2.220000028610229,2.299999952316284,2.150000095367432,2.2809998989105225,14000
2025-06-26,2.220000028610229,2.319999933242798,2.026000022888184,2.026000022888184,21400
2025-06-27,2.289999961853028,2.3550000190734863,2.009999990463257,2.009999990463257,15700
2025-06-30,2.25,2.369999885559082,2.1059999465942383,2.3299999237060547,12400
2025-07-01,2.220000028610229,2.380000114440918,2.1600000858306885,2.240000009536743,26700
2025-07-02,2.140000104904175,2.364000082015991,2.109999895095825,2.289999961853028,18000
2025-07-03,2.2699999809265137,2.289999961853028,2.150000095367432,2.1600000858306885,2800
2025-07-07,2.190000057220459,2.299999952316284,2.0840001106262207,2.1449999809265137,10500
2025-07-08,2.289999961853028,2.380000114440918,2.0,2.380000114440918,39300
2025-07-09,2.1700000762939453,2.299999952316284,2.069999933242798,2.299999952316284,3700
2025-07-10,2.259999990463257,2.259999990463257,2.0929999351501465,2.200000047683716,50700
2025-07-11,2.240000009536743,2.259999990463257,2.0999999046325684,2.190000057220459,49000
2025-07-14,2.4200000762939453,2.4200000762939453,2.1600000858306885,2.2300000190734863,259000
2025-07-15,2.240000009536743,2.4200000762939453,2.220000028610229,2.4200000762939453,668600
2025-07-16,2.109999895095825,2.390000104904175,2.0899999141693115,2.2799999713897705,852500
2025-07-17,2.25,2.390000104904175,1.850000023841858,2.109999895095825,5928500
2025-07-18,2.299999952316284,2.3299999237060547,2.200000047683716,2.2799999713897705,706200
2025-07-21,2.2799999713897705,2.400000095367432,2.150000095367432,2.1600000858306885,2930400
2025-07-22,2.289999961853028,2.5899999141693115,2.2699999809265137,2.2699999809265137,2427500
2025-07-23,2.4200000762939453,2.490000009536743,2.259999990463257,2.309999942779541,221300
2025-07-24,2.4800000190734863,2.700000047683716,2.369999885559082,2.4200000762939453,871900
2025-07-25,2.640000104904175,2.6700000762939453,2.4800000190734863,2.5299999713897705,293700
2025-07-28,2.6700000762939453,2.799999952316284,2.559999942779541,2.6700000762939453,695100
2025-07-29,2.759999990463257,2.861000061035156,2.640000104904175,2.7300000190734863,2004900
2025-07-30,2.759999990463257,2.8299999237060547,2.650000095367432,2.8299999237060547,1728100
2025-07-31,2.8550000190734863,2.950000047683716,2.7300000190734863,2.799999952316284,2131300
2025-08-01,2.8299999237060547,2.859999895095825,2.720000028610229,2.75,3627500
2025-08-04,2.799999952316284,2.9200000762939453,2.799999952316284,2.8299999237060547,883200
2025-08-05,2.940000057220459,2.9600000381469727,2.75,2.7699999809265137,2092800
2025-08-06,3.0,3.049999952316284,2.859999895095825,2.930000066757202,2600700
2025-08-07,3.109999895095825,3.240000009536743,2.890000104904175,2.950000047683716,2572500
2025-08-08,3.1700000762939453,3.289999961853028,3.069999933242798,3.150000095367432,2446600
2025-08-11,3.25,3.289999961853028,3.140000104904175,3.2300000190734863,1659300
2025-08-12,3.1700000762939453,3.240000009536743,3.0799999237060547,3.150000095367432,1652500
2025-08-13,3.289999961853028,3.390000104904175,3.0799999237060547,3.0799999237060547,2942300
2025-08-14,3.5899999141693115,3.799999952316284,2.7799999713897705,3.119999885559082,6222200
2025-08-15,3.890000104904175,4.75,3.369999885559082,3.700000047683716,7860100
2025-08-18,4.119999885559082,4.400000095367432,3.880000114440918,3.910000085830689,4199400
2025-08-19,4.599999904632568,4.75,4.110000133514404,4.199999809265137,4203800
2025-08-20,4.610000133514404,5.019999980926514,4.489999771118164,4.570000171661377,2614200
2025-08-21,4.75,4.900000095367432,4.619999885559082,4.619999885559082,773800
2025-08-22,4.389999866485596,4.900000095367432,4.21999979019165,4.570000171661377,2358800
2025-08-25,4.420000076293945,4.550000190734863,3.759999990463257,4.25,393000
2025-08-26,4.349999904632568,4.460000038146973,4.289000034332275,4.460000038146973,71600
2025-08-27,4.320000171661377,4.650000095367432,4.269999980926514,4.329999923706055,203300
2025-08-28,5.179999828338623,5.196000099182129,3.9260001182556152,4.320000171661377,602100
2025-08-29,5.760000228881836,5.869999885559082,4.73799991607666,4.949999809265137,353800
2025-09-02,7.300000190734863,7.5,5.699999809265137,5.699999809265137,277300
2025-09-03,6.369999885559082,7.340000152587891,6.010000228881836,7.300000190734863,675100
2025-09-04,5.639999866485596,7.699999809265137,5.5,6.019999980926514,2821000
2025-09-05,5.460000038146973,5.71999979019165,5.400000095367432,5.460000038146973,102700
2025-09-08,6.349999904632568,6.579999923706055,5.420000076293945,5.420000076293945,543200
2025-09-09,9.649999618530272,11.0,6.230000019073486,6.420000076293945,333300
2025-09-10,8.039999961853027,9.093999862670898,7.5,8.9399995803833,231100
2025-09-11,9.039999961853027,9.529999732971191,7.800000190734863,7.800000190734863,375100
2025-09-12,8.920000076293945,9.25,8.65999984741211,9.039999961853027,97000
2025-09-15,8.380000114440918,9.90999984741211,7.099999904632568,8.789999961853027,231900
2025-09-16,7.860000133514404,8.645000457763672,7.0,8.550000190734863,151000
2025-09-17,7.630000114440918,8.0,7.548999786376953,7.929999828338623,25900
2025-09-18,7.960000038146973,8.0600004196167,7.630000114440918,7.650000095367432,30400
2025-09-19,7.309999942779541,8.300000190734863,7.179999828338623,7.909999847412109,19500
2025-09-22,7.579999923706055,7.800000190734863,6.269999980926514,7.010000228881836,1410900
2025-09-23,7.510000228881836,8.0,7.440000057220459,7.849999904632568,1960800
2025-09-24,7.550000190734863,7.800000190734863,7.210000038146973,7.210000038146973,3257700
2025-09-25,7.690000057220459,8.010000228881836,7.400000095367432,7.449999809265137,408900
2025-09-26,7.900000095367432,8.020000457763672,7.579999923706055,7.579999923706055,94200
2025-09-29,8.079999923706055,8.34000015258789,7.449999809265137,7.53000020980835,7833400
2025-09-30,8.300000190734863,8.399999618530273,6.71999979019165,7.320000171661377,4175700
2025-10-01,5.039999961853027,8.199999809265137,5.039999961853027,7.840000152587891,10628600
2025-10-02,1.4500000476837158,2.0799999237060547,1.1200000047683716,1.6200000047683716,16295400
2025-10-03,1.4800000190734863,1.5800000429153442,1.4700000286102295,1.4800000190734863,2100700
2025-10-06,1.25,1.4800000190734863,1.2400000095367432,1.4500000476837158,1913200
2025-10-07,1.2000000476837158,1.25,1.159999966621399,1.2300000190734863,987900
2025-10-08,1.1399999856948853,1.2000000476837158,1.1299999952316284,1.1299999952316284,601300
2025-10-09,1.1200000047683716,1.1799999475479126,1.100000023841858,1.149999976158142,557100
2025-10-10,1.100000023841858,1.1699999570846558,1.100000023841858,1.1200000047683716,632600
2025-10-13,1.0,1.1100000143051147,0.8799999952316284,1.1100000143051147,913100
2025-10-14,0.8999999761581421,0.9950000047683716,0.8889999985694885,0.959999978542328,511200
2025-10-15,0.8550000190734863,0.949999988079071,0.8370000123977661,0.8999999761581421,447000
2025-10-16,0.9900000095367432,1.0399999618530271,0.7720000147819519,0.8299999833106995,1441900
2025-10-17,1.0099999904632568,1.0800000429153442,0.9800000190734864,1.0,469600
2025-10-20,1.0399999618530271,1.0700000524520874,1.0299999713897705,1.0499999523162842,177100
2025-10-21,1.0199999809265137,1.0399999618530271,1.0,1.0199999809265137,232800
2025-10-22,0.99099999666214,1.0499999523162842,0.9800000190734864,1.0,166400
2025-10-23,1.059999942779541,1.059999942779541,1.0,1.0499999523162842,138200
2025-10-24,1.0299999713897705,1.0499999523162842,0.9700000286102296,0.9700000286102296,192100
2025-10-27,1.0700000524520874,1.1089999675750732,1.0299999713897705,1.0700000524520874,211100
2025-10-28,1.1200000047683716,1.25,1.0199999809265137,1.1100000143051147,855100
2025-10-29,1.4199999570846558,1.559999942779541,1.1399999856948853,1.149999976158142,1264900
2025-10-30,1.309999942779541,1.4800000190734863,1.2999999523162842,1.399999976158142,588000
2025-10-31,1.2000000476837158,1.309999942779541,1.2000000476837158,1.2799999713897705,182600
2025-11-03,1.2400000095367432,1.2799999713897705,1.149999976158142,1.2599999904632568,251200
2025-11-04,1.1399999856948853,1.2699999809265137,1.1100000143051147,1.25,135600
2025-11-05,1.0299999713897705,1.1799999475479126,0.8799999952316284,1.1100000143051147,312700
2025-11-06,1.0099999904632568,1.0740000009536743,0.9940000176429749,1.0199999809265137,97100
2025-11-07,1.0800000429153442,1.1200000047683716,0.8999999761581421,1.0,277200
2025-11-10,1.0800000429153442,1.149999976158142,1.0499999523162842,1.1200000047683716,132900
2025-11-11,1.100000023841858,1.149999976158142,1.0700000524520874,1.0700000524520874,138600
2025-11-12,1.0499999523162842,1.1200000047683716,1.0,1.1200000047683716,75900
2025-11-13,1.0299999713897705,1.059999942779541,1.0099999904632568,1.059999942779541,118500
2025-11-14,1.0199999809265137,1.0299999713897705,1.0,1.0099999904632568,87000
2025-11-17,0.9800000190734864,1.0499999523162842,0.9769999980926514,1.0399999618530271,97400
2025-11-18,0.9900000095367432,1.0,0.949999988079071,0.9700000286102296,31000
2025-11-19,0.9509999752044678,0.9900000095367432,0.9240000247955322,0.949999988079071,71400
2025-11-20,0.9700000286102296,1.159999966621399,0.9200000166893004,1.159999966621399,395600
2025-11-21,1.0099999904632568,1.1699999570846558,0.9800000190734864,1.0,657200
2025-11-24,0.8410000205039978,1.0299999713897705,0.7860000133514404,1.0199999809265137,541800
2025-11-25,0.8700000047683716,0.8799999952316284,0.8399999737739563,0.8399999737739563,136200
2025-11-26,0.9200000166893004,0.9300000071525574,0.875,0.8999999761581421,64600
2025-11-28,0.8980000019073486,0.9169999957084656,0.8500000238418579,0.8500000238418579,40200
2025-12-01,0.8519999980926514,0.8989999890327454,0.8500000238418579,0.8799999952316284,159600
2025-12-02,0.8569999933242798,0.8659999966621399,0.8299999833106995,0.8560000061988831,116200
2025-12-03,0.7590000033378601,0.8600000143051147,0.6610000133514404,0.8600000143051147,436600
2025-12-04,0.7670000195503235,0.800000011920929,0.75,0.7820000052452087,134300
2025-12-05,0.7369999885559082,0.7770000100135803,0.7139999866485596,0.7459999918937683,117100
2025-12-08,0.7599999904632568,0.7799999713897705,0.7400000095367432,0.7799999713897705,59700
2025-12-09,0.7749999761581421,0.7799999713897705,0.75,0.75,146800
2025-12-10,0.8399999737739563,0.9300000071525574,0.800000011920929,0.8679999709129333,652300
2025-12-11,1.0399999618530271,1.100000023841858,0.8899999856948853,0.9300000071525574,826900
2025-12-12,0.8930000066757202,1.149999976158142,0.7540000081062317,1.1299999952316284,746500
2025-12-15,0.975000023841858,1.0199999809265137,0.949999988079071,1.0099999904632568,291400
2025-12-16,0.99099999666214,1.059999942779541,0.875,0.9649999737739564,557800
2025-12-17,0.9210000038146972,1.0,0.912999987602234,1.0,190300
2025-12-18,0.8999999761581421,0.9900000095367432,0.8920000195503235,0.9200000166893004,397600
2025-12-19,0.8610000014305115,0.9070000052452089,0.8500000238418579,0.8899999856948853,133500
2025-12-22,0.8650000095367432,0.9039999842643738,0.8399999737739563,0.8700000047683716,215300
2025-12-23,0.824999988079071,0.8700000047683716,0.800000011920929,0.8600000143051147,211300
2025-12-24,0.8289999961853027,0.8299999833106995,0.8059999942779541,0.828000009059906,21300
2025-12-26,0.8130000233650208,0.8299999833106995,0.7870000004768372,0.8299999833106995,165200
2025-12-29,0.7300000190734863,0.8040000200271606,0.7080000042915344,0.7799999713897705,400800
2025-12-30,0.7110000252723694,0.7799999713897705,0.7009999752044678,0.75,110700
2025-12-31,0.6800000071525574,0.7070000171661377,0.6000000238418579,0.699999988079071,696700
2026-01-02,0.7250000238418579,0.7450000047683716,0.6610000133514404,0.6610000133514404,60900
2026-01-05,1.3600000143051147,1.4700000286102295,0.8349999785423279,0.9259999990463256,25899800
2026-01-06,1.2200000286102295,1.3200000524520874,1.0499999523162842,1.2799999713897705,3264900
2026-01-07,1.2599999904632568,1.559999942779541,1.2200000286102295,1.3700000047683716,3395200
2026-01-08,1.2400000095367432,1.3899999856948853,1.149999976158142,1.309999942779541,1212800
2026-01-09,1.2799999713897705,1.350000023841858,1.2300000190734863,1.309999942779541,723500
2026-01-12,1.2699999809265137,1.3899999856948853,1.2599999904632568,1.3200000524520874,730300
2026-01-13,1.2699999809265137,1.340000033378601,1.2000000476837158,1.2799999713897705,746000
2026-01-14,1.3300000429153442,1.4500000476837158,1.3200000524520874,1.3700000047683716,887300
2026-01-15,1.2699999809265137,1.350000023841858,1.2419999837875366,1.340000033378601,511200
2026-01-16,1.2000000476837158,1.309999942779541,1.190000057220459,1.309999942779541,497000
2026-01-20,1.2300000190734863,1.3600000143051147,1.1799999475479126,1.2300000190734863,901100
2026-01-21,1.2100000381469729,1.2799999713897705,1.159999966621399,1.2000000476837158,596600
2026-01-22,1.1799999475479126,1.2309999465942385,1.1799999475479126,1.2100000381469729,209500
2026-01-23,1.2300000190734863,1.25,1.149999976158142,1.2200000286102295,493700
2026-01-26,1.2400000095367432,1.440000057220459,1.2100000381469729,1.340000033378601,928000
2026-01-27,1.2400000095367432,1.2799999713897705,1.2100000381469729,1.2400000095367432,304000
2026-01-28,1.25,1.2999999523162842,1.1699999570846558,1.2300000190734863,563700
2026-01-29,1.2300000190734863,1.350000023841858,1.2000000476837158,1.2400000095367432,510500
2026-01-30,1.1399999856948853,1.2400000095367432,1.1200000047683716,1.2100000381469729,288300
2026-02-02,1.059999942779541,1.1699999570846558,1.059999942779541,1.1200000047683716,418600
2026-02-03,1.0700000524520874,1.1100000143051147,1.0299999713897705,1.0499999523162842,155000
2026-02-04,1.0399999618530271,1.0770000219345093,1.0299999713897705,1.059999942779541,237200
2026-02-05,1.0,1.0700000524520874,1.0,1.0499999523162842,329500
2026-02-06,0.9639999866485596,1.0099999904632568,0.9200000166893004,0.949999988079071,281000
2026-02-09,1.0299999713897705,1.093999981880188,0.949999988079071,0.949999988079071,240200
2026-02-10,0.9700000286102296,1.0499999523162842,0.9700000286102296,1.0299999713897705,87700
2026-02-11,1.0199999809265137,1.0399999618530271,1.0010000467300415,1.0099999904632568,134200
2026-02-12,1.149999976158142,1.2799999713897705,1.0700000524520874,1.090000033378601,883000
2026-02-13,1.1100000143051147,1.190000057220459,1.090000033378601,1.1299999952316284,231100
2026-02-17,1.059999942779541,1.159999966621399,1.0199999809265137,1.159999966621399,331300
2026-02-18,1.090000033378601,1.1399999856948853,1.034000039100647,1.0800000429153442,168200
2026-02-19,1.1299999952316284,1.1299999952316284,1.0399999618530271,1.1100000143051147,122900
2026-02-20,1.159999966621399,1.2100000381469729,1.1100000143051147,1.1200000047683716,360400
2026-02-23,1.1399999856948853,1.2899999618530271,1.100000023841858,1.25,459000
2026-02-24,1.0199999809265137,1.1030000448226929,0.9900000095367432,1.100000023841858,517300
2026-02-25,1.0399999618530271,1.0700000524520874,1.0099999904632568,1.0399999618530271,159100
2026-02-26,1.0299999713897705,1.059999942779541,1.0199999809265137,1.0399999618530271,109900
2026-02-27,1.0,1.0499999523162842,1.0,1.0499999523162842,114200
2026-03-02,1.059999942779541,1.190000057220459,1.0099999904632568,1.100000023841858,872300
2026-03-03,1.159999966621399,1.2899999618530271,1.0700000524520874,1.1799999475479126,2195700
2026-03-04,1.1299999952316284,1.159999966621399,1.0800000429153442,1.1399999856948853,538700
2026-03-05,1.1399999856948853,1.159999966621399,1.100000023841858,1.1100000143051147,203600
2026-03-06,1.1799999475479126,1.2330000400543213,1.1200000047683716,1.149999976158142,729600
2026-03-09,1.059999942779541,1.1699999570846558,1.0399999618530271,1.1699999570846558,368400
2026-03-10,1.0399999618530271,1.1100000143051147,1.0399999618530271,1.059999942779541,335800
2026-03-11,1.0700000524520874,1.090000033378601,1.0199999809265137,1.0499999523162842,173700
2026-03-12,1.0399999618530271,1.0850000381469729,1.0199999809265137,1.0700000524520874,128200
2026-03-13,1.0099999904632568,1.090000033378601,1.0,1.0199999809265137,434900
2026-03-16,1.0,1.034999966621399,0.9869999885559082,1.0,169700
2026-03-17,1.0299999713897705,1.0299999713897705,0.9900000095367432,1.0,187500
2026-03-18,0.9800000190734864,1.0099999904632568,0.9610000252723694,1.0,144200
2026-03-19,0.915000021457672,0.9800000190734864,0.8339999914169312,0.9800000190734864,195400
2026-03-20,0.9100000262260436,0.949999988079071,0.8799999952316284,0.8999999761581421,142800
2026-03-23,0.8500000238418579,0.8999999761581421,0.8009999990463257,0.871999979019165,194800
2026-03-24,0.8119999766349792,0.8700000047683716,0.7749999761581421,0.8700000047683716,277800
2026-03-25,0.8529999852180481,0.9100000262260436,0.7889999747276306,0.8199999928474426,134400
2026-03-26,0.8009999990463257,0.875,0.800000011920929,0.8529999852180481,47000
2026-03-27,0.7919999957084656,0.8489999771118164,0.7900000214576721,0.7900000214576721,130000
2026-03-30,0.7680000066757202,0.8199999928474426,0.7680000066757202,0.8069999814033508,70100
2026-03-31,0.8149999976158142,0.8330000042915344,0.800000011920929,0.8199999928474426,96300
2026-04-01,0.8539999723434448,0.8700000047683716,0.8149999976158142,0.8410000205039978,67300
2026-04-02,0.8299999833106995,0.8700000047683716,0.8149999976158142,0.8700000047683716,59100
2026-04-06,0.8700000047683716,0.8840000033378601,0.8109999895095825,0.8109999895095825,39800
2026-04-07,0.8510000109672546,0.8870000243186951,0.8500000238418579,0.8700000047683716,49300
2026-04-08,0.8870000243186951,0.8999999761581421,0.8700000047683716,0.8700000047683716,48600
2026-04-09,0.8500000238418579,0.8899999856948853,0.8429999947547913,0.875,49000
2026-04-10,0.8299999833106995,0.878000020980835,0.8130000233650208,0.8500000238418579,46000
2026-04-13,0.9200000166893004,1.0099999904632568,0.8029999732971191,0.8029999732971191,158300
2026-04-14,0.8920000195503235,0.9240000247955322,0.8600000143051147,0.9200000166893004,41000
2026-04-15,0.8809999823570251,0.9300000071525574,0.8799999952316284,0.8899999856948853,52300
2026-04-16,0.8999999761581421,0.930999994277954,0.8600000143051147,0.8870000243186951,40000
2026-04-17,0.8899999856948853,0.8999999761581421,0.8700000047683716,0.8799999952316284,39400
2026-04-20,0.9010000228881836,0.9100000262260436,0.8500000238418579,0.8500000238418579,49600
2026-04-21,0.9100000262260436,1.0,0.8610000014305115,0.8610000014305115,235600
2026-04-22,0.9549999833106996,0.9800000190734864,0.8769999742507935,0.9100000262260436,172200
2026-04-23,0.9449999928474426,0.949999988079071,0.912999987602234,0.912999987602234,110200
2026-04-24,0.9700000286102296,1.0199999809265137,0.9399999976158142,0.949999988079071,202600
2026-04-27,0.9049999713897704,0.975000023841858,0.9010000228881836,0.9200000166893004,93900
2026-04-28,1.0049999952316284,1.0099999904632568,0.8999999761581421,0.8999999761581421,75600
2026-04-29,0.9509999752044678,1.0,0.9300000071525574,0.959999978542328,94000
2026-04-30,0.8999999761581421,0.9700000286102296,0.8999999761581421,0.9359999895095824,65300
2026-05-01,0.8899999856948853,0.9300000071525574,0.8830000162124634,0.8999999761581421,186100
2026-05-04,0.8600000143051147,0.949999988079071,0.8500000238418579,0.8899999856948853,111700
2026-05-05,0.890999972820282,0.9330000281333924,0.8500000238418579,0.8500000238418579,120900
2026-05-06,0.8399999737739563,0.8999999761581421,0.8339999914169312,0.8730000257492065,117000
2026-05-07,0.8199999928474426,0.9399999976158142,0.8080000281333923,0.8379999995231628,194900
2026-05-08,0.7850000262260437,0.8769999742507935,0.7850000262260437,0.8349999785423279,170200
2026-05-11,0.7799999713897705,0.8100000023841858,0.7799999713897705,0.800000011920929,57600
2026-05-12,0.7749999761581421,0.8149999976158142,0.7699999809265137,0.7860000133514404,62300
2026-05-13,0.7749999761581421,0.7979999780654907,0.7699999809265137,0.7699999809265137,37500
2026-05-14,0.7870000004768372,0.8450000286102295,0.7699999809265137,0.800000011920929,72700
2026-05-15,0.7699999809265137,0.800000011920929,0.7699999809265137,0.7990000247955322,28500
2026-05-18,0.75,0.7799999713897705,0.75,0.7649999856948853,25800
2026-05-19,0.7099999785423279,0.7799999713897705,0.7099999785423279,0.7549999952316284,85500
2026-05-20,0.7200000286102295,0.7400000095367432,0.7099999785423279,0.7099999785423279,30400
2026-05-21,0.7049999833106995,0.7400000095367432,0.6800000071525574,0.7400000095367432,63600
2026-05-22,0.7160000205039978,0.7400000095367432,0.675000011920929,0.6899999976158142,137500
2026-05-26,0.8389999866485596,0.8460000157356262,0.6129999756813049,0.7829999923706055,5377200
2026-05-27,0.7300000190734863,0.7820000052452087,0.7300000190734863,0.7820000052452087,191600
2026-05-28,0.6800000071525574,0.7300000190734863,0.6499999761581421,0.699999988079071,105600
2026-05-29,0.6859999895095825,0.7099999785423279,0.6700000166893005,0.6899999976158142,102100
2026-06-01,0.7269999980926514,0.7400000095367432,0.6800000071525574,0.6800000071525574,75300
2026-06-02,0.7480000257492065,0.8169999718666077,0.7099999785423279,0.718999981880188,6701500
2026-06-03,0.6800000071525574,0.718999981880188,0.6700000166893005,0.6700000166893005,643800
2026-06-04,0.6859999895095825,0.718999981880188,0.6700000166893005,0.6700000166893005,244500
2026-06-05,0.6690000295639038,0.699999988079071,0.6600000262260437,0.6700000166893005,195900
2026-06-08,0.746999979019165,0.75,0.6800000071525574,0.699999988079071,318300
2026-06-09,1.0,1.0199999809265137,0.7200000286102295,0.7200000286102295,1042800
2026-06-10,0.8519999980926514,0.9380000233650208,0.8199999928474426,0.9100000262260436,204500
2026-06-11,0.8399999737739563,0.8799999952316284,0.781000018119812,0.800000011920929,83900
2026-06-12,0.7699999809265137,0.824999988079071,0.7599999904632568,0.8199999928474426,136200
2026-06-15,0.7799999713897705,0.8080000281333923,0.7770000100135803,0.7799999713897705,85100
2026-06-16,0.7799999713897705,0.800000011920929,0.7799999713897705,0.7889999747276306,36600
2026-06-17,0.8019999861717224,0.8500000238418579,0.7749999761581421,0.7749999761581421,86600
2026-06-18,0.781000018119812,0.8450000286102295,0.7799999713897705,0.8019999861717224,79800
2026-06-22,0.8679999709129333,0.8899999856948853,0.800000011920929,0.800000011920929,169900
2026-06-23,0.875,0.9100000262260436,0.8140000104904175,0.8420000076293945,97200
2026-06-24,0.8700000047683716,0.8899999856948853,0.8299999833106995,0.8299999833106995,60500
2026-06-25,0.8500000238418579,0.8600000143051147,0.7599999904632568,0.8600000143051147,184000
2026-06-26,0.8500000238418579,0.8550000190734863,0.8100000023841858,0.8500000238418579,73400
2026-06-29,0.8169999718666077,0.8429999947547913,0.800000011920929,0.828000009059906,141200
2026-06-30,0.7760000228881836,0.8199999928474426,0.7590000033378601,0.800000011920929,122900
2026-07-01,0.7379999756813049,0.8050000071525574,0.7099999785423279,0.7599999904632568,136200
2026-07-02,0.6909999847412109,0.7379999756813049,0.6819999814033508,0.7160000205039978,3500800
2026-07-06,0.7670000195503235,0.8199999928474426,0.6800000071525574,0.7250000238418579,444600
2026-07-07,0.7099999785423279,0.7490000128746033,0.6899999976158142,0.7200000286102295,128400
2026-07-08,0.7149999737739563,0.7440000176429749,0.699999988079071,0.7300000190734863,80100
2026-07-09,0.7200000286102295,0.7480000257492065,0.699999988079071,0.7149999737739563,26500
2026-07-10,0.7329999804496765,0.800000011920929,0.7099999785423279,0.800000011920929,145500
2026-07-13,0.7490000128746033,0.7940000295639038,0.6899999976158142,0.6980000138282776,59600
2026-07-14,0.718999981880188,0.7480000257492065,0.7099999785423279,0.7210000157356262,32600
2026-07-15,0.7360000014305115,0.7440000176429749,0.7099999785423279,0.7200000286102295,23300
2026-07-16,0.7319999933242798,0.7319999933242798,0.699999988079071,0.7179999947547913,13300
2026-07-17,0.7390000224113464,0.800000011920929,0.7200000286102295,0.7319999933242798,56300
2026-07-20,0.7250000238418579,0.75,0.699999988079071,0.7200000286102295,50300
2026-07-21,0.7139999866485596,0.7490000128746033,0.7099999785423279,0.7099999785423279,54600
2026-07-22,0.7110000252723694,0.7350000143051147,0.699999988079071,0.7300000190734863,27000
2026-07-23,0.7099999785423279,0.7200000286102295,0.7099999785423279,0.7200000286102295,15000
2026-07-24,0.7009999752044678,0.7300000190734863,0.699999988079071,0.7239999771118164,30300
2026-07-27,0.7300000190734863,0.7300000190734863,0.7099999785423279,0.7099999785423279,12700
2026-07-28,0.699999988079071,0.7289999723434448,0.699999988079071,0.7289999723434448,27200
2026-07-29,0.699999988079071,0.7099999785423279,0.6909999847412109,0.699999988079071,12700
2026-07-30,0.699999988079071,0.7200000286102295,0.6909999847412109,0.699999988079071,10200
2026-07-31,0.699999988079071,0.7200000286102295,0.6970000267028809,0.7200000286102295,29600
2026-08-03,0.7049999833106995,0.7300000190734863,0.6970000267028809,0.7200000286102295,33900
2026-08-04,0.6100000143051147,0.7200000286102295,0.5809999704360962,0.699999988079071,327400
2026-08-05,0.5199999809265137,0.6439999938011169,0.4469999969005584,0.6230000257492065,283600
2026-08-06,0.4550000131130218,0.5099999904632568,0.4469999969005584,0.5099999904632568,112900
2026-08-07,0.4950000047683716,0.4950000047683716,0.449999988079071,0.4510000050067901,85700
2026-08-10,0.550000011920929,0.5720000267028809,0.4909999966621399,0.5,178300
2026-08-11,0.5899999737739563,0.6000000238418579,0.5429999828338623,0.5899999737739563,76900
2026-08-12,0.550000011920929,0.6179999709129333,0.5429999828338623,0.5899999737739563,75000
2026-08-13,0.5419999957084656,0.5820000171661377,0.527999997138977,0.5509999990463257,46700
2026-08-14,0.5789999961853027,0.6399999856948853,0.5509999990463257,0.5699999928474426,258300
2026-08-17,0.5899999737739563,0.6039999723434448,0.550000011920929,0.6000000238418579,200500
2026-08-18,0.5799999833106995,0.6000000238418579,0.5799999833106995,0.6000000238418579,18100
2026-08-19,0.5879999995231628,0.6000000238418579,0.5659999847412109,0.5699999928474426,19500
2026-08-20,0.5799999833106995,0.5899999737739563,0.5600000023841858,0.5669999718666077,18000
2026-08-21,0.5519999861717224,0.5910000205039978,0.5519999861717224,0.5799999833106995,28000
2026-08-24,0.574999988079071,0.6000000238418579,0.574999988079071,0.5989999771118164,36200
2026-08-25,0.5630000233650208,0.5680000185966492,0.550000011920929,0.550000011920929,14500
2026-08-26,0.5509999990463257,0.5630000233650208,0.5400000214576721,0.550000011920929,46700
2026-08-27,0.5509999990463257,0.578000009059906,0.5350000262260437,0.5740000009536743,8700
2026-08-28,0.5600000023841858,0.5899999737739563,0.5350000262260437,0.574999988079071,36000
