,Close,High,Low,Open,Volume
2020-12-28,4.909999847412109,5.050000190734863,4.860000133514404,4.96999979019165,984700
2020-12-29,4.929999828338623,5.03000020980835,4.840000152587891,4.989999771118164,1661000
2020-12-30,4.900000095367432,5.099999904632568,4.880000114440918,4.960000038146973,1046800
2020-12-31,4.699999809265137,4.880000114440918,4.679999828338623,4.860000133514404,1190300
2021-01-04,4.519999980926514,4.849999904632568,4.480000019073486,4.829999923706055,1544100
2021-01-05,4.619999885559082,4.679999828338623,4.480000019073486,4.480000019073486,1438700
2021-01-06,4.650000095367432,4.739999771118164,4.590000152587891,4.610000133514404,1232300
2021-01-07,4.78000020980835,4.909999847412109,4.690000057220459,4.71999979019165,1359900
2021-01-08,4.690000057220459,4.880000114440918,4.639999866485596,4.75,1416100
2021-01-11,4.420000076293945,4.659999847412109,4.380000114440918,4.579999923706055,1343200
2021-01-12,4.179999828338623,4.449999809265137,4.119999885559082,4.400000095367432,3089500
2021-01-13,4.090000152587891,4.239999771118164,4.019999980926514,4.170000076293945,2056900
2021-01-14,4.150000095367432,4.269999980926514,3.9600000381469727,4.03000020980835,2765800
2021-01-15,3.9600000381469727,4.150000095367432,3.910000085830689,4.099999904632568,1881700
2021-01-19,3.940000057220459,4.039999961853027,3.940000057220459,3.990000009536743,1587700
2021-01-20,3.680000066757202,3.930000066757202,3.660000085830689,3.930000066757202,4295300
2021-01-21,3.25,3.7300000190734863,3.25,3.650000095367432,6493700
2021-01-22,3.490000009536743,3.75,3.450000047683716,3.5,10015100
2021-01-25,3.450000047683716,3.690000057220459,3.380000114440918,3.680000066757202,3013500
2021-01-26,3.740000009536743,3.7899999618530273,3.5799999237060547,3.700000047683716,4099000
2021-01-27,4.050000190734863,4.25,3.640000104904175,3.7200000286102295,4591200
2021-01-28,3.9800000190734863,4.190000057220459,3.799999952316284,4.130000114440918,2236800
2021-01-29,3.650000095367432,4.0,3.609999895095825,3.930000066757202,2072200
2021-02-01,4.010000228881836,4.079999923706055,3.700000047683716,3.75,2541400
2021-02-02,3.910000085830689,4.210000038146973,3.849999904632568,4.210000038146973,2574700
2021-02-03,4.300000190734863,4.300000190734863,4.0,4.039999961853027,2436800
2021-02-04,4.300000190734863,4.380000114440918,4.119999885559082,4.340000152587891,1616600
2021-02-05,4.210000038146973,4.340000152587891,4.170000076293945,4.289999961853027,964000
2021-02-08,4.510000228881836,4.550000190734863,4.309999942779541,4.329999923706055,2607200
2021-02-09,4.679999828338623,4.679999828338623,4.369999885559082,4.5,2248700
2021-02-10,4.519999980926514,4.630000114440918,4.389999866485596,4.590000152587891,1573900
2021-02-11,4.599999904632568,4.619999885559082,4.489999771118164,4.570000171661377,1402100
2021-02-12,4.639999866485596,4.659999847412109,4.489999771118164,4.510000228881836,1117400
2021-02-16,4.739999771118164,4.809999942779541,4.610000133514404,4.699999809265137,1067400
2021-02-17,4.800000190734863,4.880000114440918,4.579999923706055,4.690000057220459,1306800
2021-02-18,4.630000114440918,4.820000171661377,4.630000114440918,4.769999980926514,1389700
2021-02-19,4.400000095367432,4.659999847412109,4.369999885559082,4.599999904632568,1535300
2021-02-22,4.110000133514404,4.409999847412109,4.110000133514404,4.389999866485596,2123400
2021-02-23,4.099999904632568,4.329999923706055,3.9600000381469727,4.170000076293945,2154300
2021-02-24,4.460000038146973,4.5,4.090000152587891,4.090000152587891,1828800
2021-02-25,4.28000020980835,4.610000133514404,4.28000020980835,4.510000228881836,1353700
2021-02-26,4.329999923706055,4.489999771118164,4.21999979019165,4.289999961853027,1712600
2021-03-01,4.159999847412109,4.480000019073486,4.150000095367432,4.480000019073486,1130700
2021-03-02,3.9600000381469727,4.199999809265137,3.920000076293945,4.119999885559082,2278800
2021-03-03,3.990000009536743,4.079999923706055,3.890000104904175,3.950000047683716,1418600
2021-03-04,4.190000057220459,4.659999847412109,3.920000076293945,4.039999961853027,5273200
2021-03-05,4.25,4.480000019073486,4.150000095367432,4.360000133514404,3431600
2021-03-08,3.950000047683716,4.300000190734863,3.920000076293945,4.300000190734863,2122100
2021-03-09,4.079999923706055,4.110000133514404,3.869999885559082,3.990000009536743,1603300
2021-03-10,4.309999942779541,4.380000114440918,4.090000152587891,4.090000152587891,2083000
2021-03-11,4.400000095367432,4.460000038146973,4.320000171661377,4.380000114440918,1697400
2021-03-12,4.409999847412109,4.519999980926514,4.300000190734863,4.320000171661377,1689100
2021-03-15,4.510000228881836,4.570000171661377,4.420000076293945,4.480000019073486,1270400
2021-03-16,4.389999866485596,4.599999904632568,4.320000171661377,4.53000020980835,1261400
2021-03-17,4.559999942779541,4.570000171661377,4.380000114440918,4.389999866485596,1028800
2021-03-18,4.349999904632568,4.590000152587891,4.300000190734863,4.489999771118164,1275100
2021-03-19,4.400000095367432,4.460000038146973,4.25,4.340000152587891,871200
2021-03-22,4.389999866485596,4.460000038146973,4.309999942779541,4.420000076293945,657300
2021-03-23,4.199999809265137,4.349999904632568,4.130000114440918,4.309999942779541,1012100
2021-03-24,4.099999904632568,4.269999980926514,4.090000152587891,4.179999828338623,762200
2021-03-25,4.099999904632568,4.119999885559082,3.900000095367432,4.03000020980835,1415500
2021-03-26,4.119999885559082,4.28000020980835,4.010000228881836,4.179999828338623,1257400
2021-03-29,4.090000152587891,4.21999979019165,4.070000171661377,4.110000133514404,916000
2021-03-30,4.119999885559082,4.190000057220459,4.059999942779541,4.079999923706055,496200
2021-03-31,4.110000133514404,4.199999809265137,4.059999942779541,4.150000095367432,1153600
2021-04-01,4.239999771118164,4.260000228881836,4.070000171661377,4.119999885559082,605100
2021-04-05,4.150000095367432,4.28000020980835,4.039999961853027,4.269999980926514,2293700
2021-04-06,4.380000114440918,4.389999866485596,4.099999904632568,4.099999904632568,1301900
2021-04-07,4.289999961853027,4.369999885559082,4.260000228881836,4.329999923706055,748300
2021-04-08,4.179999828338623,4.329999923706055,4.150000095367432,4.28000020980835,748500
2021-04-09,4.019999980926514,4.210000038146973,3.9700000286102295,4.139999866485596,1283400
2021-04-12,3.920000076293945,4.099999904632568,3.880000114440918,4.019999980926514,1566200
2021-04-13,3.930000066757202,4.010000228881836,3.839999914169312,3.900000095367432,1196000
2021-04-14,3.940000057220459,4.119999885559082,3.910000085830689,3.940000057220459,1718600
2021-04-15,3.839999914169312,3.930000066757202,3.839999914169312,3.920000076293945,1011600
2021-04-16,3.9600000381469727,3.9600000381469727,3.7699999809265137,3.880000114440918,1242500
2021-04-19,3.920000076293945,4.070000171661377,3.890000104904175,3.930000066757202,1151300
2021-04-20,3.799999952316284,3.940000057220459,3.7300000190734863,3.900000095367432,1000100
2021-04-21,3.859999895095825,3.869999885559082,3.7200000286102295,3.75,1047000
2021-04-22,3.759999990463257,3.890000104904175,3.759999990463257,3.839999914169312,874500
2021-04-23,3.75,3.819999933242798,3.680000066757202,3.7799999713897705,1187200
2021-04-26,3.7799999713897705,3.910000085830689,3.7300000190734863,3.7300000190734863,1477000
2021-04-27,3.880000114440918,3.890000104904175,3.799999952316284,3.819999933242798,1175800
2021-04-28,4.0,4.050000190734863,3.880000114440918,3.900000095367432,995900
2021-04-29,3.990000009536743,4.059999942779541,3.869999885559082,4.059999942779541,1008100
2021-04-30,3.7799999713897705,3.9800000190734863,3.7699999809265137,3.930000066757202,1158500
2021-05-03,3.759999990463257,3.869999885559082,3.7100000381469727,3.809999942779541,852800
2021-05-04,3.680000066757202,3.740000009536743,3.619999885559082,3.7300000190734863,1444100
2021-05-05,3.7899999618530273,3.829999923706055,3.640000104904175,3.7200000286102295,658600
2021-05-06,3.7699999809265137,3.819999933242798,3.7100000381469727,3.7799999713897705,1261100
2021-05-07,3.990000009536743,4.0,3.7300000190734863,3.7699999809265137,1622200
2021-05-10,4.070000171661377,4.170000076293945,3.9700000286102295,4.0,1340200
2021-05-11,3.900000095367432,4.0,3.880000114440918,3.9800000190734863,1225100
2021-05-12,4.150000095367432,4.289999961853027,3.900000095367432,3.940000057220459,3169700
2021-05-13,4.199999809265137,4.449999809265137,4.130000114440918,4.159999847412109,2416700
2021-05-14,4.46999979019165,4.570000171661377,4.230000019073486,4.320000171661377,2830000
2021-05-17,4.690000057220459,4.710000038146973,4.400000095367432,4.480000019073486,2178500
2021-05-18,4.690000057220459,4.829999923706055,4.599999904632568,4.690000057220459,2375800
2021-05-19,4.550000190734863,4.659999847412109,4.489999771118164,4.590000152587891,1005500
2021-05-20,4.579999923706055,4.679999828338623,4.46999979019165,4.550000190734863,1012800
2021-05-21,4.5,4.639999866485596,4.46999979019165,4.630000114440918,990900
2021-05-24,4.630000114440918,4.78000020980835,4.510000228881836,4.519999980926514,1057200
2021-05-25,4.510000228881836,4.690000057220459,4.510000228881836,4.619999885559082,728600
2021-05-26,4.519999980926514,4.590000152587891,4.449999809265137,4.46999979019165,812500
2021-05-27,4.559999942779541,4.610000133514404,4.5,4.510000228881836,1915000
2021-05-28,4.699999809265137,4.739999771118164,4.579999923706055,4.599999904632568,1117100
2021-06-01,4.880000114440918,4.949999809265137,4.789999961853027,4.849999904632568,1532100
2021-06-02,4.949999809265137,5.039999961853027,4.880000114440918,4.949999809265137,1916600
2021-06-03,5.150000095367432,5.159999847412109,4.880000114440918,4.909999847412109,1706900
2021-06-04,5.400000095367432,5.420000076293945,5.130000114440918,5.230000019073486,2229600
2021-06-07,5.659999847412109,5.71999979019165,5.429999828338623,5.440000057220459,2516600
2021-06-08,5.510000228881836,5.710000038146973,5.429999828338623,5.699999809265137,1328600
2021-06-09,5.550000190734863,5.610000133514404,5.429999828338623,5.539999961853027,1586600
2021-06-10,5.71999979019165,5.800000190734863,5.619999885559082,5.619999885559082,1668700
2021-06-11,5.380000114440918,5.78000020980835,5.28000020980835,5.78000020980835,2149300
2021-06-14,5.460000038146973,5.659999847412109,5.380000114440918,5.400000095367432,1123800
2021-06-15,5.429999828338623,5.519999980926514,5.300000190734863,5.440000057220459,956500
2021-06-16,5.5,5.510000228881836,5.360000133514404,5.400000095367432,903600
2021-06-17,5.139999866485596,5.5,5.059999942779541,5.5,1658600
2021-06-18,5.050000190734863,5.139999866485596,4.929999828338623,5.070000171661377,1749500
2021-06-21,5.039999961853027,5.110000133514404,5.0,5.050000190734863,964100
2021-06-22,5.210000038146973,5.340000152587891,4.940000057220459,5.059999942779541,1467300
2021-06-23,5.050000190734863,5.449999809265137,5.03000020980835,5.269999980926514,2052900
2021-06-24,5.21999979019165,5.269999980926514,5.050000190734863,5.090000152587891,1904900
2021-06-25,4.889999866485596,4.940000057220459,4.599999904632568,4.889999866485596,5602200
2021-06-28,4.690000057220459,4.829999923706055,4.570000171661377,4.809999942779541,3415200
2021-06-29,4.550000190734863,4.699999809265137,4.539999961853027,4.679999828338623,1474600
2021-06-30,4.679999828338623,4.679999828338623,4.53000020980835,4.550000190734863,1446200
2021-07-01,4.590000152587891,4.78000020980835,4.590000152587891,4.730000019073486,878500
2021-07-02,4.53000020980835,4.590000152587891,4.460000038146973,4.579999923706055,1002800
2021-07-06,4.340000152587891,4.599999904632568,4.329999923706055,4.550000190734863,1762300
2021-07-07,4.329999923706055,4.380000114440918,4.230000019073486,4.349999904632568,1085500
2021-07-08,4.21999979019165,4.300000190734863,4.199999809265137,4.25,939700
2021-07-09,4.320000171661377,4.349999904632568,4.210000038146973,4.309999942779541,946800
2021-07-12,4.53000020980835,4.570000171661377,4.260000228881836,4.260000228881836,1085500
2021-07-13,4.550000190734863,4.599999904632568,4.5,4.5,773600
2021-07-14,4.5,4.699999809265137,4.46999979019165,4.590000152587891,1076500
2021-07-15,4.340000152587891,4.489999771118164,4.340000152587891,4.429999828338623,624200
2021-07-16,4.21999979019165,4.360000133514404,4.150000095367432,4.349999904632568,1128400
2021-07-19,4.099999904632568,4.150000095367432,4.039999961853027,4.110000133514404,1008200
2021-07-20,4.150000095367432,4.179999828338623,3.990000009536743,4.130000114440918,1000600
2021-07-21,4.389999866485596,4.449999809265137,4.210000038146973,4.21999979019165,1426600
2021-07-22,4.320000171661377,4.400000095367432,4.21999979019165,4.369999885559082,1284300
2021-07-23,4.239999771118164,4.360000133514404,4.179999828338623,4.360000133514404,1194900
2021-07-26,4.360000133514404,4.429999828338623,4.210000038146973,4.210000038146973,907700
2021-07-27,4.21999979019165,4.369999885559082,4.170000076293945,4.369999885559082,1152700
2021-07-28,4.329999923706055,4.349999904632568,4.179999828338623,4.230000019073486,626100
2021-07-29,4.380000114440918,4.449999809265137,4.320000171661377,4.360000133514404,647200
2021-07-30,4.360000133514404,4.480000019073486,4.300000190734863,4.349999904632568,595400
2021-08-02,4.269999980926514,4.360000133514404,4.230000019073486,4.329999923706055,859100
2021-08-03,4.289999961853027,4.309999942779541,4.150000095367432,4.269999980926514,928500
2021-08-04,4.190000057220459,4.340000152587891,4.150000095367432,4.269999980926514,779900
2021-08-05,4.389999866485596,4.46999979019165,4.170000076293945,4.21999979019165,995900
2021-08-06,4.429999828338623,4.480000019073486,4.360000133514404,4.420000076293945,600500
2021-08-09,4.480000019073486,4.5,4.349999904632568,4.389999866485596,819700
2021-08-10,4.739999771118164,4.75,4.449999809265137,4.489999771118164,1394300
2021-08-11,5.099999904632568,5.139999866485596,4.75,4.800000190734863,2719900
2021-08-12,5.039999961853027,5.119999885559082,4.920000076293945,5.119999885559082,2197800
2021-08-13,4.869999885559082,4.980000019073486,4.840000152587891,4.980000019073486,1224200
2021-08-16,4.800000190734863,4.860000133514404,4.690000057220459,4.789999961853027,898100
2021-08-17,4.769999980926514,4.900000095367432,4.679999828338623,4.75,1150900
2021-08-18,4.599999904632568,4.739999771118164,4.570000171661377,4.730000019073486,1166900
2021-08-19,4.400000095367432,4.53000020980835,4.260000228881836,4.53000020980835,1882800
2021-08-20,4.409999847412109,4.489999771118164,4.340000152587891,4.349999904632568,838000
2021-08-23,4.570000171661377,4.619999885559082,4.5,4.5,1186200
2021-08-24,4.840000152587891,4.929999828338623,4.630000114440918,4.639999866485596,2186500
2021-08-25,5.0,5.03000020980835,4.769999980926514,4.849999904632568,1593700
2021-08-26,4.909999847412109,5.0,4.880000114440918,4.980000019073486,983600
2021-08-27,5.070000171661377,5.130000114440918,4.949999809265137,4.96999979019165,1014700
2021-08-30,5.199999809265137,5.260000228881836,4.920000076293945,5.079999923706055,1893800
2021-08-31,5.210000038146973,5.289999961853027,5.139999866485596,5.210000038146973,1926400
2021-09-01,5.039999961853027,5.269999980926514,5.019999980926514,5.210000038146973,1853000
2021-09-02,5.050000190734863,5.170000076293945,5.010000228881836,5.090000152587891,1131300
2021-09-03,4.940000057220459,5.050000190734863,4.909999847412109,5.050000190734863,736900
2021-09-07,5.320000171661377,5.369999885559082,4.920000076293945,4.980000019073486,2472000
2021-09-08,5.199999809265137,5.429999828338623,5.119999885559082,5.300000190734863,2139200
2021-09-09,5.260000228881836,5.420000076293945,5.130000114440918,5.190000057220459,1950000
2021-09-10,5.150000095367432,5.369999885559082,5.099999904632568,5.360000133514404,1669500
2021-09-13,5.420000076293945,5.860000133514404,5.380000114440918,5.619999885559082,5191200
2021-09-14,5.349999904632568,5.5,5.239999771118164,5.460000038146973,1383500
2021-09-15,5.349999904632568,5.510000228881836,5.269999980926514,5.409999847412109,1403000
2021-09-16,5.349999904632568,5.429999828338623,5.110000133514404,5.360000133514404,1361900
2021-09-17,5.179999828338623,5.289999961853027,5.110000133514404,5.239999771118164,2125800
2021-09-20,4.860000133514404,5.03000020980835,4.730000019073486,5.03000020980835,2416200
2021-09-21,4.699999809265137,4.96999979019165,4.630000114440918,4.960000038146973,1681800
2021-09-22,4.659999847412109,4.860000133514404,4.619999885559082,4.769999980926514,1887800
2021-09-23,4.630000114440918,4.710000038146973,4.579999923706055,4.639999866485596,1226700
2021-09-24,4.53000020980835,4.639999866485596,4.460000038146973,4.579999923706055,1529400
2021-09-27,4.550000190734863,4.71999979019165,4.539999961853027,4.610000133514404,2619100
2021-09-28,4.579999923706055,4.730000019073486,4.510000228881836,4.610000133514404,1440100
2021-09-29,4.53000020980835,4.670000076293945,4.489999771118164,4.559999942779541,1163000
2021-09-30,4.659999847412109,4.760000228881836,4.550000190734863,4.570000171661377,1619500
2021-10-01,4.670000076293945,4.75,4.610000133514404,4.679999828338623,1113300
2021-10-04,4.71999979019165,4.800000190734863,4.679999828338623,4.739999771118164,1176100
2021-10-05,4.900000095367432,4.929999828338623,4.690000057220459,4.730000019073486,2014000
2021-10-06,4.809999942779541,4.869999885559082,4.679999828338623,4.860000133514404,1978400
2021-10-07,4.800000190734863,4.949999809265137,4.800000190734863,4.829999923706055,1758700
2021-10-08,4.820000171661377,4.949999809265137,4.78000020980835,4.860000133514404,1108800
2021-10-11,4.769999980926514,4.960000038146973,4.739999771118164,4.869999885559082,1040300
2021-10-12,4.590000152587891,4.789999961853027,4.590000152587891,4.739999771118164,2236300
2021-10-13,4.610000133514404,4.619999885559082,4.400000095367432,4.550000190734863,2016400
2021-10-14,4.539999961853027,4.679999828338623,4.510000228881836,4.639999866485596,1247400
2021-10-15,4.579999923706055,4.670000076293945,4.53000020980835,4.570000171661377,1496100
2021-10-18,4.53000020980835,4.670000076293945,4.480000019073486,4.610000133514404,1625700
2021-10-19,4.519999980926514,4.590000152587891,4.429999828338623,4.590000152587891,2204500
2021-10-20,4.739999771118164,4.760000228881836,4.480000019073486,4.510000228881836,2298900
2021-10-21,4.590000152587891,4.820000171661377,4.550000190734863,4.710000038146973,2349500
2021-10-22,4.46999979019165,4.590000152587891,4.409999847412109,4.590000152587891,2743100
2021-10-25,4.659999847412109,4.690000057220459,4.510000228881836,4.519999980926514,1792000
2021-10-26,4.639999866485596,4.71999979019165,4.599999904632568,4.650000095367432,1289200
2021-10-27,4.489999771118164,4.659999847412109,4.480000019073486,4.579999923706055,1096500
2021-10-28,4.389999866485596,4.5,4.360000133514404,4.449999809265137,1892800
2021-10-29,4.199999809265137,4.380000114440918,4.199999809265137,4.369999885559082,2289300
2021-11-01,4.349999904632568,4.369999885559082,4.260000228881836,4.28000020980835,1465200
2021-11-02,4.170000076293945,4.320000171661377,4.139999866485596,4.320000171661377,2096500
2021-11-03,4.28000020980835,4.300000190734863,4.050000190734863,4.110000133514404,3468100
2021-11-04,4.110000133514404,4.389999866485596,4.110000133514404,4.360000133514404,3640100
2021-11-05,4.190000057220459,4.210000038146973,4.090000152587891,4.179999828338623,1888200
2021-11-08,4.340000152587891,4.400000095367432,4.230000019073486,4.239999771118164,1125400
2021-11-09,4.559999942779541,4.559999942779541,4.300000190734863,4.349999904632568,2839100
2021-11-10,4.400000095367432,4.730000019073486,4.369999885559082,4.630000114440918,2842500
2021-11-11,4.300000190734863,4.420000076293945,4.230000019073486,4.360000133514404,2583500
2021-11-12,4.300000190734863,4.329999923706055,4.139999866485596,4.269999980926514,7637000
2021-11-15,4.25,4.349999904632568,4.170000076293945,4.320000171661377,2234500
2021-11-16,4.019999980926514,4.260000228881836,4.010000228881836,4.25,5131800
2021-11-17,3.9700000286102295,4.130000114440918,3.880000114440918,4.039999961853027,3574900
2021-11-18,4.099999904632568,4.150000095367432,3.839999914169312,3.940000057220459,3976900
2021-11-19,3.869999885559082,4.079999923706055,3.829999923706055,4.0,3336600
2021-11-22,3.759999990463257,3.940000057220459,3.759999990463257,3.900000095367432,2766500
2021-11-23,3.7799999713897705,3.829999923706055,3.690000057220459,3.809999942779541,4024800
2021-11-24,3.650000095367432,3.799999952316284,3.650000095367432,3.7899999618530273,3723100
2021-11-26,3.430000066757202,3.5999999046325684,3.390000104904175,3.5999999046325684,4596100
2021-11-29,3.390000104904175,3.5999999046325684,3.390000104904175,3.539999961853028,5426700
2021-11-30,3.5799999237060547,3.609999895095825,3.3399999141693115,3.3499999046325684,26213300
2021-12-01,3.670000076293945,4.010000228881836,3.670000076293945,3.690000057220459,7569700
2021-12-02,3.9600000381469727,4.010000228881836,3.740000009536743,3.740000009536743,3524700
2021-12-03,3.819999933242798,4.039999961853027,3.740000009536743,3.990000009536743,4477200
2021-12-06,3.990000009536743,4.050000190734863,3.859999895095825,3.910000085830689,3354600
2021-12-07,4.190000057220459,4.21999979019165,4.099999904632568,4.099999904632568,2588400
2021-12-08,4.170000076293945,4.289999961853027,4.110000133514404,4.269999980926514,1854500
2021-12-09,4.070000171661377,4.150000095367432,4.010000228881836,4.110000133514404,2871000
2021-12-10,3.990000009536743,4.130000114440918,3.9700000286102295,4.130000114440918,2350000
2021-12-13,3.880000114440918,3.990000009536743,3.819999933242798,3.9800000190734863,2364900
2021-12-14,3.809999942779541,3.9600000381469727,3.799999952316284,3.859999895095825,1432200
2021-12-15,3.819999933242798,3.869999885559082,3.7200000286102295,3.7899999618530273,1967800
2021-12-16,3.910000085830689,4.0,3.859999895095825,3.880000114440918,1477600
2021-12-17,3.809999942779541,3.930000066757202,3.7799999713897705,3.839999914169312,1836700
2021-12-20,3.75,3.759999990463257,3.619999885559082,3.7100000381469727,1831800
2021-12-21,3.839999914169312,3.930000066757202,3.829999923706055,3.839999914169312,1753500
2021-12-22,3.890000104904175,3.910000085830689,3.799999952316284,3.809999942779541,1729100
2021-12-23,3.920000076293945,3.9600000381469727,3.869999885559082,3.880000114440918,1806000
2021-12-27,4.070000171661377,4.119999885559082,3.869999885559082,3.920000076293945,2069500
2021-12-28,4.070000171661377,4.210000038146973,4.050000190734863,4.099999904632568,1540800
2021-12-29,3.990000009536743,4.070000171661377,3.930000066757202,4.03000020980835,1306000
2021-12-30,3.910000085830689,4.059999942779541,3.880000114440918,4.03000020980835,1671800
2021-12-31,3.819999933242798,3.900000095367432,3.799999952316284,3.890000104904175,958400
2022-01-03,4.039999961853027,4.099999904632568,3.849999904632568,3.849999904632568,2481600
2022-01-04,4.159999847412109,4.199999809265137,4.079999923706055,4.119999885559082,2657900
2022-01-05,3.990000009536743,4.289999961853027,3.9800000190734863,4.210000038146973,1949400
2022-01-06,3.950000047683716,4.090000152587891,3.940000057220459,4.090000152587891,1342200
2022-01-07,4.03000020980835,4.03000020980835,3.859999895095825,3.940000057220459,1133100
2022-01-10,3.910000085830689,4.03000020980835,3.869999885559082,4.019999980926514,1342500
2022-01-11,4.090000152587891,4.110000133514404,3.900000095367432,3.950000047683716,2038200
2022-01-12,4.150000095367432,4.159999847412109,4.059999942779541,4.110000133514404,1993900
2022-01-13,4.199999809265137,4.409999847412109,4.199999809265137,4.25,5478700
2022-01-14,4.360000133514404,4.400000095367432,4.21999979019165,4.300000190734863,2916200
2022-01-18,4.170000076293945,4.380000114440918,4.139999866485596,4.369999885559082,3442800
2022-01-19,4.090000152587891,4.260000228881836,4.079999923706055,4.170000076293945,2183800
2022-01-20,3.9800000190734863,4.090000152587891,3.950000047683716,4.019999980926514,2120800
2022-01-21,3.829999923706055,3.910000085830689,3.759999990463257,3.880000114440918,2925500
2022-01-24,3.7699999809265137,3.7899999618530273,3.539999961853028,3.630000114440918,3035300
2022-01-25,3.930000066757202,3.9800000190734863,3.690000057220459,3.7200000286102295,1725600
2022-01-26,3.950000047683716,4.070000171661377,3.920000076293945,4.019999980926514,1883700
2022-01-27,3.9700000286102295,4.059999942779541,3.859999895095825,4.059999942779541,2078200
2022-01-28,4.25,4.28000020980835,4.130000114440918,4.179999828338623,4442900
2022-01-31,4.320000171661377,4.360000133514404,4.150000095367432,4.199999809265137,2535200
2022-02-01,4.369999885559082,4.489999771118164,4.260000228881836,4.28000020980835,3254200
2022-02-02,4.309999942779541,4.449999809265137,4.239999771118164,4.409999847412109,1563900
2022-02-03,4.159999847412109,4.230000019073486,4.110000133514404,4.199999809265137,1463000
2022-02-04,4.099999904632568,4.190000057220459,4.019999980926514,4.170000076293945,1395300
2022-02-07,4.130000114440918,4.179999828338623,4.03000020980835,4.119999885559082,1072900
2022-02-08,4.050000190734863,4.159999847412109,4.0,4.099999904632568,1564000
2022-02-09,4.070000171661377,4.190000057220459,4.059999942779541,4.059999942779541,1816500
2022-02-10,4.110000133514404,4.239999771118164,3.990000009536743,4.0,2659100
2022-02-11,4.190000057220459,4.329999923706055,4.119999885559082,4.159999847412109,3191400
2022-02-14,4.090000152587891,4.329999923706055,4.079999923706055,4.289999961853027,2038500
2022-02-15,4.139999866485596,4.150000095367432,3.950000047683716,3.9800000190734863,2715000
2022-02-16,4.389999866485596,4.449999809265137,4.139999866485596,4.150000095367432,2420700
2022-02-17,4.320000171661377,4.420000076293945,4.28000020980835,4.360000133514404,1457500
2022-02-18,4.289999961853027,4.380000114440918,4.239999771118164,4.260000228881836,1623300
2022-02-22,4.460000038146973,4.570000171661377,4.360000133514404,4.360000133514404,2928600
2022-02-23,4.440000057220459,4.579999923706055,4.369999885559082,4.510000228881836,2511800
2022-02-24,4.309999942779541,4.449999809265137,4.21999979019165,4.440000057220459,3256300
2022-02-25,4.380000114440918,4.389999866485596,4.260000228881836,4.289999961853027,1374500
2022-02-28,4.199999809265137,4.329999923706055,4.070000171661377,4.329999923706055,2853700
2022-03-01,4.349999904632568,4.389999866485596,4.190000057220459,4.199999809265137,3037600
2022-03-02,4.679999828338623,4.869999885559082,4.409999847412109,4.409999847412109,4609100
2022-03-03,4.550000190734863,4.75,4.460000038146973,4.670000076293945,2763300
2022-03-04,4.340000152587891,4.610000133514404,4.260000228881836,4.599999904632568,2750500
2022-03-07,4.079999923706055,4.53000020980835,4.050000190734863,4.400000095367432,3684400
2022-03-08,4.380000114440918,4.5,4.119999885559082,4.139999866485596,2966800
2022-03-09,4.650000095367432,4.699999809265137,4.400000095367432,4.440000057220459,3056100
2022-03-10,4.820000171661377,4.96999979019165,4.610000133514404,4.619999885559082,3715500
2022-03-11,4.659999847412109,4.840000152587891,4.639999866485596,4.820000171661377,1755400
2022-03-14,4.5,4.659999847412109,4.389999866485596,4.639999866485596,2353900
2022-03-15,4.340000152587891,4.440000057220459,4.260000228881836,4.400000095367432,2428800
2022-03-16,4.309999942779541,4.480000019073486,4.25,4.400000095367432,2060500
2022-03-17,4.480000019073486,4.5,4.300000190734863,4.309999942779541,1935100
2022-03-18,4.380000114440918,4.53000020980835,4.369999885559082,4.5,1392500
2022-03-21,4.570000171661377,4.639999866485596,4.449999809265137,4.460000038146973,1975600
2022-03-22,4.53000020980835,4.670000076293945,4.510000228881836,4.650000095367432,1688800
2022-03-23,4.650000095367432,4.75,4.570000171661377,4.570000171661377,2031000
2022-03-24,4.789999961853027,4.849999904632568,4.619999885559082,4.639999866485596,1708200
2022-03-25,4.789999961853027,4.869999885559082,4.690000057220459,4.78000020980835,2347500
2022-03-28,4.760000228881836,4.849999904632568,4.610000133514404,4.699999809265137,1807500
2022-03-29,4.809999942779541,4.840000152587891,4.590000152587891,4.670000076293945,2584100
2022-03-30,4.880000114440918,5.0,4.809999942779541,4.809999942779541,2098600
2022-03-31,4.829999923706055,4.940000057220459,4.760000228881836,4.849999904632568,2276400
2022-04-01,5.050000190734863,5.050000190734863,4.829999923706055,4.869999885559082,4072100
2022-04-04,5.309999942779541,5.380000114440918,5.130000114440918,5.139999866485596,3679400
2022-04-05,5.190000057220459,5.590000152587891,5.179999828338623,5.400000095367432,3269900
2022-04-06,5.070000171661377,5.230000019073486,5.050000190734863,5.199999809265137,1749600
2022-04-07,5.130000114440918,5.210000038146973,4.960000038146973,5.159999847412109,1757100
2022-04-08,5.139999866485596,5.239999771118164,5.130000114440918,5.179999828338623,961700
2022-04-11,5.03000020980835,5.130000114440918,5.010000228881836,5.039999961853027,1230300
2022-04-12,5.070000171661377,5.210000038146973,5.03000020980835,5.139999866485596,1489000
2022-04-13,5.139999866485596,5.190000057220459,5.059999942779541,5.119999885559082,1312500
2022-04-14,5.179999828338623,5.25,5.070000171661377,5.099999904632568,1467400
2022-04-18,5.230000019073486,5.429999828338623,5.190000057220459,5.300000190734863,1810600
2022-04-19,5.139999866485596,5.289999961853027,5.079999923706055,5.199999809265137,1403600
2022-04-20,5.070000171661377,5.210000038146973,5.010000228881836,5.139999866485596,1277400
2022-04-21,4.769999980926514,5.099999904632568,4.75,5.079999923706055,1980000
2022-04-22,4.639999866485596,4.840000152587891,4.590000152587891,4.739999771118164,2161000
2022-04-25,4.46999979019165,4.489999771118164,4.260000228881836,4.460000038146973,3280600
2022-04-26,4.150000095367432,4.440000057220459,4.139999866485596,4.440000057220459,3123400
2022-04-27,4.190000057220459,4.25,4.070000171661377,4.130000114440918,1638100
2022-04-28,4.329999923706055,4.409999847412109,4.150000095367432,4.25,1420900
2022-04-29,4.239999771118164,4.440000057220459,4.199999809265137,4.320000171661377,1159400
2022-05-02,4.139999866485596,4.25,4.039999961853027,4.190000057220459,1814500
2022-05-03,4.260000228881836,4.309999942779541,4.119999885559082,4.119999885559082,1700400
2022-05-04,4.400000095367432,4.409999847412109,4.199999809265137,4.360000133514404,1218200
2022-05-05,4.139999866485596,4.420000076293945,4.090000152587891,4.400000095367432,1605000
2022-05-06,4.119999885559082,4.210000038146973,4.010000228881836,4.159999847412109,1471500
2022-05-09,3.880000114440918,4.050000190734863,3.839999914169312,4.0,2175300
2022-05-10,3.920000076293945,4.0,3.799999952316284,3.930000066757202,1899800
2022-05-11,4.059999942779541,4.159999847412109,3.930000066757202,3.9700000286102295,2347900
2022-05-12,4.039999961853027,4.119999885559082,3.859999895095825,4.019999980926514,2035400
2022-05-13,4.25,4.269999980926514,4.119999885559082,4.119999885559082,1492400
2022-05-16,4.420000076293945,4.5,4.25,4.25,2631700
2022-05-17,4.489999771118164,4.570000171661377,4.429999828338623,4.53000020980835,1405100
2022-05-18,4.260000228881836,4.519999980926514,4.230000019073486,4.5,1207800
2022-05-19,4.369999885559082,4.420000076293945,4.230000019073486,4.25,1164200
2022-05-20,4.340000152587891,4.449999809265137,4.239999771118164,4.440000057220459,941300
2022-05-23,4.5,4.5,4.289999961853027,4.349999904632568,1411200
2022-05-24,4.429999828338623,4.489999771118164,4.340000152587891,4.46999979019165,1160500
2022-05-25,4.5,4.519999980926514,4.400000095367432,4.400000095367432,1052600
2022-05-26,4.539999961853027,4.619999885559082,4.510000228881836,4.510000228881836,1210800
2022-05-27,4.659999847412109,4.670000076293945,4.440000057220459,4.489999771118164,2336800
2022-05-31,4.5,4.71999979019165,4.480000019073486,4.679999828338623,1531600
2022-06-01,4.400000095367432,4.599999904632568,4.349999904632568,4.510000228881836,1273800
2022-06-02,4.369999885559082,4.400000095367432,4.289999961853027,4.369999885559082,1637200
2022-06-03,4.440000057220459,4.510000228881836,4.25,4.340000152587891,2278000
2022-06-06,4.360000133514404,4.630000114440918,4.340000152587891,4.53000020980835,1743300
2022-06-07,4.380000114440918,4.409999847412109,4.28000020980835,4.300000190734863,1427600
2022-06-08,4.389999866485596,4.510000228881836,4.340000152587891,4.389999866485596,2485800
2022-06-09,4.139999866485596,4.389999866485596,4.119999885559082,4.389999866485596,2357800
2022-06-10,4.050000190734863,4.130000114440918,4.0,4.119999885559082,2715700
2022-06-13,3.880000114440918,3.930000066757202,3.7699999809265137,3.930000066757202,3382100
2022-06-14,3.7200000286102295,3.9600000381469727,3.700000047683716,3.910000085830689,3329500
2022-06-15,3.75,3.809999942779541,3.660000085830689,3.740000009536743,2702900
2022-06-16,3.5199999809265137,3.670000076293945,3.5,3.619999885559082,2203800
2022-06-17,3.4200000762939453,3.569999933242798,3.319999933242798,3.539999961853028,2863200
2022-06-21,3.539999961853028,3.549999952316284,3.400000095367432,3.5199999809265137,2854500
2022-06-22,3.470000028610229,3.5199999809265137,3.3499999046325684,3.450000047683716,1704700
2022-06-23,3.2300000190734863,3.5299999713897705,3.150000095367432,3.509999990463257,4656300
2022-06-24,3.220000028610229,3.319999933242798,3.180000066757202,3.2699999809265137,2593800
2022-06-27,3.380000114440918,3.430000066757202,3.2300000190734863,3.2799999713897705,2366400
2022-06-28,3.430000066757202,3.559999942779541,3.359999895095825,3.470000028610229,1493000
2022-06-29,3.3399999141693115,3.5299999713897705,3.2699999809265137,3.4800000190734863,1579900
2022-06-30,3.259999990463257,3.3499999046325684,3.180000066757202,3.3499999046325684,1321600
2022-07-01,3.319999933242798,3.3299999237060547,3.1600000858306885,3.259999990463257,994400
2022-07-05,3.130000114440918,3.190000057220459,2.9800000190734863,3.180000066757202,2529500
2022-07-06,3.0899999141693115,3.130000114440918,2.9800000190734863,3.130000114440918,1959800
2022-07-07,3.119999885559082,3.2799999713897705,3.109999895095825,3.1600000858306885,1826800
2022-07-08,3.1700000762939453,3.200000047683716,3.0799999237060547,3.1700000762939453,1084000
2022-07-11,3.049999952316284,3.1600000858306885,3.009999990463257,3.0999999046325684,1160900
2022-07-12,3.0,3.049999952316284,2.900000095367432,3.009999990463257,1900700
2022-07-13,3.009999990463257,3.0899999141693115,2.940000057220459,2.940000057220459,1121100
2022-07-14,2.930000066757202,2.950000047683716,2.8299999237060547,2.940000057220459,1489400
2022-07-15,2.970000028610229,3.0799999237060547,2.890000104904175,3.039999961853028,1295000
2022-07-18,2.990000009536743,3.109999895095825,2.970000028610229,3.009999990463257,1358500
2022-07-19,3.059999942779541,3.069999933242798,2.970000028610229,3.0199999809265137,1114800
2022-07-20,2.990000009536743,3.049999952316284,2.9600000381469727,3.039999961853028,970100
2022-07-21,2.9100000858306885,2.940000057220459,2.819999933242798,2.900000095367432,2360200
2022-07-22,2.9100000858306885,2.970000028610229,2.890000104904175,2.890000104904175,1261800
2022-07-25,3.140000104904175,3.140000104904175,2.940000057220459,2.950000047683716,2101200
2022-07-26,3.200000047683716,3.2699999809265137,3.140000104904175,3.190000057220459,1322200
2022-07-27,3.3499999046325684,3.3499999046325684,3.150000095367432,3.240000009536743,1592700
2022-07-28,3.4800000190734863,3.509999990463257,3.299999952316284,3.400000095367432,2282800
2022-07-29,3.7100000381469727,3.799999952316284,3.549999952316284,3.5999999046325684,3768800
2022-08-01,3.650000095367432,3.7300000190734863,3.559999942779541,3.660000085830689,1407700
2022-08-02,3.660000085830689,3.740000009536743,3.609999895095825,3.609999895095825,1048500
2022-08-03,3.7200000286102295,3.75,3.640000104904175,3.7100000381469727,1040900
2022-08-04,3.660000085830689,3.7899999618530273,3.619999885559082,3.7300000190734863,1096400
2022-08-05,3.75,3.7799999713897705,3.5199999809265137,3.5999999046325684,1423300
2022-08-08,4.0,4.03000020980835,3.7300000190734863,3.7300000190734863,1523900
2022-08-09,3.910000085830689,4.059999942779541,3.890000104904175,4.019999980926514,1428900
2022-08-10,3.910000085830689,3.9600000381469727,3.839999914169312,3.9600000381469727,1709800
2022-08-11,4.090000152587891,4.179999828338623,4.0,4.019999980926514,2410000
2022-08-12,4.409999847412109,4.429999828338623,4.110000133514404,4.119999885559082,3491400
2022-08-15,4.639999866485596,4.650000095367432,4.21999979019165,4.349999904632568,3284300
2022-08-16,4.610000133514404,4.75,4.550000190734863,4.650000095367432,2116500
2022-08-17,4.639999866485596,4.71999979019165,4.5,4.610000133514404,2434100
2022-08-18,4.849999904632568,4.940000057220459,4.650000095367432,4.650000095367432,2554100
2022-08-19,4.650000095367432,4.789999961853027,4.610000133514404,4.789999961853027,1595400
2022-08-22,4.769999980926514,4.860000133514404,4.46999979019165,4.590000152587891,2282600
2022-08-23,5.170000076293945,5.210000038146973,4.809999942779541,4.840000152587891,5211000
2022-08-24,5.300000190734863,5.349999904632568,5.070000171661377,5.150000095367432,3188900
2022-08-25,5.579999923706055,5.639999866485596,5.21999979019165,5.329999923706055,4290500
2022-08-26,5.510000228881836,5.590000152587891,5.409999847412109,5.53000020980835,2642300
2022-08-29,5.880000114440918,6.070000171661377,5.440000057220459,5.449999809265137,5102100
2022-08-30,5.510000228881836,5.940000057220459,5.449999809265137,5.889999866485596,4563000
2022-08-31,5.489999771118164,5.679999828338623,5.159999847412109,5.28000020980835,2942500
2022-09-01,5.619999885559082,5.650000095367432,5.349999904632568,5.46999979019165,2559000
2022-09-02,5.820000171661377,5.960000038146973,5.559999942779541,5.710000038146973,2965000
2022-09-06,6.019999980926514,6.25,5.760000228881836,5.949999809265137,4113200
2022-09-07,6.599999904632568,6.639999866485596,5.769999980926514,5.949999809265137,5437700
2022-09-08,6.769999980926514,7.039999961853027,6.610000133514404,6.739999771118164,5529900
2022-09-09,6.96999979019165,7.050000190734863,6.769999980926514,6.900000095367432,3343000
2022-09-12,7.019999980926514,7.28000020980835,6.880000114440918,7.099999904632568,3229300
2022-09-13,7.110000133514404,7.329999923706055,6.789999961853027,6.880000114440918,3234400
2022-09-14,7.300000190734863,7.369999885559082,7.150000095367432,7.150000095367432,2937800
2022-09-15,6.670000076293945,7.309999942779541,6.539999961853027,7.21999979019165,5160500
2022-09-16,6.96999979019165,7.099999904632568,6.550000190734863,6.659999847412109,3440700
2022-09-19,7.210000038146973,7.329999923706055,6.699999809265137,6.760000228881836,3387700
2022-09-20,7.159999847412109,7.260000228881836,7.079999923706055,7.139999866485596,2029800
2022-09-21,6.820000171661377,7.260000228881836,6.710000038146973,7.25,2883500
2022-09-22,6.920000076293945,7.050000190734863,6.840000152587891,6.96999979019165,2012200
2022-09-23,6.230000019073486,6.5,6.130000114440918,6.460000038146973,4363400
2022-09-26,6.25,6.480000019073486,5.989999771118164,6.079999923706055,2911800
2022-09-27,6.210000038146973,6.420000076293945,6.199999809265137,6.369999885559082,1663300
2022-09-28,6.389999866485596,6.409999847412109,6.150000095367432,6.210000038146973,1975500
2022-09-29,6.21999979019165,6.400000095367432,6.159999847412109,6.300000190734863,1814500
2022-09-30,6.210000038146973,6.260000228881836,6.079999923706055,6.119999885559082,1652200
2022-10-03,6.820000171661377,6.869999885559082,6.489999771118164,6.5,2343600
2022-10-04,6.929999828338623,7.090000152587891,6.840000152587891,6.989999771118164,2252600
2022-10-05,7.400000095367432,7.480000019073486,6.809999942779541,6.949999809265137,4315500
2022-10-06,7.210000038146973,7.539999961853027,7.159999847412109,7.5,2398600
2022-10-07,7.190000057220459,7.519999980926514,7.079999923706055,7.300000190734863,2566200
2022-10-10,6.880000114440918,7.239999771118164,6.78000020980835,7.179999828338623,2180200
2022-10-11,6.730000019073486,6.96999979019165,6.670000076293945,6.889999866485596,1980300
2022-10-12,6.599999904632568,6.71999979019165,6.460000038146973,6.619999885559082,1621200
2022-10-13,6.869999885559082,6.96999979019165,6.449999809265137,6.550000190734863,1294600
2022-10-14,6.659999847412109,6.880000114440918,6.639999866485596,6.840000152587891,1149800
2022-10-17,7.070000171661377,7.150000095367432,6.78000020980835,6.809999942779541,1758700
2022-10-18,6.940000057220459,7.190000057220459,6.760000228881836,7.099999904632568,1466300
2022-10-19,7.039999961853027,7.190000057220459,6.949999809265137,6.949999809265137,1570300
2022-10-20,7.050000190734863,7.489999771118164,7.019999980926514,7.150000095367432,2881100
2022-10-21,7.170000076293945,7.210000038146973,6.869999885559082,7.019999980926514,1743800
2022-10-24,7.389999866485596,7.610000133514404,6.820000171661377,7.099999904632568,5172100
2022-10-25,7.630000114440918,7.690000057220459,7.460000038146973,7.619999885559082,2969800
2022-10-26,7.78000020980835,7.980000019073486,7.659999847412109,7.670000076293945,2641300
2022-10-27,7.869999885559082,7.989999771118164,7.730000019073486,7.920000076293945,1689400
2022-10-28,7.639999866485596,8.0,7.519999980926514,7.909999847412109,1881900
2022-10-31,7.639999866485596,7.699999809265137,7.360000133514404,7.489999771118164,1963100
2022-11-01,8.260000228881836,8.34000015258789,7.760000228881836,7.78000020980835,2715900
2022-11-02,7.929999828338623,8.3100004196167,7.929999828338623,8.25,2026800
2022-11-03,8.119999885559082,8.239999771118164,7.820000171661377,7.920000076293945,2405200
2022-11-04,8.039999961853027,8.59000015258789,8.020000457763672,8.390000343322754,2108500
2022-11-07,7.929999828338623,8.270000457763672,7.920000076293945,8.050000190734863,1627800
2022-11-08,7.75,7.900000095367432,7.610000133514404,7.900000095367432,1936900
2022-11-09,7.119999885559082,7.75,7.039999961853027,7.730000019073486,2799700
2022-11-10,7.190000057220459,7.610000133514404,7.110000133514404,7.5,1800000
2022-11-11,7.650000095367432,7.710000038146973,7.349999904632568,7.360000133514404,1808700
2022-11-14,8.039999961853027,8.119999885559082,7.340000152587891,7.590000152587891,2842900
2022-11-15,8.079999923706055,8.40999984741211,8.029999732971191,8.170000076293945,2142900
2022-11-16,7.639999866485596,8.0600004196167,7.590000152587891,8.050000190734863,1654600
2022-11-17,7.389999866485596,7.579999923706055,7.210000038146973,7.480000019073486,2184600
2022-11-18,7.360000133514404,7.5,7.110000133514404,7.309999942779541,1493900
2022-11-21,7.269999980926514,7.28000020980835,6.789999961853027,7.179999828338623,2939600
2022-11-22,7.480000019073486,7.590000152587891,7.269999980926514,7.429999828338623,1544300
2022-11-23,7.659999847412109,7.71999979019165,7.360000133514404,7.480000019073486,1711300
2022-11-25,8.220000267028809,8.34000015258789,7.75,7.75,2308600
2022-11-28,8.279999732971191,8.4399995803833,7.900000095367432,7.989999771118164,2551400
2022-11-29,8.600000381469727,8.699999809265137,8.34000015258789,8.359999656677246,2950500
2022-11-30,8.390000343322754,8.850000381469727,8.270000457763672,8.729999542236328,5084200
2022-12-01,8.380000114440918,8.489999771118164,8.15999984741211,8.430000305175781,1383700
2022-12-02,8.260000228881836,8.539999961853027,8.260000228881836,8.350000381469727,1093700
2022-12-05,7.78000020980835,8.470000267028809,7.78000020980835,8.390000343322754,2133400
2022-12-06,7.650000095367432,7.980000019073486,7.550000190734863,7.840000152587891,1656800
2022-12-07,7.78000020980835,7.849999904632568,7.599999904632568,7.710000038146973,1371500
2022-12-08,7.400000095367432,7.989999771118164,7.380000114440918,7.909999847412109,1779100
2022-12-09,7.380000114440918,7.5,7.210000038146973,7.340000152587891,1501700
2022-12-12,7.489999771118164,7.579999923706055,7.320000171661377,7.349999904632568,1328500
2022-12-13,7.510000228881836,7.78000020980835,7.5,7.690000057220459,1499000
2022-12-14,7.389999866485596,7.630000114440918,7.289999961853027,7.5,1586500
2022-12-15,7.46999979019165,7.480000019073486,7.239999771118164,7.320000171661377,1379900
2022-12-16,7.46999979019165,7.489999771118164,7.28000020980835,7.320000171661377,1181900
2022-12-19,7.940000057220459,7.940000057220459,7.46999979019165,7.539999961853027,1920600
2022-12-20,8.470000267028809,8.770000457763672,7.96999979019165,7.989999771118164,3360000
2022-12-21,8.680000305175781,8.729999542236328,8.539999961853027,8.600000381469727,2297200
2022-12-22,8.859999656677246,8.859999656677246,8.510000228881836,8.680000305175781,2194900
2022-12-23,9.09000015258789,9.119999885559082,8.84000015258789,8.899999618530273,2946700
2022-12-27,8.84000015258789,9.050000190734863,8.729999542236328,8.989999771118164,1753500
2022-12-28,9.09000015258789,9.239999771118164,8.760000228881836,8.90999984741211,2585400
2022-12-29,9.050000190734863,9.390000343322754,9.039999961853027,9.149999618530272,2178200
2022-12-30,9.1899995803833,9.270000457763672,8.970000267028809,9.06999969482422,1591900
2023-01-03,8.710000038146973,9.5,8.640000343322754,9.229999542236328,3595000
2023-01-04,8.710000038146973,8.8100004196167,8.5,8.699999809265137,1693900
2023-01-05,9.350000381469728,9.359999656677246,8.680000305175781,8.710000038146973,2467700
2023-01-06,9.449999809265137,9.720000267028809,9.420000076293944,9.539999961853027,2349800
2023-01-09,9.75,9.770000457763672,9.359999656677246,9.550000190734863,2298800
2023-01-10,9.720000267028809,9.829999923706056,9.5,9.770000457763672,2283100
2023-01-11,9.869999885559082,9.920000076293944,9.68000030517578,9.729999542236328,2201900
2023-01-12,10.350000381469728,10.65999984741211,9.770000457763672,9.890000343322754,4522800
2023-01-13,11.079999923706056,11.31999969482422,10.350000381469728,10.350000381469728,4382400
2023-01-17,12.220000267028809,12.220000267028809,11.029999732971191,11.279999732971191,6693200
2023-01-18,11.210000038146973,13.109999656677246,11.1899995803833,12.350000381469728,8447900
2023-01-19,11.220000267028809,11.3100004196167,10.640000343322754,10.979999542236328,4154900
2023-01-20,11.920000076293944,12.050000190734863,11.289999961853027,11.369999885559082,4536100
2023-01-23,11.979999542236328,12.75,11.869999885559082,12.029999732971191,4244900
2023-01-24,12.0,12.270000457763672,11.5600004196167,11.899999618530272,2038300
2023-01-25,12.079999923706056,12.109999656677246,11.510000228881836,11.920000076293944,2371300
2023-01-26,12.020000457763672,12.350000381469728,11.770000457763672,12.289999961853027,1498900
2023-01-27,11.539999961853027,12.100000381469728,11.510000228881836,11.920000076293944,1899600
2023-01-30,11.149999618530272,11.510000228881836,10.899999618530272,11.40999984741211,3362900
2023-01-31,11.949999809265137,12.020000457763672,11.09000015258789,11.149999618530272,3098000
2023-02-01,11.75,12.06999969482422,11.279999732971191,11.890000343322754,2669500
2023-02-02,11.470000267028809,11.979999542236328,11.199999809265137,11.90999984741211,2432100
2023-02-03,11.18000030517578,11.75,11.140000343322754,11.260000228881836,2173400
2023-02-06,11.479999542236328,11.510000228881836,10.989999771118164,11.3100004196167,1604500
2023-02-07,11.539999961853027,11.760000228881836,11.300000190734863,11.5,2184800
2023-02-08,11.550000190734863,11.93000030517578,11.279999732971191,11.539999961853027,2267600
2023-02-09,11.279999732971191,11.739999771118164,11.15999984741211,11.609999656677246,2002000
2023-02-10,11.579999923706056,11.739999771118164,11.350000381469728,11.43000030517578,2390300
2023-02-13,12.029999732971191,12.489999771118164,11.550000190734863,11.75,4544000
2023-02-14,12.09000015258789,12.31999969482422,11.779999732971191,12.010000228881836,3058300
2023-02-15,11.880000114440918,12.09000015258789,11.579999923706056,12.050000190734863,2469900
2023-02-16,11.890000343322754,12.59000015258789,11.8100004196167,11.869999885559082,2891600
2023-02-17,11.40999984741211,11.640000343322754,11.06999969482422,11.600000381469728,3163200
2023-02-21,11.399999618530272,11.670000076293944,11.279999732971191,11.40999984741211,1559800
2023-02-22,11.369999885559082,11.470000267028809,11.140000343322754,11.31999969482422,1344600
2023-02-23,11.710000038146973,11.789999961853027,11.460000038146973,11.520000457763672,1302900
2023-02-24,11.880000114440918,11.90999984741211,11.359999656677246,11.579999923706056,1648400
2023-02-27,12.109999656677246,12.220000267028809,11.899999618530272,11.949999809265137,1922400
2023-02-28,11.770000457763672,12.239999771118164,11.600000381469728,12.220000267028809,2249900
2023-03-01,12.100000381469728,12.149999618530272,11.65999984741211,11.710000038146973,1905000
2023-03-02,11.550000190734863,12.029999732971191,11.489999771118164,12.029999732971191,2429400
2023-03-03,11.93000030517578,12.0,11.34000015258789,11.449999809265137,1979100
2023-03-06,12.710000038146973,12.739999771118164,11.800000190734863,11.93000030517578,3776300
2023-03-07,11.800000190734863,12.699999809265137,11.670000076293944,12.699999809265137,3721600
2023-03-08,12.050000190734863,12.130000114440918,11.789999961853027,11.859999656677246,2080500
2023-03-09,11.5600004196167,12.359999656677246,11.5600004196167,12.020000457763672,3277100
2023-03-10,10.649999618530272,11.899999618530272,10.600000381469728,11.800000190734863,4901700
2023-03-13,9.90999984741211,10.520000457763672,9.829999923706056,10.270000457763672,4987500
2023-03-14,9.779999732971191,10.460000038146973,9.720000267028809,9.960000038146973,3103600
2023-03-15,9.270000457763672,9.399999618530272,8.729999542236328,9.220000267028809,4710200
2023-03-16,9.520000457763672,9.649999618530272,9.039999961853027,9.149999618530272,2506000
2023-03-17,9.050000190734863,9.479999542236328,9.029999732971191,9.399999618530272,2098700
2023-03-20,9.130000114440918,9.449999809265137,8.949999809265137,8.989999771118164,1803800
2023-03-21,9.81999969482422,10.0,9.289999961853027,9.329999923706056,2310500
2023-03-22,9.770000457763672,10.109999656677246,9.630000114440918,9.81999969482422,2100100
2023-03-23,9.65999984741211,10.149999618530272,9.550000190734863,9.920000076293944,1436200
2023-03-24,9.619999885559082,9.739999771118164,9.329999923706056,9.56999969482422,1159400
2023-03-27,10.3100004196167,10.359999656677246,9.779999732971191,9.779999732971191,1900700
2023-03-28,10.829999923706056,10.989999771118164,10.329999923706056,10.34000015258789,2960500
2023-03-29,11.229999542236328,11.359999656677246,10.90999984741211,11.050000190734863,2958600
2023-03-30,11.43000030517578,11.539999961853027,11.0600004196167,11.390000343322754,2642300
2023-03-31,10.979999542236328,11.699999809265137,10.720000267028809,11.5600004196167,4401300
2023-04-03,11.649999618530272,11.699999809265137,11.199999809265137,11.510000228881836,2815500
2023-04-04,11.399999618530272,11.8100004196167,11.130000114440918,11.699999809265137,2080400
2023-04-05,11.470000267028809,11.489999771118164,11.050000190734863,11.399999618530272,1360300
2023-04-06,11.15999984741211,11.65999984741211,11.09000015258789,11.5600004196167,1183400
2023-04-10,12.300000190734863,12.539999961853027,11.369999885559082,11.380000114440918,4167000
2023-04-11,12.40999984741211,12.65999984741211,12.31999969482422,12.470000267028809,2158300
2023-04-12,12.539999961853027,12.649999618530272,12.460000038146973,12.510000228881836,2050900
2023-04-13,12.350000381469728,12.68000030517578,12.3100004196167,12.619999885559082,1431200
2023-04-14,12.449999809265137,12.619999885559082,12.270000457763672,12.399999618530272,1483200
2023-04-17,12.279999732971191,12.520000457763672,12.079999923706056,12.449999809265137,1547200
2023-04-18,12.220000267028809,12.670000076293944,12.18000030517578,12.329999923706056,2104600
2023-04-19,11.5600004196167,12.020000457763672,11.460000038146973,11.949999809265137,2457600
2023-04-20,11.479999542236328,11.630000114440918,11.300000190734863,11.369999885559082,1370500
2023-04-21,11.300000190734863,11.56999969482422,11.239999771118164,11.40999984741211,2003800
2023-04-24,11.43000030517578,11.59000015258789,11.279999732971191,11.4399995803833,1504500
2023-04-25,11.119999885559082,11.369999885559082,10.899999618530272,11.31999969482422,1765700
2023-04-26,11.020000457763672,11.380000114440918,10.979999542236328,11.3100004196167,1858300
2023-04-27,11.079999923706056,11.210000038146973,10.899999618530272,11.0,1250200
2023-04-28,11.119999885559082,11.220000267028809,10.800000190734863,10.949999809265137,1863500
2023-05-01,10.970000267028809,11.34000015258789,10.720000267028809,11.0,1331800
2023-05-02,10.8100004196167,10.899999618530272,10.59000015258789,10.899999618530272,1611700
2023-05-03,10.619999885559082,10.8100004196167,10.539999961853027,10.640000343322754,1230600
2023-05-04,10.539999961853027,10.84000015258789,10.489999771118164,10.630000114440918,1249800
2023-05-05,11.390000343322754,11.510000228881836,10.770000457763672,10.829999923706056,1909500
2023-05-08,11.520000457763672,11.81999969482422,11.510000228881836,11.720000267028809,1377700
2023-05-09,11.739999771118164,11.899999618530272,11.31999969482422,11.390000343322754,1144100
2023-05-10,11.649999618530272,11.890000343322754,11.630000114440918,11.81999969482422,1081200
2023-05-11,11.75,11.880000114440918,11.15999984741211,11.5,1942200
2023-05-12,11.359999656677246,12.100000381469728,11.289999961853027,11.829999923706056,3426800
2023-05-15,11.130000114440918,11.5,10.670000076293944,11.40999984741211,2471800
2023-05-16,10.800000190734863,11.369999885559082,10.789999961853027,11.06999969482422,1303600
2023-05-17,11.0600004196167,11.1899995803833,10.779999732971191,10.970000267028809,1261200
2023-05-18,10.880000114440918,11.029999732971191,10.649999618530272,11.029999732971191,1207400
2023-05-19,10.8100004196167,10.979999542236328,10.760000228881836,10.920000076293944,1226300
2023-05-22,10.800000190734863,10.979999542236328,10.739999771118164,10.850000381469728,1699800
2023-05-23,11.170000076293944,11.40999984741211,10.600000381469728,10.800000190734863,2228000
2023-05-24,11.380000114440918,11.380000114440918,10.920000076293944,11.260000228881836,1310700
2023-05-25,11.0600004196167,11.210000038146973,10.970000267028809,11.149999618530272,1008100
2023-05-26,11.119999885559082,11.550000190734863,11.109999656677246,11.289999961853027,1045600
2023-05-30,11.279999732971191,11.300000190734863,10.8100004196167,10.989999771118164,1519500
2023-05-31,10.989999771118164,11.289999961853027,10.920000076293944,11.119999885559082,1261200
2023-06-01,11.300000190734863,11.5600004196167,11.0,11.0,1555700
2023-06-02,11.479999542236328,11.770000457763672,11.390000343322754,11.520000457763672,1194500
2023-06-05,11.729999542236328,11.8100004196167,11.479999542236328,11.710000038146973,1503400
2023-06-06,12.460000038146973,12.550000190734863,11.68000030517578,11.760000228881836,2384300
2023-06-07,12.529999732971191,12.779999732971191,12.390000343322754,12.539999961853027,2025200
2023-06-08,12.619999885559082,12.850000381469728,12.449999809265137,12.529999732971191,1832400
2023-06-09,12.550000190734863,12.880000114440918,12.489999771118164,12.649999618530272,1400500
2023-06-12,12.390000343322754,12.600000381469728,12.25,12.3100004196167,1097800
2023-06-13,12.399999618530272,12.739999771118164,12.359999656677246,12.520000457763672,1292100
2023-06-14,12.5,12.640000343322754,12.300000190734863,12.539999961853027,1145600
2023-06-15,13.449999809265137,13.460000038146973,12.59000015258789,12.600000381469728,3420600
2023-06-16,14.550000190734863,14.800000190734863,13.329999923706056,13.520000457763672,4698500
2023-06-20,14.539999961853027,14.720000267028809,14.350000381469728,14.68000030517578,2434300
2023-06-21,15.449999809265137,15.470000267028809,14.470000267028809,14.529999732971191,3989900
2023-06-22,14.729999542236328,15.399999618530272,14.479999542236328,15.300000190734863,3698800
2023-06-23,14.789999961853027,15.050000190734863,14.140000343322754,14.489999771118164,1644800
2023-06-26,15.399999618530272,15.979999542236328,15.09000015258789,15.65999984741211,4060500
2023-06-27,14.989999771118164,15.65999984741211,14.770000457763672,15.40999984741211,2319100
2023-06-28,14.770000457763672,15.369999885559082,14.75,15.0600004196167,2545400
2023-06-29,15.1899995803833,15.1899995803833,14.65999984741211,14.93000030517578,1513200
2023-06-30,14.890000343322754,15.15999984741211,14.800000190734863,15.0600004196167,1781100
2023-07-03,14.890000343322754,15.380000114440918,14.850000381469728,15.06999969482422,1000200
2023-07-05,15.149999618530272,15.15999984741211,14.640000343322754,15.0,1588700
2023-07-06,14.050000190734863,15.09000015258789,13.869999885559082,15.09000015258789,3946900
2023-07-07,14.369999885559082,14.550000190734863,14.140000343322754,14.1899995803833,1780200
2023-07-10,14.510000228881836,14.56999969482422,14.260000228881836,14.300000190734863,1212800
2023-07-11,14.420000076293944,14.550000190734863,14.229999542236328,14.489999771118164,1267800
2023-07-12,14.9399995803833,15.050000190734863,14.600000381469728,14.600000381469728,1367400
2023-07-13,15.170000076293944,15.3100004196167,14.8100004196167,14.979999542236328,1671000
2023-07-14,14.479999542236328,15.020000457763672,14.359999656677246,15.020000457763672,1440300
2023-07-17,15.239999771118164,15.479999542236328,14.489999771118164,14.489999771118164,2580400
2023-07-18,15.479999542236328,15.760000228881836,15.0600004196167,15.130000114440918,1754100
2023-07-19,15.350000381469728,15.739999771118164,15.119999885559082,15.529999732971191,1208800
2023-07-20,15.25,15.43000030517578,15.06999969482422,15.390000343322754,1226800
2023-07-21,15.460000038146973,15.65999984741211,15.109999656677246,15.350000381469728,1183900
2023-07-24,15.630000114440918,16.190000534057617,15.260000228881836,15.59000015258789,2205400
2023-07-25,15.630000114440918,15.800000190734863,15.359999656677246,15.649999618530272,866500
2023-07-26,15.399999618530272,15.720000267028809,15.329999923706056,15.720000267028809,1010800
2023-07-27,14.350000381469728,15.399999618530272,14.34000015258789,15.390000343322754,2469300
2023-07-28,14.59000015258789,14.770000457763672,14.399999618530272,14.399999618530272,1966600
2023-07-31,14.890000343322754,14.979999542236328,14.5,14.609999656677246,1340300
2023-08-01,14.68000030517578,14.979999542236328,14.56999969482422,14.65999984741211,1374300
2023-08-02,14.260000228881836,14.600000381469728,14.010000228881836,14.600000381469728,1448500
2023-08-03,14.0,14.279999732971191,13.579999923706056,14.260000228881836,2271500
2023-08-04,14.06999969482422,14.59000015258789,14.020000457763672,14.0600004196167,1472000
2023-08-07,13.949999809265137,14.140000343322754,13.84000015258789,14.0,1552000
2023-08-08,14.329999923706056,14.479999542236328,13.579999923706056,13.729999542236328,1705500
2023-08-09,14.329999923706056,14.670000076293944,14.300000190734863,14.479999542236328,1327700
2023-08-10,14.390000343322754,14.579999923706056,14.15999984741211,14.18000030517578,1431600
2023-08-11,14.510000228881836,14.869999885559082,14.109999656677246,14.56999969482422,2083300
2023-08-14,14.229999542236328,15.25,13.020000457763672,14.140000343322754,5292100
2023-08-15,14.06999969482422,14.5,13.970000267028809,14.199999809265137,1609500
2023-08-16,14.630000114440918,14.989999771118164,14.0600004196167,14.109999656677246,2434600
2023-08-17,14.739999771118164,15.359999656677246,14.579999923706056,14.890000343322754,2287000
2023-08-18,14.59000015258789,14.770000457763672,14.239999771118164,14.539999961853027,1753500
2023-08-21,14.399999618530272,14.829999923706056,14.18000030517578,14.779999732971191,1288300
2023-08-22,14.619999885559082,14.729999542236328,14.300000190734863,14.31999969482422,1142600
2023-08-23,15.029999732971191,15.199999809265137,14.5,14.510000228881836,1588400
2023-08-24,14.6899995803833,15.130000114440918,14.619999885559082,15.100000381469728,1125700
2023-08-25,14.75,14.869999885559082,14.489999771118164,14.829999923706056,918200
2023-08-28,14.899999618530272,15.09000015258789,14.720000267028809,14.850000381469728,1722800
2023-08-29,14.84000015258789,15.260000228881836,14.710000038146973,14.960000038146973,1795800
2023-08-30,14.609999656677246,15.130000114440918,14.56999969482422,14.869999885559082,1422200
2023-08-31,14.4399995803833,14.800000190734863,14.369999885559082,14.729999542236328,1721600
2023-09-01,14.210000038146973,14.739999771118164,14.199999809265137,14.529999732971191,1447200
2023-09-05,13.649999618530272,14.289999961853027,13.420000076293944,14.119999885559082,3136800
2023-09-06,13.470000267028809,13.960000038146973,13.470000267028809,13.539999961853027,1546500
2023-09-07,13.09000015258789,13.43000030517578,13.0,13.34000015258789,1908500
2023-09-08,12.65999984741211,13.829999923706056,12.449999809265137,13.039999961853027,3893300
2023-09-11,12.06999969482422,12.890000343322754,11.90999984741211,12.670000076293944,2817300
2023-09-12,12.449999809265137,12.56999969482422,11.829999923706056,11.970000267028809,2637600
2023-09-13,12.84000015258789,12.880000114440918,12.350000381469728,12.5,2262300
2023-09-14,12.93000030517578,13.039999961853027,12.68000030517578,13.0,1386900
2023-09-15,12.710000038146973,12.960000038146973,12.619999885559082,12.920000076293944,1547300
2023-09-18,13.079999923706056,13.09000015258789,12.579999923706056,12.800000190734863,1086600
2023-09-19,12.9399995803833,13.350000381469728,12.789999961853027,13.199999809265137,1460400
2023-09-20,12.789999961853027,13.229999542236328,12.760000228881836,12.920000076293944,1678100
2023-09-21,13.119999885559082,13.34000015258789,12.31999969482422,12.4399995803833,3198300
2023-09-22,12.869999885559082,13.399999618530272,12.850000381469728,13.18000030517578,1780200
2023-09-25,12.579999923706056,12.869999885559082,12.520000457763672,12.869999885559082,1287100
2023-09-26,12.210000038146973,12.670000076293944,12.149999618530272,12.31999969482422,1826400
2023-09-27,12.6899995803833,12.8100004196167,12.210000038146973,12.380000114440918,1635100
2023-09-28,12.619999885559082,12.8100004196167,12.56999969482422,12.640000343322754,982500
2023-09-29,12.25,12.739999771118164,12.210000038146973,12.739999771118164,2069400
2023-10-02,12.119999885559082,12.260000228881836,11.899999618530272,12.170000076293944,1732600
2023-10-03,11.640000343322754,12.149999618530272,11.479999542236328,12.010000228881836,2204200
2023-10-04,11.460000038146973,11.520000457763672,11.09000015258789,11.479999542236328,1978800
2023-10-05,11.489999771118164,11.5600004196167,11.210000038146973,11.260000228881836,1493100
2023-10-06,11.399999618530272,11.81999969482422,11.279999732971191,11.550000190734863,1929600
2023-10-09,11.970000267028809,12.09000015258789,11.5,11.5,1670400
2023-10-10,12.079999923706056,12.239999771118164,11.920000076293944,12.010000228881836,1214400
2023-10-11,12.5,12.56999969482422,12.020000457763672,12.079999923706056,1372600
2023-10-12,12.859999656677246,12.920000076293944,12.260000228881836,12.59000015258789,2030400
2023-10-13,12.739999771118164,13.149999618530272,12.670000076293944,13.119999885559082,1622800
2023-10-16,12.979999542236328,13.079999923706056,12.619999885559082,12.9399995803833,897000
2023-10-17,13.720000267028809,13.800000190734863,12.859999656677246,12.949999809265137,2069400
2023-10-18,13.5,13.800000190734863,13.1899995803833,13.75,1872000
2023-10-19,12.609999656677246,13.289999961853027,12.539999961853027,13.279999732971191,1912700
2023-10-20,12.289999961853027,12.869999885559082,12.149999618530272,12.5600004196167,1439600
2023-10-23,11.489999771118164,11.850000381469728,10.869999885559082,11.649999618530272,5268200
2023-10-24,11.239999771118164,11.899999618530272,11.170000076293944,11.56999969482422,2170200
2023-10-25,11.270000457763672,11.760000228881836,11.039999961853027,11.289999961853027,2472000
2023-10-26,11.300000190734863,11.390000343322754,10.979999542236328,11.119999885559082,1190400
2023-10-27,11.039999961853027,11.390000343322754,10.979999542236328,11.270000457763672,1267300
2023-10-30,10.449999809265137,11.100000381469728,10.239999771118164,10.920000076293944,2652500
2023-10-31,9.93000030517578,10.510000228881836,9.8100004196167,10.390000343322754,3516900
2023-11-01,10.350000381469728,10.600000381469728,9.65999984741211,9.970000267028809,2634500
2023-11-02,10.699999809265137,10.850000381469728,10.43000030517578,10.5600004196167,1685900
2023-11-03,10.720000267028809,10.970000267028809,10.579999923706056,10.829999923706056,1494400
2023-11-06,10.239999771118164,10.829999923706056,10.199999809265137,10.8100004196167,1337300
2023-11-07,10.140000343322754,10.380000114440918,10.06999969482422,10.220000267028809,1479100
2023-11-08,10.029999732971191,10.239999771118164,9.890000343322754,10.100000381469728,1900600
2023-11-09,9.960000038146973,10.300000190734863,9.56999969482422,9.770000457763672,1562100
2023-11-10,10.31999969482422,10.520000457763672,9.880000114440918,10.079999923706056,1759600
2023-11-13,10.15999984741211,10.420000076293944,10.06999969482422,10.3100004196167,932800
2023-11-14,10.470000267028809,10.56999969482422,10.25,10.380000114440918,1358300
2023-11-15,10.25,10.56999969482422,10.239999771118164,10.449999809265137,1184700
2023-11-16,10.210000038146973,10.3100004196167,10.06999969482422,10.140000343322754,2218400
2023-11-17,10.729999542236328,10.9399995803833,10.260000228881836,10.260000228881836,2200100
2023-11-20,15.010000228881836,15.380000114440918,13.34000015258789,13.550000190734863,24583400
2023-11-21,14.829999923706056,15.130000114440918,14.15999984741211,14.600000381469728,7192800
2023-11-22,15.0,15.170000076293944,14.210000038146973,14.600000381469728,5782300
2023-11-24,16.84000015258789,17.799999237060547,14.770000457763672,15.1899995803833,11069800
2023-11-27,17.260000228881836,18.229999542236328,16.729999542236328,17.850000381469727,8029800
2023-11-28,16.790000915527344,17.299999237060547,16.559999465942383,17.260000228881836,4087900
2023-11-29,16.979999542236328,17.299999237060547,16.610000610351562,17.09000015258789,3102800
2023-11-30,16.610000610351562,17.350000381469727,16.40999984741211,17.350000381469727,2980100
2023-12-01,16.149999618530273,16.780000686645508,15.9399995803833,16.510000228881836,3721100
2023-12-04,16.040000915527344,16.299999237060547,15.880000114440918,16.100000381469727,2566100
2023-12-05,17.09000015258789,17.170000076293945,16.010000228881836,16.010000228881836,4561300
2023-12-06,16.40999984741211,17.209999084472656,16.049999237060547,17.049999237060547,3936300
2023-12-07,16.5,17.040000915527344,16.350000381469727,16.780000686645508,2572400
2023-12-08,17.139999389648438,17.329999923706055,16.420000076293945,16.530000686645508,2813500
2023-12-11,17.079999923706055,17.200000762939453,16.549999237060547,17.149999618530273,2375200
2023-12-12,17.260000228881836,17.459999084472656,16.729999542236328,17.170000076293945,3689000
2023-12-13,17.600000381469727,17.6299991607666,16.559999465942383,17.559999465942383,5004200
2023-12-14,17.43000030517578,17.940000534057617,17.299999237060547,17.899999618530273,4081500
2023-12-15,17.040000915527344,17.579999923706055,16.93000030517578,17.510000228881836,3284400
2023-12-18,17.520000457763672,17.760000228881836,17.1200008392334,17.1200008392334,2417900
2023-12-19,17.31999969482422,17.610000610351562,17.200000762939453,17.520000457763672,2330000
2023-12-20,17.700000762939453,17.84000015258789,17.149999618530273,17.360000610351562,3424100
2023-12-21,17.649999618530273,18.81999969482422,17.139999389648438,18.299999237060547,5858800
2023-12-22,17.5,17.84000015258789,17.190000534057617,17.5,2807500
2023-12-26,17.469999313354492,18.0,17.40999984741211,17.700000762939453,2265700
2023-12-27,17.239999771118164,17.770000457763672,17.06999969482422,17.399999618530273,3201600
2023-12-28,17.010000228881836,17.489999771118164,16.829999923706055,17.09000015258789,2681900
2023-12-29,17.190000534057617,17.420000076293945,17.020000457763672,17.1200008392334,1794900
2024-01-02,16.520000457763672,17.25,16.469999313354492,17.149999618530273,2197800
2024-01-03,16.770000457763672,17.06999969482422,16.559999465942383,16.600000381469727,2152300
2024-01-04,16.229999542236328,16.8700008392334,16.219999313354492,16.709999084472656,1627700
2024-01-05,16.700000762939453,16.700000762939453,16.229999542236328,16.3799991607666,1788800
2024-01-08,16.709999084472656,16.719999313354492,16.219999313354492,16.549999237060547,1181700
2024-01-09,16.040000915527344,16.649999618530273,15.90999984741211,16.649999618530273,2388800
2024-01-10,15.899999618530272,16.170000076293945,15.68000030517578,16.139999389648438,1649000
2024-01-11,15.989999771118164,16.149999618530273,15.75,16.049999237060547,2795500
2024-01-12,15.890000343322754,16.270000457763672,15.859999656677246,16.25,1277800
2024-01-16,14.90999984741211,15.800000190734863,14.850000381469728,15.760000228881836,3797500
2024-01-17,15.0,15.0600004196167,14.529999732971191,14.800000190734863,2715400
2024-01-18,15.199999809265137,15.260000228881836,14.899999618530272,15.010000228881836,1568800
2024-01-19,15.630000114440918,15.630000114440918,15.100000381469728,15.239999771118164,1864400
2024-01-22,15.640000343322754,15.989999771118164,15.239999771118164,15.350000381469728,2651900
2024-01-23,15.789999961853027,16.030000686645508,15.529999732971191,15.619999885559082,1575600
2024-01-24,16.440000534057617,16.690000534057617,15.979999542236328,16.0,2677700
2024-01-25,17.3700008392334,17.3700008392334,16.700000762939453,16.75,3257000
2024-01-26,17.690000534057617,17.799999237060547,17.209999084472656,17.299999237060547,2729900
2024-01-29,17.540000915527344,17.600000381469727,16.969999313354492,17.450000762939453,1793800
2024-01-30,17.290000915527344,17.6200008392334,17.229999542236328,17.5,1300200
2024-01-31,17.280000686645508,17.690000534057617,17.110000610351562,17.290000915527344,1557200
2024-02-01,17.489999771118164,17.729999542236328,17.239999771118164,17.579999923706055,1658500
2024-02-02,17.18000030517578,17.479999542236328,17.059999465942383,17.280000686645508,1113200
2024-02-05,16.40999984741211,17.139999389648438,16.239999771118164,17.040000915527344,1533900
2024-02-06,16.530000686645508,16.68000030517578,16.18000030517578,16.549999237060547,1636500
2024-02-07,16.040000915527344,16.25,14.9399995803833,15.050000190734863,2503000
2024-02-08,15.8100004196167,16.200000762939453,15.800000190734863,16.020000457763672,1293000
2024-02-09,16.639999389648438,16.84000015258789,15.81999969482422,15.84000015258789,2304800
2024-02-12,16.739999771118164,16.889999389648438,16.610000610351562,16.670000076293945,1126900
2024-02-13,16.65999984741211,16.75,16.459999084472656,16.5,1233800
2024-02-14,17.020000457763672,17.190000534057617,16.760000228881836,16.899999618530273,1988900
2024-02-15,17.0,17.25,16.709999084472656,17.049999237060547,1566900
2024-02-16,16.850000381469727,17.1299991607666,16.81999969482422,16.889999389648438,1938000
2024-02-20,16.709999084472656,16.950000762939453,16.469999313354492,16.6299991607666,1833600
2024-02-21,16.959999084472656,17.399999618530273,16.799999237060547,16.799999237060547,3041100
2024-02-22,18.049999237060547,18.43000030517578,16.950000762939453,17.15999984741211,9383800
2024-02-23,18.040000915527344,18.15999984741211,17.639999389648438,18.0,2081300
2024-02-26,17.90999984741211,18.26000022888184,17.760000228881836,17.770000457763672,2015600
2024-02-27,17.40999984741211,18.200000762939453,17.299999237060547,17.850000381469727,2807200
2024-02-28,17.06999969482422,17.479999542236328,16.940000534057617,17.280000686645508,2200200
2024-02-29,17.299999237060547,17.700000762939453,16.950000762939453,17.059999465942383,2000100
2024-03-01,17.829999923706055,17.940000534057617,17.1200008392334,17.600000381469727,2345900
2024-03-04,18.709999084472656,19.100000381469727,18.38999938964844,18.88999938964844,4668800
2024-03-05,18.200000762939453,18.959999084472656,18.1200008392334,18.71999931335449,2028200
2024-03-06,18.670000076293945,18.93000030517578,18.200000762939453,18.40999984741211,3133000
2024-03-07,18.31999969482422,18.84000015258789,18.13999938964844,18.450000762939453,2916700
2024-03-08,17.649999618530273,18.36000061035156,17.59000015258789,18.100000381469727,2680300
2024-03-11,17.34000015258789,17.719999313354492,17.139999389648438,17.719999313354492,1678500
2024-03-12,17.639999389648438,17.700000762939453,17.1200008392334,17.43000030517578,1855600
2024-03-13,18.11000061035156,18.40999984741211,17.809999465942383,17.809999465942383,2792200
2024-03-14,18.0,18.18000030517578,17.780000686645508,18.15999984741211,3025700
2024-03-15,18.059999465942383,18.1299991607666,17.639999389648438,17.979999542236328,2585100
2024-03-18,19.26000022888184,19.270000457763672,17.969999313354492,18.32999992370605,5453900
2024-03-19,18.96999931335449,19.68000030517578,18.809999465942383,19.239999771118164,2746100
2024-03-20,19.36000061035156,19.36000061035156,18.64999961853028,18.940000534057617,1845600
2024-03-21,20.190000534057617,20.31999969482422,19.39999961853028,19.739999771118164,3602600
2024-03-22,20.26000022888184,20.40999984741211,19.90999984741211,20.26000022888184,2176400
2024-03-25,20.3700008392334,21.15999984741211,20.209999084472656,20.209999084472656,2236100
2024-03-26,19.799999237060547,20.26000022888184,19.670000076293945,20.25,3597100
2024-03-27,20.1200008392334,20.170000076293945,19.700000762939453,19.920000076293945,1289800
2024-03-28,19.799999237060547,20.200000762939453,19.76000022888184,19.959999084472656,980600
2024-04-01,19.6299991607666,19.88999938964844,19.520000457763672,19.8700008392334,696700
2024-04-02,19.90999984741211,20.100000381469727,19.43000030517578,19.540000915527344,1643400
2024-04-03,20.63999938964844,20.709999084472656,19.780000686645508,19.780000686645508,2122600
2024-04-04,20.229999542236328,20.84000015258789,20.21999931335449,20.6299991607666,5200500
2024-04-05,21.040000915527344,21.3700008392334,20.170000076293945,20.309999465942383,2406700
2024-04-08,21.709999084472656,21.81999969482422,20.56999969482422,21.100000381469727,3481700
2024-04-09,21.75,22.270000457763672,21.280000686645508,21.850000381469727,3420500
2024-04-10,21.459999084472656,21.93000030517578,21.200000762939453,21.40999984741211,1802900
2024-04-11,21.61000061035156,21.690000534057617,21.13999938964844,21.670000076293945,1559000
2024-04-12,21.170000076293945,21.959999084472656,20.940000534057617,21.65999984741211,2039700
2024-04-15,20.209999084472656,21.5,20.1299991607666,21.39999961853028,2167500
2024-04-16,20.25,20.350000381469727,19.440000534057617,19.8700008392334,2953400
2024-04-17,19.46999931335449,20.200000762939453,19.450000762939453,20.09000015258789,1802200
2024-04-18,19.06999969482422,19.64999961853028,19.020000457763672,19.46999931335449,2335700
2024-04-19,19.34000015258789,19.59000015258789,19.030000686645508,19.030000686645508,1355000
2024-04-22,20.790000915527344,20.90999984741211,19.21999931335449,19.34000015258789,3361800
2024-04-23,20.8700008392334,21.21999931335449,20.6200008392334,20.96999931335449,1562500
2024-04-24,20.15999984741211,20.959999084472656,20.13999938964844,20.93000030517578,1768600
2024-04-25,20.239999771118164,20.549999237060547,19.81999969482422,19.989999771118164,2100900
2024-04-26,21.170000076293945,21.21999931335449,20.200000762939453,20.290000915527344,1508600
2024-04-29,21.479999542236328,21.670000076293945,21.049999237060547,21.049999237060547,1680800
2024-04-30,21.959999084472656,22.270000457763672,21.520000457763672,21.6299991607666,2808900
2024-05-01,22.07999992370605,22.3700008392334,21.520000457763672,21.780000686645508,1698200
2024-05-02,22.36000061035156,22.6200008392334,22.100000381469727,22.39999961853028,1922100
2024-05-03,23.3799991607666,23.559999465942383,22.38999938964844,22.739999771118164,2838100
2024-05-06,23.8799991607666,24.3700008392334,23.549999237060547,23.56999969482422,2987000
2024-05-07,24.030000686645508,24.549999237060547,23.799999237060547,24.170000076293945,2866800
2024-05-08,24.459999084472656,24.770000457763672,23.8700008392334,23.90999984741211,2343100
2024-05-09,24.3799991607666,24.6299991607666,24.020000457763672,24.34000015258789,1846100
2024-05-10,22.780000686645508,24.700000762939453,22.76000022888184,24.59000015258789,4631900
2024-05-13,22.780000686645508,23.21999931335449,22.5,23.0,2945400
2024-05-14,23.020000457763672,23.350000381469727,22.25,22.670000076293945,2428300
2024-05-15,23.90999984741211,24.1299991607666,23.07999992370605,23.07999992370605,2610100
2024-05-16,23.63999938964844,24.13999938964844,23.440000534057617,24.020000457763672,1630900
2024-05-17,23.440000534057617,23.920000076293945,23.34000015258789,23.68000030517578,1506400
2024-05-20,23.770000457763672,23.82999992370605,23.290000915527344,23.5,1366900
2024-05-21,23.530000686645508,24.1299991607666,23.209999084472656,23.61000061035156,1865600
2024-05-22,21.770000457763672,23.350000381469727,21.59000015258789,23.239999771118164,3393900
2024-05-23,21.350000381469727,22.25,21.350000381469727,22.09000015258789,2606600
2024-05-24,21.01000022888184,21.850000381469727,20.93000030517578,21.56999969482422,2433800
2024-05-28,22.25,22.43000030517578,21.420000076293945,21.43000030517578,2884200
2024-05-29,22.459999084472656,22.549999237060547,21.799999237060547,22.01000022888184,1909700
2024-05-30,23.90999984741211,24.09000015258789,22.64999961853028,22.64999961853028,3182600
2024-05-31,23.209999084472656,24.09000015258789,22.790000915527344,24.049999237060547,2616800
2024-06-03,22.100000381469727,23.520000457763672,22.01000022888184,23.43000030517578,2370400
2024-06-04,20.280000686645508,21.790000915527344,20.239999771118164,21.64999961853028,4241500
2024-06-05,20.809999465942383,21.13999938964844,19.68000030517578,20.26000022888184,3201200
2024-06-06,20.100000381469727,20.739999771118164,19.93000030517578,20.63999938964844,2091400
2024-06-07,20.020000457763672,20.520000457763672,19.81999969482422,19.8799991607666,2129500
2024-06-10,20.82999992370605,21.200000762939453,19.530000686645508,20.020000457763672,2034200
2024-06-11,20.270000457763672,20.690000534057617,20.229999542236328,20.5,1684600
2024-06-12,20.670000076293945,21.299999237060547,20.270000457763672,20.600000381469727,3763800
2024-06-13,21.170000076293945,21.90999984741211,20.709999084472656,21.700000762939453,4495800
2024-06-14,20.8799991607666,21.200000762939453,20.76000022888184,21.100000381469727,1383300
2024-06-17,20.440000534057617,21.200000762939453,20.200000762939453,20.709999084472656,1250400
2024-06-18,21.01000022888184,21.350000381469727,20.600000381469727,20.64999961853028,1335700
2024-06-20,20.76000022888184,21.299999237060547,20.36000061035156,21.18000030517578,1295600
2024-06-21,20.299999237060547,20.690000534057617,19.8700008392334,20.5,2977300
2024-06-24,20.770000457763672,20.770000457763672,19.950000762939453,20.39999961853028,1611700
2024-06-25,20.81999969482422,20.93000030517578,20.299999237060547,20.75,2022500
2024-06-26,20.280000686645508,20.6299991607666,20.100000381469727,20.530000686645508,1912600
2024-06-27,20.71999931335449,20.76000022888184,19.96999931335449,20.229999542236328,2229400
2024-06-28,20.1200008392334,21.030000686645508,20.06999969482422,21.0,1999900
2024-07-01,19.34000015258789,20.36000061035156,19.290000915527344,20.14999961853028,2221600
2024-07-02,20.01000022888184,20.1299991607666,19.170000076293945,19.299999237060547,1740100
2024-07-03,20.14999961853028,20.540000915527344,19.959999084472656,19.959999084472656,962700
2024-07-05,20.07999992370605,20.489999771118164,19.920000076293945,20.34000015258789,1337900
2024-07-08,20.549999237060547,21.11000061035156,19.850000381469727,20.0,1673100
2024-07-09,20.729999542236328,20.8700008392334,20.32999992370605,20.34000015258789,1147300
2024-07-10,21.049999237060547,21.309999465942383,20.75,20.809999465942383,1361100
2024-07-11,21.1299991607666,21.39999961853028,21.040000915527344,21.290000915527344,1169900
2024-07-12,21.290000915527344,21.32999992370605,21.030000686645508,21.170000076293945,1711600
2024-07-15,20.989999771118164,21.84000015258789,20.920000076293945,21.420000076293945,1385400
2024-07-16,20.63999938964844,21.06999969482422,20.26000022888184,20.89999961853028,1586400
2024-07-17,19.8700008392334,20.700000762939453,19.46999931335449,20.520000457763672,2293400
2024-07-18,19.90999984741211,20.309999465942383,19.71999931335449,20.0,949000
2024-07-19,20.190000534057617,20.489999771118164,19.59000015258789,19.600000381469727,1263500
2024-07-22,20.15999984741211,20.299999237060547,20.0,20.170000076293945,1197200
2024-07-23,20.46999931335449,20.549999237060547,20.0,20.0,1254200
2024-07-24,19.690000534057617,20.56999969482422,19.6299991607666,20.43000030517578,1335000
2024-07-25,19.68000030517578,20.15999984741211,19.18000030517578,19.81999969482422,1574800
2024-07-26,19.979999542236328,20.190000534057617,19.790000915527344,19.8799991607666,1722900
2024-07-29,19.299999237060547,20.11000061035156,19.1200008392334,19.940000534057617,1661800
2024-07-30,18.950000762939453,19.600000381469727,18.790000915527344,19.170000076293945,1234900
2024-07-31,19.940000534057617,20.239999771118164,19.25,19.43000030517578,1672700
2024-08-01,19.3700008392334,19.89999961853028,18.950000762939453,19.6299991607666,1767000
2024-08-02,18.13999938964844,18.8799991607666,18.13999938964844,18.850000381469727,2739100
2024-08-05,18.059999465942383,18.3700008392334,16.18000030517578,16.520000457763672,2942500
2024-08-06,18.450000762939453,18.739999771118164,17.81999969482422,18.07999992370605,1859300
2024-08-07,19.030000686645508,19.200000762939453,18.68000030517578,18.799999237060547,2124400
2024-08-08,19.780000686645508,20.030000686645508,19.200000762939453,19.309999465942383,2380200
2024-08-09,20.57999992370605,20.729999542236328,19.5,19.88999938964844,2049000
2024-08-12,21.440000534057617,21.459999084472656,20.57999992370605,20.709999084472656,2195700
2024-08-13,21.59000015258789,21.68000030517578,21.239999771118164,21.440000534057617,1380100
2024-08-14,21.600000381469727,22.209999084472656,21.3700008392334,21.600000381469727,1934600
2024-08-15,21.780000686645508,22.040000915527344,21.540000915527344,21.850000381469727,1686800
2024-08-16,21.670000076293945,22.0,21.5,21.799999237060547,1316500
2024-08-19,21.790000915527344,21.8700008392334,21.459999084472656,21.68000030517578,1613600
2024-08-20,21.63999938964844,22.100000381469727,21.5,21.809999465942383,1062600
2024-08-21,21.1200008392334,21.700000762939453,21.07999992370605,21.690000534057617,1031200
2024-08-22,20.68000030517578,21.170000076293945,20.420000076293945,21.170000076293945,1073200
2024-08-23,21.06999969482422,21.32999992370605,20.790000915527344,20.8700008392334,1429100
2024-08-26,21.31999969482422,21.479999542236328,20.96999931335449,21.39999961853028,682500
2024-08-27,21.59000015258789,21.75,21.049999237060547,21.190000534057617,754800
2024-08-28,21.729999542236328,21.84000015258789,21.18000030517578,21.32999992370605,839300
2024-08-29,22.440000534057617,22.459999084472656,21.549999237060547,21.84000015258789,1453500
2024-08-30,23.700000762939453,24.420000076293945,22.959999084472656,23.0,4723400
2024-09-03,23.25,23.64999961853028,22.93000030517578,23.479999542236328,3081400
2024-09-04,24.040000915527344,24.06999969482422,23.1299991607666,23.170000076293945,3052700
2024-09-05,23.920000076293945,24.63999938964844,23.780000686645508,24.13999938964844,2317100
2024-09-06,23.350000381469727,24.020000457763672,23.11000061035156,23.8700008392334,1344700
2024-09-09,23.270000457763672,23.71999931335449,23.239999771118164,23.46999931335449,1267500
2024-09-10,22.71999931335449,23.25,22.11000061035156,23.25,1669600
2024-09-11,22.81999969482422,23.3799991607666,22.600000381469727,22.61000061035156,1349500
2024-09-12,23.11000061035156,23.31999969482422,22.809999465942383,22.850000381469727,1395900
2024-09-13,23.309999465942383,23.540000915527344,23.1200008392334,23.299999237060547,975500
2024-09-16,23.8700008392334,24.26000022888184,23.239999771118164,23.5,1769800
2024-09-17,23.64999961853028,23.979999542236328,23.01000022888184,23.8799991607666,1489300
2024-09-18,23.559999465942383,23.93000030517578,23.049999237060547,23.790000915527344,1335900
2024-09-19,24.26000022888184,24.420000076293945,23.729999542236328,23.75,1664400
2024-09-20,23.64999961853028,24.170000076293945,23.540000915527344,24.13999938964844,1072700
2024-09-23,22.8799991607666,23.799999237060547,22.799999237060547,23.600000381469727,1540500
2024-09-24,22.75,23.200000762939453,22.709999084472656,23.200000762939453,1176000
2024-09-25,22.350000381469727,23.040000915527344,22.31999969482422,22.809999465942383,968100
2024-09-26,22.059999465942383,22.32999992370605,21.809999465942383,22.209999084472656,1713600
2024-09-27,21.68000030517578,22.290000915527344,21.61000061035156,22.059999465942383,1681400
2024-09-30,21.209999084472656,21.540000915527344,21.01000022888184,21.39999961853028,1806800
2024-10-01,21.670000076293945,21.86000061035156,21.07999992370605,21.170000076293945,1764400
2024-10-02,21.690000534057617,22.020000457763672,21.5,22.0,1404100
2024-10-03,22.36000061035156,22.40999984741211,21.57999992370605,21.739999771118164,1753100
2024-10-04,22.239999771118164,22.700000762939453,22.040000915527344,22.489999771118164,1171600
2024-10-07,21.979999542236328,22.38999938964844,21.799999237060547,22.239999771118164,1093100
2024-10-08,22.100000381469727,22.11000061035156,21.39999961853028,21.6299991607666,920000
2024-10-09,23.59000015258789,24.049999237060547,21.780000686645508,21.950000762939453,3918600
2024-10-10,24.25,24.600000381469727,23.559999465942383,23.709999084472656,2597700
2024-10-11,24.8799991607666,25.09000015258789,24.01000022888184,24.239999771118164,1896000
2024-10-14,25.25,25.39999961853028,24.56999969482422,24.940000534057617,1913300
2024-10-15,25.739999771118164,25.76000022888184,24.38999938964844,24.8700008392334,2083200
2024-10-16,24.8799991607666,25.88999938964844,24.780000686645508,25.690000534057617,1585500
2024-10-17,25.020000457763672,25.46999931335449,24.770000457763672,25.0,1435800
2024-10-18,25.0,25.1200008392334,24.64999961853028,25.040000915527344,1151700
2024-10-21,24.8700008392334,25.38999938964844,24.81999969482422,25.100000381469727,1435500
2024-10-22,24.81999969482422,25.26000022888184,24.700000762939453,24.780000686645508,1088800
2024-10-23,24.299999237060547,24.81999969482422,23.8799991607666,24.65999984741211,1899500
2024-10-24,25.11000061035156,25.270000457763672,23.989999771118164,24.549999237060547,1952400
2024-10-25,25.64999961853028,26.0,24.959999084472656,25.200000762939453,2113600
2024-10-28,25.51000022888184,25.61000061035156,24.6200008392334,25.059999465942383,1891000
2024-10-29,24.84000015258789,25.600000381469727,24.75,25.520000457763672,1504000
2024-10-30,24.549999237060547,25.280000686645508,24.39999961853028,25.09000015258789,1775500
2024-10-31,24.51000022888184,24.790000915527344,24.350000381469727,24.780000686645508,1362300
2024-11-01,25.3700008392334,25.6299991607666,25.020000457763672,25.100000381469727,2004300
2024-11-04,26.59000015258789,26.850000381469727,25.549999237060547,25.549999237060547,3276200
2024-11-05,27.489999771118164,27.5,26.5,26.63999938964844,2886700
2024-11-06,28.25,28.81999969482422,27.520000457763672,27.959999084472656,3059500
2024-11-07,29.31999969482422,29.450000762939453,28.229999542236328,28.39999961853028,2287000
2024-11-08,29.239999771118164,31.100000381469727,28.600000381469727,30.1299991607666,2987900
2024-11-11,29.84000015258789,30.01000022888184,27.920000076293945,29.229999542236328,1830500
2024-11-12,29.790000915527344,30.100000381469727,29.31999969482422,29.850000381469727,1832300
2024-11-13,30.90999984741211,30.989999771118164,29.86000061035156,30.1200008392334,2024900
2024-11-14,32.2599983215332,32.529998779296875,31.0,31.0,3075200
2024-11-15,32.38999938964844,33.15999984741211,32.02000045776367,32.41999816894531,2976900
2024-11-18,34.939998626708984,35.66999816894531,32.2400016784668,32.709999084472656,4035200
2024-11-19,35.54999923706055,35.599998474121094,34.380001068115234,34.869998931884766,3720900
2024-11-20,37.16999816894531,37.2400016784668,35.5,35.93000030517578,4015500
2024-11-21,37.470001220703125,38.45000076293945,36.70000076293945,37.9900016784668,5340500
2024-11-22,40.02999877929688,40.97999954223633,37.220001220703125,37.220001220703125,6457100
2024-11-25,39.2599983215332,42.29999923706055,38.959999084472656,42.0,6502800
2024-11-26,40.02999877929688,41.22999954223633,38.650001525878906,39.09999847412109,2934100
2024-11-27,39.709999084472656,40.43000030517578,39.43999862670898,39.75,3123900
2024-11-29,40.29999923706055,41.09999847412109,39.83000183105469,40.369998931884766,2181900
2024-12-02,40.220001220703125,41.380001068115234,40.130001068115234,40.77000045776367,2427700
2024-12-03,40.150001525878906,41.119998931884766,39.630001068115234,40.9900016784668,2348300
2024-12-04,38.380001068115234,40.04999923706055,38.02000045776367,39.84999847412109,3315500
2024-12-05,38.459999084472656,39.22999954223633,38.18000030517578,38.59999847412109,2245600
2024-12-06,38.869998931884766,39.59000015258789,37.560001373291016,38.56999969482422,2355100
2024-12-09,40.5099983215332,41.75,39.869998931884766,40.36000061035156,2871800
2024-12-10,40.650001525878906,42.0,40.16999816894531,41.45000076293945,1549100
2024-12-11,43.119998931884766,43.4900016784668,40.20000076293945,40.97999954223633,3174100
2024-12-12,43.959999084472656,44.7599983215332,43.290000915527344,43.290000915527344,3774800
2024-12-13,44.560001373291016,44.959999084472656,43.619998931884766,44.290000915527344,2174400
2024-12-16,44.58000183105469,45.970001220703125,44.02999877929688,44.70000076293945,3524300
2024-12-17,44.880001068115234,44.88999938964844,43.2400016784668,44.29999923706055,2754900
2024-12-18,41.68999862670898,44.91999816894531,41.65999984741211,44.86000061035156,3157600
2024-12-19,41.41999816894531,43.88999938964844,41.0099983215332,43.5099983215332,3014100
2024-12-20,42.02000045776367,42.70000076293945,40.40999984741211,41.02999877929688,1610200
2024-12-23,42.43999862670898,42.68000030517578,41.27000045776367,42.09999847412109,1261400
2024-12-24,42.790000915527344,42.9900016784668,42.15999984741211,42.45000076293945,405600
2024-12-26,43.060001373291016,43.45000076293945,42.5,42.70000076293945,1021700
2024-12-27,42.63999938964844,42.970001220703125,42.220001220703125,42.61000061035156,978300
2024-12-30,42.369998931884766,42.77999877929688,41.790000915527344,42.27000045776367,989000
2024-12-31,42.5099983215332,43.2400016784668,42.31999969482422,42.619998931884766,877700
2025-01-02,44.59999847412109,45.08000183105469,42.2400016784668,42.880001068115234,3756200
2025-01-03,44.060001373291016,45.43000030517578,43.56999969482422,45.369998931884766,2844700
2025-01-06,45.0099983215332,45.84999847412109,44.65999984741211,45.16999816894531,2694000
2025-01-07,46.02999877929688,47.34999847412109,44.68000030517578,45.5,3131900
2025-01-08,45.31999969482422,46.36000061035156,44.09999847412109,46.20000076293945,2665300
2025-01-10,45.84999847412109,47.43000030517578,45.20000076293945,47.41999816894531,2950100
2025-01-13,44.5099983215332,45.93999862670898,44.20000076293945,45.709999084472656,1993900
2025-01-14,45.0,45.79999923706055,44.59999847412109,45.2400016784668,2361900
2025-01-15,45.0,45.7599983215332,44.119998931884766,45.38999938964844,1876600
2025-01-16,43.81999969482422,45.0,43.40999984741211,44.93000030517578,2068800
2025-01-17,42.709999084472656,43.709999084472656,41.91999816894531,43.65999984741211,3465000
2025-01-21,43.34999847412109,43.52000045776367,42.08000183105469,42.56999969482422,1897800
2025-01-22,43.02000045776367,43.959999084472656,42.7599983215332,43.77999877929688,2130300
2025-01-23,41.959999084472656,43.290000915527344,41.86000061035156,43.20000076293945,2292200
2025-01-24,40.959999084472656,42.68999862670898,40.45000076293945,41.86000061035156,3049100
2025-01-27,39.619998931884766,40.540000915527344,38.900001525878906,40.0,4327300
2025-01-28,38.86000061035156,40.150001525878906,37.93000030517578,39.84000015258789,3098700
2025-01-29,40.0,40.380001068115234,38.70000076293945,38.79999923706055,2545000
2025-01-30,40.47999954223633,41.18000030517578,40.09000015258789,40.650001525878906,1948600
2025-01-31,39.470001220703125,40.75,39.41999816894531,40.650001525878906,1176300
2025-02-03,38.47999954223633,39.25,38.09000015258789,38.52999877929688,1499300
2025-02-04,39.31999969482422,39.7599983215332,38.7400016784668,38.900001525878906,984100
2025-02-05,38.560001373291016,39.54999923706055,38.43000030517578,39.25,1284700
2025-02-06,39.33000183105469,39.5,38.709999084472656,38.93000030517578,917200
2025-02-07,37.790000915527344,39.34999847412109,37.45000076293945,39.09999847412109,1537100
2025-02-10,38.0,38.7400016784668,37.58000183105469,38.0099983215332,1555200
2025-02-11,36.09999847412109,37.59000015258789,35.880001068115234,37.5,2571700
2025-02-12,36.2599983215332,37.09000015258789,34.95000076293945,35.220001220703125,1421500
2025-02-13,37.13999938964844,37.41999816894531,36.0,36.459999084472656,1249600
2025-02-14,37.220001220703125,37.77999877929688,36.970001220703125,37.380001068115234,1034200
2025-02-18,37.15999984741211,38.04999923706055,35.369998931884766,35.650001525878906,2228800
2025-02-19,37.11000061035156,38.09999847412109,36.810001373291016,37.060001373291016,1815700
2025-02-20,38.38999938964844,38.619998931884766,36.90999984741211,37.65999984741211,1734000
2025-02-21,37.060001373291016,39.45000076293945,36.97999954223633,39.09000015258789,2777400
2025-02-24,36.380001068115234,38.13999938964844,36.209999084472656,37.7599983215332,2176200
2025-02-25,35.41999816894531,36.56999969482422,34.7599983215332,36.38999938964844,1833600
2025-02-26,35.68000030517578,36.25,35.15999984741211,35.560001373291016,1246200
2025-02-27,34.45000076293945,35.86000061035156,34.43000030517578,35.599998474121094,1394700
2025-02-28,35.04999923706055,35.439998626708984,33.66999816894531,34.119998931884766,2297900
2025-03-03,34.290000915527344,36.40999984741211,33.90999984741211,36.06999969482422,1480000
2025-03-04,33.5,33.93000030517578,32.310001373291016,33.43000030517578,1680000
2025-03-05,34.13999938964844,34.630001068115234,33.2599983215332,33.810001373291016,1786000
2025-03-06,33.40999984741211,34.81999969482422,33.369998931884766,34.13999938964844,1501400
2025-03-07,33.38999938964844,34.099998474121094,32.25,33.599998474121094,2681200
2025-03-10,31.559999465942383,32.83000183105469,30.81999969482422,32.5,2364300
2025-03-11,31.88999938964844,32.4900016784668,31.25,31.93000030517578,2333200
2025-03-12,33.88999938964844,34.0,32.0099983215332,32.130001068115234,1589700
2025-03-13,33.709999084472656,34.439998626708984,33.130001068115234,33.95000076293945,1654800
2025-03-14,35.779998779296875,35.81999969482422,34.02000045776367,34.06999969482422,1867300
2025-03-17,36.18000030517578,36.68000030517578,35.54999923706055,35.720001220703125,1718400
2025-03-18,33.790000915527344,36.16999816894531,33.439998626708984,36.119998931884766,2208000
2025-03-19,35.47999954223633,35.66999816894531,33.83000183105469,34.20000076293945,1673100
2025-03-20,35.529998779296875,35.959999084472656,34.95000076293945,35.40999984741211,1152500
2025-03-21,36.52999877929688,36.560001373291016,34.90999984741211,35.220001220703125,1551300
2025-03-24,36.16999816894531,37.2599983215332,36.15999984741211,36.93999862670898,1084000
2025-03-25,37.66999816894531,37.9900016784668,36.29999923706055,36.56999969482422,1861900
2025-03-26,37.25,38.27999877929688,36.88999938964844,37.65999984741211,1356500
2025-03-27,37.369998931884766,38.7400016784668,37.02999877929688,37.41999816894531,1416100
2025-03-28,36.0,37.290000915527344,35.540000915527344,36.84999847412109,1359300
2025-03-31,35.040000915527344,35.689998626708984,33.900001525878906,34.880001068115234,1729400
2025-04-01,35.5,36.02999877929688,34.58000183105469,35.08000183105469,844400
2025-04-02,35.5,35.599998474121094,35.0,35.040000915527344,522600
2025-04-03,33.54999923706055,34.34000015258789,33.290000915527344,33.43000030517578,1773400
2025-04-04,30.0,32.20000076293945,28.81999969482422,32.0,5314000
2025-04-07,28.489999771118164,30.64999961853028,27.0,27.549999237060547,3900200
2025-04-08,27.15999984741211,30.0,26.709999084472656,30.0,3738900
2025-04-09,29.59000015258789,29.96999931335449,24.65999984741211,26.709999084472656,5971400
2025-04-10,27.57999992370605,29.200000762939453,26.65999984741211,28.209999084472656,2659600
2025-04-11,30.030000686645508,30.34000015258789,27.799999237060547,28.100000381469727,3377500
2025-04-14,33.130001068115234,35.0,32.650001525878906,35.0,5391000
2025-04-15,31.84000015258789,33.459999084472656,31.489999771118164,33.189998626708984,2311100
2025-04-16,32.4900016784668,33.66999816894531,31.8700008392334,31.8700008392334,1991500
2025-04-17,33.08000183105469,33.77000045776367,32.689998626708984,32.7599983215332,1411000
2025-04-21,31.81999969482422,33.08000183105469,31.34000015258789,32.83000183105469,1495800
2025-04-22,33.0,33.689998626708984,31.82999992370605,32.279998779296875,1732800
2025-04-23,32.650001525878906,34.02000045776367,32.43000030517578,33.849998474121094,2400400
2025-04-24,32.2400016784668,33.279998779296875,32.20000076293945,32.75,1520300
2025-04-25,32.0,32.43000030517578,31.43000030517578,32.0,1485800
2025-04-28,31.450000762939453,32.54999923706055,31.07999992370605,31.81999969482422,1267500
2025-04-29,31.1299991607666,31.489999771118164,30.81999969482422,31.059999465942383,918200
2025-04-30,29.799999237060547,30.8700008392334,29.76000022888184,30.440000534057617,1993800
2025-05-01,29.239999771118164,30.43000030517578,28.940000534057617,29.709999084472656,1745700
2025-05-02,29.09000015258789,29.979999542236328,28.76000022888184,29.799999237060547,1752500
2025-05-05,28.100000381469727,28.940000534057617,28.07999992370605,28.64999961853028,2321700
2025-05-06,30.18000030517578,30.239999771118164,28.200000762939453,28.25,2640900
2025-05-07,30.270000457763672,30.76000022888184,29.51000022888184,30.040000915527344,2382900
2025-05-08,30.84000015258789,31.1200008392334,29.32999992370605,30.350000381469727,2591700
2025-05-09,32.70000076293945,32.810001373291016,31.18000030517578,31.239999771118164,4191400
2025-05-12,35.529998779296875,35.650001525878906,33.599998474121094,33.72999954223633,4805600
2025-05-13,35.90999984741211,36.400001525878906,34.90999984741211,35.54999923706055,3077000
2025-05-14,36.2400016784668,36.43999862670898,35.0099983215332,35.56999969482422,2732800
2025-05-15,35.77000045776367,35.91999816894531,34.40999984741211,35.09000015258789,2692400
2025-05-16,35.880001068115234,35.97999954223633,35.119998931884766,35.599998474121094,1350500
2025-05-19,36.90999984741211,37.43999862670898,35.7599983215332,36.29999923706055,2726000
2025-05-20,36.5,37.040000915527344,36.040000915527344,37.0,1994200
2025-05-21,35.93000030517578,37.18000030517578,35.86000061035156,36.54999923706055,1864000
2025-05-22,36.119998931884766,36.68000030517578,35.130001068115234,35.38999938964844,1451800
2025-05-23,36.52000045776367,36.630001068115234,35.11000061035156,35.11000061035156,1072600
2025-05-27,36.56999969482422,36.959999084472656,36.27999877929688,36.70000076293945,1629000
2025-05-28,36.959999084472656,37.66999816894531,35.45000076293945,36.56999969482422,2041100
2025-05-29,36.2599983215332,37.5,36.130001068115234,37.36000061035156,1517600
2025-05-30,35.380001068115234,36.130001068115234,34.93000030517578,35.68000030517578,3080200
2025-06-02,34.619998931884766,36.25,34.59000015258789,35.91999816894531,1586200
2025-06-03,35.31999969482422,35.68000030517578,34.119998931884766,34.65999984741211,1231700
2025-06-04,33.61000061035156,35.70000076293945,33.599998474121094,35.310001373291016,2086900
2025-06-05,33.880001068115234,34.2400016784668,33.54999923706055,33.93000030517578,1023600
2025-06-06,34.27000045776367,34.58000183105469,33.45000076293945,34.0099983215332,1009000
2025-06-09,33.709999084472656,34.25,33.66999816894531,34.25,1827700
2025-06-10,36.290000915527344,36.5,34.06999969482422,34.189998626708984,2953900
2025-06-11,35.91999816894531,36.970001220703125,35.29999923706055,36.40999984741211,1823800
2025-06-12,36.209999084472656,36.70000076293945,35.599998474121094,35.849998474121094,1008500
2025-06-13,36.290000915527344,37.220001220703125,35.33000183105469,36.540000915527344,2641100
2025-06-16,35.47999954223633,36.88999938964844,35.2599983215332,36.45000076293945,899500
2025-06-17,35.43000030517578,35.95000076293945,34.869998931884766,35.65999984741211,1526600
2025-06-18,35.279998779296875,36.34000015258789,35.16999816894531,35.20000076293945,1035800
2025-06-20,34.68000030517578,35.709999084472656,34.54999923706055,35.5,869400
2025-06-23,33.790000915527344,35.029998779296875,33.4900016784668,34.900001525878906,1821300
2025-06-24,34.349998474121094,34.75,33.33000183105469,33.54999923706055,1344400
2025-06-25,33.060001373291016,34.34000015258789,32.869998931884766,34.34000015258789,1522200
2025-06-26,33.380001068115234,33.790000915527344,32.90999984741211,33.439998626708984,1154200
2025-06-27,33.33000183105469,33.869998931884766,32.79999923706055,33.43000030517578,944700
2025-06-30,31.450000762939453,33.25,30.479999542236328,33.029998779296875,5224000
2025-07-01,31.450000762939453,31.959999084472656,30.600000381469727,31.059999465942383,3440600
2025-07-02,32.040000915527344,32.11000061035156,31.26000022888184,31.290000915527344,1894400
2025-07-03,32.279998779296875,32.54999923706055,31.96999931335449,32.119998931884766,800200
2025-07-07,30.89999961853028,32.20000076293945,30.450000762939453,32.099998474121094,1600800
2025-07-08,33.04999923706055,33.060001373291016,30.799999237060547,31.059999465942383,1909900
2025-07-09,31.90999984741211,33.20000076293945,31.76000022888184,32.9900016784668,1200700
2025-07-10,31.799999237060547,32.279998779296875,31.049999237060547,31.540000915527344,1915200
2025-07-11,30.96999931335449,31.770000457763672,30.86000061035156,31.770000457763672,1516200
2025-07-14,31.07999992370605,31.25,30.21999931335449,30.81999969482422,1118600
2025-07-15,31.61000061035156,31.68000030517578,30.540000915527344,31.100000381469727,1349800
2025-07-16,30.809999465942383,31.700000762939453,30.600000381469727,31.6299991607666,1442500
2025-07-17,30.90999984741211,31.350000381469727,30.59000015258789,30.790000915527344,1759100
2025-07-18,30.729999542236328,31.729999542236328,30.709999084472656,31.549999237060547,1348100
2025-07-21,30.59000015258789,31.40999984741211,30.479999542236328,30.88999938964844,1155700
2025-07-22,30.530000686645508,31.030000686645508,30.14999961853028,30.34000015258789,1487300
2025-07-23,32.290000915527344,32.66999816894531,30.600000381469727,30.770000457763672,1957700
2025-07-24,32.400001525878906,32.470001220703125,31.64999961853028,31.979999542236328,1210900
2025-07-25,33.15999984741211,33.68000030517578,32.47999954223633,32.56999969482422,1758900
2025-07-28,33.22999954223633,33.869998931884766,33.02000045776367,33.16999816894531,842100
2025-07-29,34.810001373291016,34.9900016784668,33.119998931884766,33.310001373291016,1831700
2025-07-30,33.88999938964844,35.0,33.56999969482422,35.0,1210400
2025-07-31,33.540000915527344,34.349998474121094,33.08000183105469,33.68000030517578,1138300
2025-08-01,33.11000061035156,33.400001525878906,32.189998626708984,33.400001525878906,1008400
2025-08-04,33.47999954223633,33.709999084472656,33.11000061035156,33.11000061035156,688600
2025-08-05,35.099998474121094,35.130001068115234,33.220001220703125,33.220001220703125,1586700
2025-08-06,36.20000076293945,36.459999084472656,35.029998779296875,35.099998474121094,2410000
2025-08-07,35.77000045776367,36.52000045776367,35.27000045776367,36.09999847412109,1769000
2025-08-08,34.290000915527344,35.689998626708984,33.650001525878906,35.689998626708984,1751500
2025-08-11,34.29999923706055,34.41999816894531,33.529998779296875,34.2599983215332,1143000
2025-08-12,33.95000076293945,34.97999954223633,33.75,34.63999938964844,1274500
2025-08-13,33.75,34.29999923706055,33.29999923706055,33.939998626708984,1258500
2025-08-14,32.689998626708984,33.470001220703125,31.90999984741211,33.470001220703125,1618700
2025-08-15,32.970001220703125,33.43000030517578,32.310001373291016,32.38999938964844,1133500
2025-08-18,33.7400016784668,34.22999954223633,32.630001068115234,32.9900016784668,1442200
2025-08-19,31.96999931335449,33.77000045776367,31.93000030517578,33.59000015258789,1812000
2025-08-20,31.40999984741211,32.63999938964844,31.309999465942383,31.93000030517578,1688200
2025-08-21,31.670000076293945,32.13999938964844,31.200000762939453,31.530000686645508,816100
2025-08-22,31.75,32.2599983215332,31.450000762939453,31.670000076293945,1434100
2025-08-25,30.100000381469727,31.530000686645508,29.950000762939453,31.5,2645600
2025-08-26,30.709999084472656,30.90999984741211,29.809999465942383,29.89999961853028,1925600
2025-08-27,30.31999969482422,30.770000457763672,29.96999931335449,30.51000022888184,1886600
2025-08-28,30.84000015258789,31.770000457763672,30.36000061035156,30.420000076293945,2766700
2025-08-29,30.46999931335449,31.0,30.39999961853028,30.729999542236328,1788900
2025-09-02,30.3799991607666,30.450000762939453,28.850000381469727,29.799999237060547,2452300
2025-09-03,29.549999237060547,30.799999237060547,29.440000534057617,30.14999961853028,1483800
2025-09-04,30.81999969482422,31.07999992370605,29.479999542236328,29.670000076293945,1566800
2025-09-05,30.82999992370605,31.479999542236328,29.96999931335449,30.6299991607666,1795100
2025-09-08,26.100000381469727,27.270000457763672,25.34000015258789,26.25,9920100
2025-09-09,26.82999992370605,27.920000076293945,26.280000686645508,26.290000915527344,4157100
2025-09-10,28.63999938964844,29.020000457763672,27.229999542236328,27.229999542236328,3634800
2025-09-11,28.200000762939453,28.959999084472656,28.049999237060547,28.51000022888184,2470000
2025-09-12,27.07999992370605,28.350000381469727,26.920000076293945,28.299999237060547,2090500
2025-09-15,26.690000534057617,27.420000076293945,26.670000076293945,27.270000457763672,2081700
2025-09-16,27.709999084472656,28.07999992370605,27.059999465942383,27.15999984741211,1550000
2025-09-17,27.239999771118164,28.040000915527344,27.21999931335449,27.46999931335449,1387200
2025-09-18,24.40999984741211,27.059999465942383,24.38999938964844,27.0,5586400
2025-09-19,23.8700008392334,24.799999237060547,22.81999969482422,24.600000381469727,6280000
2025-09-22,26.920000076293945,27.39999961853028,25.549999237060547,27.39999961853028,6426000
2025-09-23,27.450000762939453,28.549999237060547,27.3700008392334,28.5,3931800
2025-09-24,27.729999542236328,29.68000030517578,27.07999992370605,29.46999931335449,4297000
2025-09-25,26.770000457763672,27.600000381469727,26.600000381469727,27.600000381469727,1900100
2025-09-26,26.049999237060547,27.86000061035156,25.979999542236328,26.82999992370605,2635400
2025-09-29,25.350000381469727,26.21999931335449,25.26000022888184,26.1200008392334,1951100
2025-09-30,24.290000915527344,25.3700008392334,24.100000381469727,25.020000457763672,3467400
2025-10-01,23.56999969482422,24.63999938964844,23.540000915527344,24.479999542236328,3015200
2025-10-02,23.809999465942383,24.190000534057617,23.020000457763672,23.850000381469727,3869400
2025-10-03,24.14999961853028,24.38999938964844,23.56999969482422,23.940000534057617,1655500
2025-10-06,24.6200008392334,24.82999992370605,23.709999084472656,24.209999084472656,1832700
2025-10-07,23.989999771118164,24.86000061035156,23.93000030517578,24.86000061035156,1684300
2025-10-08,24.39999961853028,24.450000762939453,23.3700008392334,24.11000061035156,2290700
2025-10-09,26.59000015258789,26.89999961853028,24.459999084472656,24.51000022888184,3802700
2025-10-10,26.420000076293945,26.8700008392334,25.56999969482422,26.8700008392334,3414300
2025-10-13,27.64999961853028,28.299999237060547,26.690000534057617,26.799999237060547,2966000
2025-10-14,26.049999237060547,28.799999237060547,25.450000762939453,27.280000686645508,4965900
2025-10-15,26.530000686645508,27.84000015258789,25.76000022888184,26.450000762939453,4135400
2025-10-16,26.3799991607666,26.86000061035156,25.84000015258789,26.61000061035156,1739100
2025-10-17,26.059999465942383,26.780000686645508,25.84000015258789,26.18000030517578,1544800
2025-10-20,25.1200008392334,26.700000762939453,24.950000762939453,26.1200008392334,2535700
2025-10-21,24.709999084472656,26.25,24.489999771118164,25.13999938964844,2487000
2025-10-22,24.75,25.0,24.0,24.65999984741211,2522900
2025-10-23,26.88999938964844,27.15999984741211,25.100000381469727,25.229999542236328,3165100
2025-10-24,26.950000762939453,28.32999992370605,26.71999931335449,27.5,3975600
2025-10-27,33.36000061035156,37.290000915527344,33.0,34.88999938964844,15631800
2025-10-28,33.849998474121094,34.7400016784668,32.31999969482422,33.0,4890900
2025-10-29,34.970001220703125,35.72999954223633,33.31999969482422,34.2400016784668,5328400
2025-10-30,34.59000015258789,35.150001525878906,33.93000030517578,34.650001525878906,2500300
2025-10-31,36.43000030517578,36.65999984741211,34.66999816894531,35.0,3684500
2025-11-03,37.060001373291016,37.77000045776367,36.290000915527344,37.4900016784668,3916600
2025-11-04,36.22999954223633,37.02000045776367,35.5,35.880001068115234,2572500
2025-11-05,37.02000045776367,37.630001068115234,36.470001220703125,37.54999923706055,2448500
2025-11-06,36.52000045776367,37.65999984741211,36.09000015258789,37.18999862670898,1880600
2025-11-07,36.2599983215332,36.88999938964844,35.34000015258789,35.90999984741211,2128600
2025-11-10,37.209999084472656,37.88999938964844,36.060001373291016,37.5,2359700
2025-11-11,37.52000045776367,38.25,37.16999816894531,37.4900016784668,2047600
2025-11-12,37.90999984741211,38.4900016784668,37.45000076293945,37.59999847412109,1958900
2025-11-13,37.2400016784668,38.18999862670898,36.650001525878906,37.77999877929688,1683700
2025-11-14,38.66999816894531,39.79999923706055,36.369998931884766,36.84999847412109,3314400
2025-11-17,38.47999954223633,39.220001220703125,38.0,38.619998931884766,1736500
2025-11-18,38.65999984741211,39.380001068115234,37.27000045776367,37.86000061035156,1937600
2025-11-19,38.66999816894531,39.119998931884766,38.18999862670898,38.54999923706055,1769900
2025-11-20,37.0099983215332,38.93000030517578,36.86000061035156,38.65999984741211,2111600
2025-11-21,35.70000076293945,36.91999816894531,35.2400016784668,36.75,2245400
2025-11-24,35.290000915527344,35.54999923706055,34.41999816894531,35.119998931884766,2266600
2025-11-25,35.34000015258789,36.02000045776367,34.43000030517578,35.599998474121094,2243300
2025-11-26,36.060001373291016,36.4900016784668,35.459999084472656,35.459999084472656,1648400
2025-11-28,36.81999969482422,37.16999816894531,36.369998931884766,36.41999816894531,964900
2025-12-01,36.43000030517578,37.45000076293945,36.22999954223633,36.4900016784668,1149800
2025-12-02,36.11000061035156,36.91999816894531,36.09999847412109,36.5,1548100
2025-12-03,37.25,37.56999969482422,36.130001068115234,36.130001068115234,1453500
2025-12-04,36.63999938964844,38.04999923706055,36.56999969482422,37.9900016784668,1192300
2025-12-05,35.790000915527344,38.08000183105469,35.72999954223633,37.61000061035156,1604200
2025-12-08,35.939998626708984,36.13999938964844,35.27000045776367,35.810001373291016,682800
2025-12-09,35.72999954223633,36.11000061035156,35.369998931884766,35.939998626708984,841700
2025-12-10,36.06999969482422,36.4900016784668,35.459999084472656,35.75,1038700
2025-12-11,35.54999923706055,35.869998931884766,34.88999938964844,35.5099983215332,1376700
2025-12-12,35.029998779296875,35.7400016784668,34.650001525878906,35.439998626708984,1020800
2025-12-15,35.11000061035156,35.380001068115234,34.470001220703125,35.029998779296875,1307300
2025-12-16,34.13999938964844,34.900001525878906,33.720001220703125,34.79999923706055,1633100
2025-12-17,34.060001373291016,35.099998474121094,33.75,34.75,1175900
2025-12-18,35.61000061035156,35.7400016784668,34.099998474121094,34.099998474121094,1625000
2025-12-19,35.540000915527344,36.09999847412109,35.2400016784668,35.72999954223633,1093100
2025-12-22,35.5099983215332,36.02999877929688,35.40999984741211,36.0,678900
2025-12-23,35.90999984741211,36.56999969482422,35.349998474121094,35.349998474121094,980000
2025-12-24,36.02000045776367,36.18000030517578,35.58000183105469,35.79999923706055,387800
2025-12-26,35.959999084472656,36.16999816894531,35.75,36.0,613400
2025-12-29,36.459999084472656,37.27000045776367,35.880001068115234,36.04999923706055,1632100
2025-12-30,36.08000183105469,36.810001373291016,35.849998474121094,36.61000061035156,1042300
2025-12-31,36.15999984741211,36.41999816894531,35.91999816894531,36.02999877929688,343700
2026-01-02,36.290000915527344,36.7400016784668,35.66999816894531,36.56999969482422,947400
2026-01-05,36.380001068115234,36.459999084472656,35.09000015258789,36.2400016784668,1508100
2026-01-06,34.38999938964844,36.630001068115234,34.34000015258789,36.380001068115234,1844400
2026-01-07,32.779998779296875,34.939998626708984,32.779998779296875,34.59000015258789,2969200
2026-01-08,33.79999923706055,33.9900016784668,32.7400016784668,32.970001220703125,1535000
2026-01-09,34.08000183105469,34.22999954223633,33.369998931884766,34.060001373291016,1196700
2026-01-12,33.81999969482422,34.189998626708984,33.31999969482422,33.63999938964844,1121000
2026-01-13,34.83000183105469,34.849998474121094,33.880001068115234,34.099998474121094,2075100
2026-01-14,34.54999923706055,35.41999816894531,34.41999816894531,34.790000915527344,2119700
2026-01-15,33.720001220703125,34.58000183105469,33.689998626708984,34.08000183105469,1109900
2026-01-16,34.310001373291016,34.849998474121094,33.810001373291016,33.810001373291016,1255600
2026-01-20,34.52000045776367,34.9900016784668,33.56999969482422,33.720001220703125,1155400
2026-01-21,36.09000015258789,36.09999847412109,34.79999923706055,34.939998626708984,1159700
2026-01-22,35.689998626708984,36.29999923706055,35.15999984741211,36.0,1076400
2026-01-23,36.41999816894531,36.95000076293945,36.0,36.29999923706055,1375500
2026-01-26,36.52999877929688,37.380001068115234,36.31999969482422,36.650001525878906,1554200
2026-01-27,38.27999877929688,38.43000030517578,36.7400016784668,36.84000015258789,2066100
2026-01-28,38.59999847412109,38.900001525878906,37.88999938964844,38.5,1631400
2026-01-29,39.77000045776367,39.84999847412109,37.66999816894531,39.150001525878906,2734700
2026-01-30,39.790000915527344,40.380001068115234,38.77000045776367,39.04999923706055,2984900
2026-02-02,38.86000061035156,39.5,38.310001373291016,38.75,1726900
2026-02-03,38.970001220703125,39.02000045776367,37.56999969482422,38.75,2029400
2026-02-04,39.4900016784668,39.5,38.09999847412109,39.150001525878906,1816100
2026-02-05,37.5,39.150001525878906,37.369998931884766,38.630001068115234,1313800
2026-02-06,38.13999938964844,38.900001525878906,37.95000076293945,38.11000061035156,1093900
2026-02-09,38.290000915527344,38.47999954223633,37.220001220703125,38.20000076293945,962900
2026-02-10,39.09999847412109,39.650001525878906,37.81999969482422,38.119998931884766,1359600
2026-02-11,38.9900016784668,39.959999084472656,38.84000015258789,39.75,1091900
2026-02-12,37.31999969482422,39.68999862670898,37.09999847412109,39.34000015258789,1459300
2026-02-13,37.369998931884766,37.97999954223633,36.83000183105469,37.47999954223633,871000
2026-02-17,37.0099983215332,37.38999938964844,36.040000915527344,37.209999084472656,782400
2026-02-18,37.380001068115234,37.68999862670898,36.709999084472656,37.4900016784668,662500
2026-02-19,38.5,39.0,37.43000030517578,37.43000030517578,1227600
2026-02-20,38.5099983215332,38.810001373291016,37.91999816894531,38.310001373291016,721500
2026-02-23,37.52000045776367,38.84999847412109,37.52000045776367,38.56999969482422,1163400
2026-02-24,38.0099983215332,38.16999816894531,37.560001373291016,37.79999923706055,724400
2026-02-25,37.310001373291016,38.0,37.130001068115234,38.0,859000
2026-02-26,36.27999877929688,37.18999862670898,35.81999969482422,36.68000030517578,1249400
2026-02-27,35.38999938964844,36.75,34.15999984741211,36.34000015258789,3123300
2026-03-02,35.349998474121094,36.95000076293945,35.06999969482422,35.880001068115234,2334300
2026-03-03,34.66999816894531,35.4900016784668,33.41999816894531,34.81999969482422,1633400
2026-03-04,35.20000076293945,35.58000183105469,34.04999923706055,34.869998931884766,1329700
2026-03-05,35.97999954223633,35.97999954223633,34.88999938964844,34.939998626708984,1681000
2026-03-06,36.88999938964844,38.09999847412109,35.90999984741211,36.04999923706055,2377800
2026-03-09,36.77999877929688,38.58000183105469,36.52000045776367,37.2400016784668,3093900
2026-03-10,36.68000030517578,37.75,36.15999984741211,36.52999877929688,2325700
2026-03-11,39.27999877929688,39.380001068115234,37.369998931884766,37.459999084472656,3877500
2026-03-12,38.2599983215332,39.93999862670898,38.18999862670898,39.34999847412109,2099700
2026-03-13,38.25,38.97999954223633,37.59999847412109,38.27000045776367,1598400
2026-03-16,37.45000076293945,38.290000915527344,37.18000030517578,38.20000076293945,1686400
2026-03-17,38.11000061035156,38.720001220703125,37.400001525878906,37.59999847412109,1986400
2026-03-18,39.47999954223633,39.790000915527344,37.68000030517578,37.790000915527344,2152000
2026-03-19,41.59000015258789,42.59999847412109,39.70000076293945,39.75,7904600
2026-03-20,41.91999816894531,43.400001525878906,41.02999877929688,41.619998931884766,5984200
2026-03-23,41.209999084472656,42.41999816894531,41.0,41.0,3458300
2026-03-24,42.560001373291016,43.470001220703125,41.4900016784668,41.5099983215332,1825400
2026-03-25,43.18000030517578,43.18999862670898,41.63999938964844,41.84000015258789,2583800
2026-03-26,43.68000030517578,44.900001525878906,42.79999923706055,42.79999923706055,3982900
2026-03-27,45.16999816894531,46.9900016784668,43.68000030517578,43.970001220703125,6302100
2026-03-30,46.119998931884766,47.84000015258789,45.79999923706055,46.70000076293945,4944800
2026-03-31,46.220001220703125,48.959999084472656,45.459999084472656,46.54999923706055,5833100
2026-04-01,44.310001373291016,46.220001220703125,43.650001525878906,44.84999847412109,5786800
2026-04-02,45.220001220703125,46.61000061035156,44.45000076293945,46.0,1981800
2026-04-06,43.880001068115234,45.27999877929688,43.619998931884766,45.09000015258789,1572600
2026-04-07,44.16999816894531,45.11000061035156,43.29999923706055,44.22999954223633,2578600
2026-04-08,43.47999954223633,43.68999862670898,41.34999847412109,41.93000030517578,2949100
2026-04-09,42.68999862670898,44.0,42.459999084472656,43.65999984741211,2023800
2026-04-10,42.95000076293945,43.18999862670898,42.56999969482422,42.619998931884766,1092400
2026-04-13,43.5099983215332,44.47999954223633,43.13999938964844,43.65999984741211,2057000
2026-04-14,42.11000061035156,43.380001068115234,41.72999954223633,43.369998931884766,1905200
2026-04-15,41.540000915527344,42.34999847412109,41.38999938964844,41.790000915527344,2023200
2026-04-16,41.869998931884766,42.02000045776367,41.38999938964844,41.66999816894531,1239200
2026-04-17,40.59000015258789,41.0,39.34999847412109,40.43999862670898,3030100
2026-04-20,40.97999954223633,41.310001373291016,40.40999984741211,40.63999938964844,1313200
2026-04-21,43.119998931884766,43.65999984741211,41.08000183105469,41.08000183105469,3375500
2026-04-22,43.150001525878906,44.369998931884766,42.97999954223633,44.060001373291016,1548900
2026-04-23,43.310001373291016,43.77000045776367,43.119998931884766,43.52999877929688,1824500
2026-04-24,42.93999862670898,43.43999862670898,42.02000045776367,43.119998931884766,1429500
2026-04-27,43.0,43.84000015258789,42.72999954223633,43.45000076293945,1734300
2026-04-28,43.38999938964844,43.97999954223633,43.15999984741211,43.58000183105469,1475700
2026-04-29,44.810001373291016,45.150001525878906,43.630001068115234,44.0,2659700
2026-04-30,45.15999984741211,45.310001373291016,44.29999923706055,44.5099983215332,1977100
2026-05-01,43.380001068115234,44.869998931884766,42.790000915527344,44.869998931884766,1878800
2026-05-04,44.43000030517578,44.56999969482422,43.59999847412109,43.84000015258789,1232800
2026-05-05,43.970001220703125,44.41999816894531,43.459999084472656,44.38999938964844,1609200
2026-05-06,43.2599983215332,43.59000015258789,42.41999816894531,43.0,2158000
2026-05-07,42.79999923706055,42.97999954223633,41.630001068115234,42.29999923706055,1682700
2026-05-08,42.369998931884766,43.0,41.810001373291016,42.84999847412109,2148400
2026-05-11,44.93000030517578,45.040000915527344,42.52000045776367,42.90999984741211,1943100
2026-05-12,44.95000076293945,45.790000915527344,44.86000061035156,45.15999984741211,1599000
2026-05-13,43.52999877929688,45.18000030517578,43.470001220703125,44.95000076293945,1484400
2026-05-14,44.16999816894531,44.61000061035156,43.209999084472656,43.43999862670898,1078800
2026-05-15,43.65999984741211,44.790000915527344,43.40999984741211,44.18999862670898,1002700
2026-05-18,47.47999954223633,47.77999877929688,44.04999923706055,44.130001068115234,5812400
2026-05-19,47.959999084472656,48.7400016784668,47.08000183105469,47.97999954223633,3449600
2026-05-20,47.06999969482422,48.900001525878906,46.45000076293945,47.65999984741211,2323800
2026-05-21,47.93999862670898,49.0,47.4900016784668,47.93000030517578,2068900
2026-05-22,47.9900016784668,48.93000030517578,47.63999938964844,48.0,1187900
2026-05-26,48.59999847412109,49.0,47.5,47.970001220703125,2401500
2026-05-27,51.59000015258789,52.02000045776367,47.91999816894531,48.34999847412109,4640100
2026-05-28,52.0,53.61000061035156,51.15999984741211,52.0099983215332,2720400
2026-05-29,53.0099983215332,53.119998931884766,51.83000183105469,52.18000030517578,1893300
2026-06-01,54.7400016784668,56.150001525878906,53.84000015258789,53.900001525878906,2934100
2026-06-02,55.310001373291016,55.7400016784668,54.310001373291016,54.540000915527344,1799900
2026-06-03,54.900001525878906,56.09000015258789,54.34999847412109,55.95000076293945,2236800
2026-06-04,55.119998931884766,55.65999984741211,54.0,54.25,1202600
2026-06-05,53.5,55.459999084472656,53.20000076293945,54.7599983215332,1523600
2026-06-08,53.540000915527344,54.790000915527344,53.5,54.25,1326900
2026-06-09,53.61000061035156,54.20000076293945,52.29999923706055,53.7400016784668,1280700
2026-06-10,54.27000045776367,55.86000061035156,53.709999084472656,54.20000076293945,1156300
2026-06-11,56.34999847412109,57.4900016784668,55.09999847412109,55.119998931884766,2812200
2026-06-12,55.88999938964844,56.93000030517578,55.09999847412109,56.0,1383500
2026-06-15,52.59000015258789,54.25,52.040000915527344,54.0,2514500
2026-06-16,51.2400016784668,52.59999847412109,50.5,52.0,3114200
2026-06-17,50.84999847412109,51.880001068115234,50.68000030517578,51.22999954223633,1908000
2026-06-18,50.45000076293945,50.900001525878906,49.5,50.54999923706055,2250900
2026-06-22,49.470001220703125,50.90999984741211,49.02999877929688,50.58000183105469,1462000
2026-06-23,48.040000915527344,49.16999816894531,47.52999877929688,49.11000061035156,1462000
2026-06-24,45.619998931884766,47.5,45.400001525878906,47.29999923706055,2800000
2026-06-25,45.7599983215332,46.2599983215332,44.70000076293945,45.5,1617200
2026-06-26,45.33000183105469,45.970001220703125,44.900001525878906,45.34999847412109,989300
2026-06-29,45.25,46.84999847412109,45.220001220703125,46.70000076293945,1431900
2026-06-30,45.470001220703125,46.36000061035156,45.31999969482422,46.0,1301500
2026-07-01,44.959999084472656,45.61000061035156,44.02000045776367,44.88999938964844,1059800
2026-07-02,44.400001525878906,45.54999923706055,44.209999084472656,44.93999862670898,1012600
2026-07-06,46.119998931884766,46.47999954223633,45.0,45.38999938964844,1233800
2026-07-07,47.130001068115234,47.56999969482422,45.7400016784668,46.310001373291016,1543300
2026-07-08,47.900001525878906,50.04999923706055,47.70000076293945,47.77000045776367,3240600
2026-07-09,47.040000915527344,47.810001373291016,46.040000915527344,47.61000061035156,1227800
2026-07-10,47.58000183105469,47.63999938964844,47.0,47.0,587900
2026-07-13,49.5,49.56999969482422,47.88999938964844,48.02000045776367,2135900
2026-07-14,49.79999923706055,50.43999862670898,49.209999084472656,49.880001068115234,2258000
2026-07-15,50.2599983215332,50.41999816894531,49.290000915527344,49.79999923706055,1518100
2026-07-16,48.45000076293945,50.63999938964844,48.380001068115234,50.36000061035156,1087200
2026-07-17,49.68000030517578,49.81999969482422,48.72999954223633,49.5,986400
2026-07-20,50.43999862670898,50.4900016784668,48.84999847412109,49.25,888400
2026-07-21,51.33000183105469,51.59999847412109,50.70000076293945,50.97999954223633,835100
2026-07-22,52.5099983215332,52.68999862670898,51.77000045776367,52.0,1542200
2026-07-23,51.91999816894531,53.56999969482422,51.88999938964844,53.52999877929688,872700
2026-07-24,51.400001525878906,51.70000076293945,50.52999877929688,51.5,786000
2026-07-27,50.900001525878906,50.9900016784668,50.130001068115234,50.400001525878906,772800
2026-07-28,49.84000015258789,51.09000015258789,49.2400016784668,50.720001220703125,1045800
2026-07-29,50.31999969482422,51.58000183105469,49.560001373291016,51.0099983215332,909600
2026-07-30,52.150001525878906,52.38999938964844,50.36000061035156,50.63999938964844,1005000
2026-07-31,52.540000915527344,53.470001220703125,51.970001220703125,52.79999923706055,951000
2026-08-03,51.060001373291016,52.45000076293945,51.0,51.5,828327
