,Close,High,Low,Open,Volume
2024-04-26,3.5,4.239999771118164,3.0999999046325684,4.010000228881836,1320900
2024-04-29,3.200000047683716,3.9800000190734863,3.009999990463257,3.9800000190734863,118400
2024-04-30,3.0999999046325684,3.390000104904175,3.0299999713897705,3.2249999046325684,81800
2024-05-01,3.109999895095825,3.319999933242798,3.0999999046325684,3.25,42200
2024-05-02,3.0799999237060547,3.197999954223633,2.930000066757202,3.119999885559082,23400
2024-05-03,3.180000066757202,3.289999961853028,2.950000047683716,3.0999999046325684,34400
2024-05-06,3.174999952316284,3.259999990463257,3.069000005722046,3.259999990463257,16900
2024-05-07,3.150000095367432,3.200000047683716,3.0850000381469727,3.200000047683716,12000
2024-05-08,3.1700000762939453,3.190000057220459,3.0999999046325684,3.0999999046325684,10900
2024-05-09,3.1700000762939453,3.220000028610229,3.0999999046325684,3.200000047683716,14700
2024-05-10,3.25,3.2799999713897705,3.0999999046325684,3.0999999046325684,10100
2024-05-13,3.309999942779541,3.3299999237060547,3.121999979019165,3.299999952316284,15800
2024-05-14,3.369999885559082,3.380000114440918,3.128999948501587,3.319999933242798,21200
2024-05-15,3.390000104904175,3.450000047683716,3.2249999046325684,3.450000047683716,18500
2024-05-16,3.490000009536743,3.569999933242798,3.2720000743865967,3.319999933242798,15900
2024-05-17,3.259999990463257,3.5,3.25,3.490000009536743,13500
2024-05-20,3.3499999046325684,3.4660000801086426,3.200000047683716,3.309999942779541,8800
2024-05-21,3.319999933242798,3.3499999046325684,3.200000047683716,3.2699999809265137,6400
2024-05-22,3.0999999046325684,3.289999961853028,3.0,3.200000047683716,20400
2024-05-23,3.049999952316284,3.140000104904175,3.009999990463257,3.039999961853028,15400
2024-05-24,3.049999952316284,3.0899999141693115,3.009999990463257,3.009999990463257,2800
2024-05-28,3.049999952316284,3.180000066757202,2.799999952316284,3.009999990463257,8500
2024-05-29,2.9600000381469727,3.200000047683716,2.8499999046325684,3.0,11100
2024-05-30,3.0899999141693115,3.187000036239624,2.9170000553131104,3.187000036239624,5100
2024-05-31,3.069999933242798,3.0899999141693115,3.0,3.0,3700
2024-06-03,3.039999961853028,3.069999933242798,2.950000047683716,3.0299999713897705,7000
2024-06-04,3.0,3.0,2.9100000858306885,2.9100000858306885,3400
2024-06-05,2.950000047683716,3.0,2.9100000858306885,3.0,3100
2024-06-06,3.0799999237060547,3.0799999237060547,2.927999973297119,3.0,8800
2024-06-07,2.990000009536743,3.0199999809265137,2.900000095367432,3.0199999809265137,5300
2024-06-10,3.0999999046325684,3.0999999046325684,2.9100000858306885,2.9100000858306885,3300
2024-06-11,2.970000028610229,3.071000099182129,2.970000028610229,3.071000099182129,3200
2024-06-12,3.0199999809265137,3.049999952316284,2.9100000858306885,3.0,8400
2024-06-13,3.109999895095825,3.200000047683716,2.9600000381469727,2.9600000381469727,3400
2024-06-14,2.940000057220459,3.1760001182556152,2.940000057220459,3.1760001182556152,4800
2024-06-17,2.7060000896453857,3.0,2.7060000896453857,2.900000095367432,1600
2024-06-18,2.8499999046325684,2.900000095367432,2.8499999046325684,2.8499999046325684,3200
2024-06-20,2.75,2.890000104904175,2.5799999237060547,2.75,7700
2024-06-21,2.890000104904175,3.009999990463257,2.619999885559082,2.819999933242798,41200
2024-06-24,2.7799999713897705,3.0199999809265137,2.5999999046325684,2.720000028610229,34600
2024-06-25,2.8299999237060547,3.0199999809265137,2.6700000762939453,2.6700000762939453,36100
2024-06-26,2.880000114440918,3.049999952316284,2.6700000762939453,2.789999961853028,41600
2024-06-27,2.720000028610229,2.940000057220459,2.6600000858306885,2.8499999046325684,40200
2024-06-28,2.299999952316284,2.8299999237060547,2.25,2.8299999237060547,25800
2024-07-01,2.190000057220459,2.8299999237060547,2.0999999046325684,2.8299999237060547,21000
2024-07-02,2.5,2.720000028610229,2.072000026702881,2.240000009536743,34000
2024-07-03,2.299999952316284,2.365000009536743,2.265000104904175,2.3550000190734863,8600
2024-07-05,2.400000095367432,2.5999999046325684,2.0969998836517334,2.3299999237060547,29400
2024-07-08,2.220000028610229,2.390000104904175,2.0,2.390000104904175,63500
2024-07-09,2.039999961853028,2.299999952316284,1.9800000190734863,2.190000057220459,42700
2024-07-10,2.049999952316284,2.2100000381469727,2.0,2.109999895095825,9700
2024-07-11,2.025000095367432,2.2100000381469727,2.009999990463257,2.2100000381469727,8500
2024-07-12,2.0899999141693115,2.299999952316284,1.9789999723434448,2.059999942779541,15400
2024-07-15,2.059999942779541,2.180000066757202,2.009999990463257,2.1700000762939453,17900
2024-07-16,2.049999952316284,2.190000057220459,1.9809999465942385,2.140000104904175,37900
2024-07-17,1.9800000190734863,2.1600000858306885,1.7400000095367432,2.059999942779541,26400
2024-07-18,1.9700000286102293,2.0999999046325684,1.8799999952316284,2.059999942779541,11900
2024-07-19,1.9800000190734863,2.0899999141693115,1.649999976158142,2.009999990463257,13500
2024-07-22,2.009999990463257,2.109999895095825,1.7699999809265137,2.0199999809265137,17300
2024-07-23,2.0980000495910645,2.359999895095825,1.830000042915344,2.0299999713897705,26000
2024-07-24,2.0299999713897705,2.490000009536743,1.7699999809265137,1.909999966621399,9100
2024-07-25,2.009999990463257,2.059999942779541,1.850000023841858,1.8600000143051147,16900
2024-07-26,1.8600000143051147,2.319999933242798,1.7999999523162842,2.200000047683716,26400
2024-07-29,1.7999999523162842,1.909000039100647,1.7000000476837158,1.840000033378601,10600
2024-07-30,1.758999943733215,1.899999976158142,1.6449999809265137,1.809999942779541,15700
2024-07-31,1.7999999523162842,1.968999981880188,1.7999999523162842,1.809999942779541,15100
2024-08-01,1.7899999618530271,1.899999976158142,1.6200000047683716,1.840000033378601,5300
2024-08-02,1.8899999856948853,1.9800000190734863,1.6699999570846558,1.6799999475479126,6200
2024-08-05,1.7599999904632568,1.950000047683716,1.5,1.6699999570846558,6900
2024-08-06,1.7599999904632568,1.809999942779541,1.6399999856948853,1.6399999856948853,3600
2024-08-07,1.7300000190734863,1.924999952316284,1.7200000286102295,1.924999952316284,7700
2024-08-08,1.820000052452088,1.8600000143051147,1.7899999618530271,1.8600000143051147,3500
2024-08-09,1.820000052452088,1.899999976158142,1.559999942779541,1.7200000286102295,7200
2024-08-12,1.7000000476837158,1.932999968528748,1.659999966621399,1.932999968528748,6100
2024-08-13,1.6699999570846558,1.909999966621399,1.6699999570846558,1.7899999618530271,5400
2024-08-14,1.7599999904632568,2.0999999046325684,1.5099999904632568,1.7100000381469729,22800
2024-08-15,1.7999999523162842,2.039999961853028,1.7000000476837158,2.039999961853028,18900
2024-08-16,1.6699999570846558,1.8799999952316284,1.6200000047683716,1.8799999952316284,8900
2024-08-19,2.0,2.0,1.6360000371932983,1.649999976158142,4700
2024-08-20,1.7000000476837158,1.840000033378601,1.6549999713897705,1.830000042915344,15600
2024-08-21,1.7100000381469729,1.7999999523162842,1.649999976158142,1.7450000047683716,9400
2024-08-22,1.6799999475479126,1.6799999475479126,1.6799999475479126,1.6799999475479126,2200
2024-08-23,1.7300000190734863,1.830000042915344,1.7100000381469729,1.7400000095367432,10600
2024-08-26,1.725000023841858,1.7599999904632568,1.6799999475479126,1.6799999475479126,2700
2024-08-27,1.649999976158142,1.850000023841858,1.649999976158142,1.690000057220459,4900
2024-08-28,1.75,1.850000023841858,1.75,1.850000023841858,6600
2024-08-29,1.7899999618530271,1.850000023841858,1.690000057220459,1.75,11000
2024-08-30,1.649999976158142,1.7799999713897705,1.6100000143051147,1.7699999809265137,12000
2024-09-03,1.600000023841858,1.75,1.5199999809265137,1.649999976158142,4000
2024-09-04,1.6200000047683716,1.7899999618530271,1.4600000381469729,1.559999942779541,4000
2024-09-05,1.6399999856948853,1.850000023841858,1.399999976158142,1.5199999809265137,8400
2024-09-06,1.590000033378601,1.7699999809265137,1.440000057220459,1.6399999856948853,2000
2024-09-09,1.600000023841858,1.600000023841858,1.600000023841858,1.600000023841858,1300
2024-09-10,1.590000033378601,1.590000033378601,1.559999942779541,1.590000033378601,1800
2024-09-11,1.4500000476837158,1.659999966621399,1.3489999771118164,1.5800000429153442,8700
2024-09-12,1.5,1.5800000429153442,1.3700000047683716,1.4299999475479126,6100
2024-09-13,1.5700000524520874,1.5700000524520874,1.5700000524520874,1.5700000524520874,1800
2024-09-16,1.5099999904632568,1.6200000047683716,1.5099999904632568,1.6100000143051147,8400
2024-09-17,1.5,1.6749999523162842,1.5,1.5700000524520874,6900
2024-09-18,1.5,1.649999976158142,1.5,1.649999976158142,3600
2024-09-19,1.5399999618530271,1.6390000581741333,1.5,1.6390000581741333,9400
2024-09-20,1.7599999904632568,1.7699999809265137,1.649999976158142,1.7699999809265137,13400
2024-09-23,1.649999976158142,1.7519999742507937,1.649999976158142,1.7519999742507937,9400
2024-09-24,1.6200000047683716,1.6799999475479126,1.6200000047683716,1.6799999475479126,4100
2024-09-25,1.590000033378601,1.590000033378601,1.4500000476837158,1.5,1400
2024-09-26,1.5800000429153442,1.659999966621399,1.4509999752044678,1.559999942779541,11300
2024-09-27,1.4600000381469729,1.5,1.4600000381469729,1.5,4500
2024-09-30,1.309999942779541,1.475000023841858,1.2999999523162842,1.4500000476837158,8300
2024-10-01,1.2599999904632568,1.2999999523162842,1.2050000429153442,1.2200000286102295,9900
2024-10-02,1.309999942779541,1.4199999570846558,1.2400000095367432,1.350000023841858,45900
2024-10-03,1.2400000095367432,1.3600000143051147,1.2400000095367432,1.309999942779541,3400
2024-10-04,1.3200000524520874,1.3200000524520874,1.25,1.2899999618530271,8400
2024-10-07,1.3700000047683716,1.4500000476837158,1.340000033378601,1.3700000047683716,6900
2024-10-08,1.2899999618530271,1.3700000047683716,1.2400000095367432,1.3600000143051147,9300
2024-10-09,1.2799999713897705,1.3200000524520874,1.2200000286102295,1.2599999904632568,3200
2024-10-10,1.25,1.2899999618530271,1.2400000095367432,1.25,3400
2024-10-11,1.2699999809265137,1.2699999809265137,1.2599999904632568,1.2599999904632568,900
2024-10-14,1.2999999523162842,1.440000057220459,1.2599999904632568,1.4299999475479126,6700
2024-10-15,1.3700000047683716,1.4500000476837158,1.3200000524520874,1.440000057220459,10800
2024-10-16,1.2899999618530271,1.3559999465942385,1.2899999618530271,1.350000023841858,8600
2024-10-17,1.399999976158142,1.7999999523162842,1.25,1.5,113000
2024-10-18,1.7089999914169312,1.7200000286102295,1.4800000190734863,1.4800000190734863,89000
2024-10-21,1.625,1.850000023841858,1.5499999523162842,1.850000023841858,25800
2024-10-22,1.5800000429153442,1.6100000143051147,1.5800000429153442,1.6100000143051147,10400
2024-10-23,1.5099999904632568,1.5800000429153442,1.5099999904632568,1.5399999618530271,5300
2024-10-24,1.4800000190734863,1.7599999904632568,1.409999966621399,1.5099999904632568,19200
2024-10-25,1.4500000476837158,1.6660000085830688,1.399999976158142,1.4500000476837158,35600
2024-10-28,1.7300000190734863,1.7599999904632568,1.399999976158142,1.5199999809265137,69200
2024-10-29,1.5800000429153442,1.850000023841858,1.350000023841858,1.6799999475479126,99300
2024-10-30,1.399999976158142,1.5850000381469729,1.375,1.4700000286102295,51900
2024-10-31,1.309999942779541,1.3949999809265137,1.309999942779541,1.3949999809265137,16900
2024-11-01,1.340000033378601,1.399999976158142,1.2699999809265137,1.2999999523162842,44300
2024-11-04,1.3600000143051147,1.3860000371932983,1.309999942779541,1.3459999561309814,14500
2024-11-05,1.350000023841858,1.3700000047683716,1.2999999523162842,1.2999999523162842,15700
2024-11-06,1.3600000143051147,1.4199999570846558,1.350000023841858,1.4199999570846558,11500
2024-11-07,1.6699999570846558,1.7699999809265137,1.3600000143051147,1.3899999856948853,124700
2024-11-08,1.72599995136261,1.7949999570846558,1.590000033378601,1.590000033378601,36600
2024-11-11,1.840000033378601,1.8600000143051147,1.722000002861023,1.722000002861023,24100
2024-11-12,1.85699999332428,1.909999966621399,1.809999942779541,1.909999966621399,21200
2024-11-13,2.1050000190734863,2.380000114440918,1.870000004768372,2.0999999046325684,1048200
2024-11-14,2.0799999237060547,2.178999900817871,1.809999942779541,2.150000095367432,425400
2024-11-15,2.109999895095825,2.2699999809265137,2.009999990463257,2.1010000705718994,343900
2024-11-18,1.7100000381469729,2.555999994277954,1.4299999475479126,2.5,981900
2024-11-19,1.409999966621399,1.600000023841858,1.3300000429153442,1.600000023841858,200100
2024-11-20,1.3700000047683716,1.4490000009536743,1.2400000095367432,1.4299999475479126,103000
2024-11-21,1.5,1.5199999809265137,1.2599999904632568,1.350000023841858,77000
2024-11-22,1.600000023841858,1.7000000476837158,1.4459999799728394,1.4700000286102295,30200
2024-11-25,1.600000023841858,1.6200000047683716,1.5,1.600000023841858,22400
2024-11-26,1.5299999713897705,1.600000023841858,1.4700000286102295,1.5800000429153442,21200
2024-11-27,1.590000033378601,1.590000033378601,1.5,1.5199999809265137,17500
2024-11-29,1.5299999713897705,1.649999976158142,1.5110000371932983,1.569000005722046,40500
2024-12-02,1.4299999475479126,1.559999942779541,1.3799999952316284,1.559999942779541,73500
2024-12-03,1.4500000476837158,1.475000023841858,1.3849999904632568,1.4500000476837158,61500
2024-12-04,1.340000033378601,1.4700000286102295,1.309999942779541,1.4149999618530271,45700
2024-12-05,1.340000033378601,1.3600000143051147,1.25,1.3600000143051147,76700
2024-12-06,1.3300000429153442,1.3899999856948853,1.25,1.3799999952316284,77600
2024-12-09,1.309999942779541,1.340000033378601,1.25,1.2899999618530271,38600
2024-12-10,1.2799999713897705,1.2999999523162842,1.2400000095367432,1.2769999504089355,3000100
2024-12-11,1.6100000143051147,2.0299999713897705,1.4299999475479126,1.600000023841858,12352000
2024-12-12,1.75,1.7999999523162842,1.340000033378601,1.600000023841858,1043200
2024-12-13,1.6799999475479126,1.75,1.5199999809265137,1.5199999809265137,438500
2024-12-16,1.5099999904632568,1.7000000476837158,1.4700000286102295,1.5800000429153442,281900
2024-12-17,1.4199999570846558,1.4800000190734863,1.409999966621399,1.4800000190734863,99600
2024-12-18,1.1699999570846558,1.4500000476837158,1.0299999713897705,1.3600000143051147,508500
2024-12-19,1.190000057220459,1.3899999856948853,1.1200000047683716,1.3899999856948853,81400
2024-12-20,1.2000000476837158,1.2599999904632568,1.1299999952316284,1.2599999904632568,75200
2024-12-23,1.2799999713897705,1.3799999952316284,1.159999966621399,1.190000057220459,410200
2024-12-24,1.2599999904632568,1.3450000286102295,1.215999960899353,1.25,31800
2024-12-26,1.2899999618530271,1.3450000286102295,1.2200000286102295,1.2400000095367432,78600
2024-12-27,1.2999999523162842,1.3300000429153442,1.2300000190734863,1.309999942779541,43400
2024-12-30,1.2799999713897705,1.350000023841858,1.2400000095367432,1.2799999713897705,125200
2024-12-31,1.2899999618530271,1.3300000429153442,1.2599999904632568,1.2999999523162842,153900
2025-01-02,1.3200000524520874,1.3200000524520874,1.25,1.2940000295639038,40700
2025-01-03,1.2999999523162842,1.3300000429153442,1.2549999952316284,1.2799999713897705,45700
2025-01-06,1.350000023841858,1.3799999952316284,1.2799999713897705,1.2999999523162842,38400
2025-01-07,1.2799999713897705,1.3300000429153442,1.2799999713897705,1.3300000429153442,27100
2025-01-08,1.2100000381469729,1.3329999446868896,1.1699999570846558,1.2100000381469729,34700
2025-01-10,1.222000002861023,1.2699999809265137,1.1799999475479126,1.2000000476837158,29800
2025-01-13,1.2400000095367432,1.2999999523162842,1.2000000476837158,1.2000000476837158,27000
2025-01-14,1.2649999856948853,1.2999999523162842,1.2000000476837158,1.2300000190734863,35000
2025-01-15,1.2400000095367432,1.2599999904632568,1.225000023841858,1.2599999904632568,42500
2025-01-16,1.25,1.2999999523162842,1.1799999475479126,1.2649999856948853,16100
2025-01-17,1.2400000095367432,1.27400004863739,1.190000057220459,1.25,11000
2025-01-21,1.2000000476837158,1.2489999532699585,1.1699999570846558,1.190000057220459,46300
2025-01-22,1.1200000047683716,1.2130000591278076,1.0729999542236328,1.1799999475479126,42900
2025-01-23,1.2070000171661377,1.2599999904632568,1.090000033378601,1.090000033378601,14400
2025-01-24,1.2200000286102295,1.2350000143051147,1.1799999475479126,1.225000023841858,20800
2025-01-27,1.059999942779541,1.2400000095367432,0.9900000095367432,1.2400000095367432,90700
2025-01-28,0.9340000152587892,1.090000033378601,0.9100000262260436,1.090000033378601,102900
2025-01-29,0.9800000190734864,1.0499999523162842,0.9419999718666076,0.949999988079071,43300
2025-01-30,1.0759999752044678,1.100000023841858,0.9419999718666076,0.9980000257492064,39800
2025-01-31,0.9900000095367432,1.1200000047683716,0.9649999737739564,1.059999942779541,51700
2025-02-03,1.0199999809265137,1.034999966621399,0.8700000047683716,0.959999978542328,2133600
2025-02-04,1.2799999713897705,1.4700000286102295,1.159999966621399,1.3600000143051147,3598800
2025-02-05,1.215000033378601,1.2599999904632568,1.1299999952316284,1.2400000095367432,407200
2025-02-06,1.1749999523162842,1.2380000352859497,1.1699999570846558,1.2200000286102295,187500
2025-02-07,1.2999999523162842,1.350000023841858,1.1699999570846558,1.1699999570846558,281000
2025-02-10,1.190000057220459,1.3300000429153442,1.1699999570846558,1.2899999618530271,185300
2025-02-11,1.149999976158142,1.2100000381469729,1.100000023841858,1.2000000476837158,73500
2025-02-12,1.149999976158142,1.25,1.100000023841858,1.1200000047683716,108100
2025-02-13,1.1979999542236328,1.2200000286102295,1.1100000143051147,1.1399999856948853,96200
2025-02-14,1.1200000047683716,1.2000000476837158,1.0499999523162842,1.2000000476837158,118500
2025-02-18,1.190000057220459,1.190000057220459,1.100000023841858,1.1200000047683716,49300
2025-02-19,1.149999976158142,1.190000057220459,1.090000033378601,1.1399999856948853,46700
2025-02-20,1.0920000076293943,1.1799999475479126,1.0800000429153442,1.1799999475479126,35000
2025-02-21,1.0800000429153442,1.1200000047683716,1.0499999523162842,1.0800000429153442,34900
2025-02-24,1.0700000524520874,1.1100000143051147,1.034999966621399,1.1100000143051147,30800
2025-02-25,1.149999976158142,1.190000057220459,0.9509999752044678,1.090000033378601,1045000
2025-02-26,1.1299999952316284,1.2100000381469729,1.059999942779541,1.1100000143051147,138800
2025-02-27,1.1200000047683716,1.190000057220459,1.090000033378601,1.1200000047683716,73400
2025-02-28,1.1299999952316284,1.1299999952316284,1.0449999570846558,1.100000023841858,34700
2025-03-03,1.0,1.1299999952316284,0.902999997138977,1.1299999952316284,56400
2025-03-04,1.0399999618530271,1.0740000009536743,0.9700000286102296,0.9700000286102296,36700
2025-03-05,1.159999966621399,1.1799999475479126,1.0199999809265137,1.090000033378601,67500
2025-03-06,1.1619999408721924,1.1690000295639038,1.1100000143051147,1.1109999418258667,46600
2025-03-07,1.149999976158142,1.1820000410079956,1.1200000047683716,1.1399999856948853,30700
2025-03-10,1.159999966621399,1.1799999475479126,1.1360000371932983,1.159999966621399,60100
2025-03-11,1.1299999952316284,1.159999966621399,1.1100000143051147,1.1349999904632568,10300
2025-03-12,1.1399999856948853,1.159999966621399,1.1100000143051147,1.1100000143051147,9900
2025-03-13,1.1699999570846558,1.1699999570846558,1.1200000047683716,1.149999976158142,23600
2025-03-14,1.1699999570846558,1.1699999570846558,1.1069999933242798,1.1699999570846558,16300
2025-03-17,1.149999976158142,1.1699999570846558,1.1449999809265137,1.1699999570846558,19100
2025-03-18,1.159999966621399,1.1799999475479126,1.1399999856948853,1.1799999475479126,10000
2025-03-19,1.190000057220459,1.190000057220459,1.149999976158142,1.1779999732971191,7800
2025-03-20,1.2799999713897705,1.2799999713897705,1.0,1.1699999570846558,69600
2025-03-21,1.2699999809265137,1.27400004863739,1.2300000190734863,1.2300000190734863,15800
2025-03-24,1.2599999904632568,1.2799999713897705,1.190000057220459,1.25,12900
2025-03-25,1.2100000381469729,1.2799999713897705,1.159999966621399,1.2799999713897705,45800
2025-03-26,1.1100000143051147,1.25,1.1100000143051147,1.2200000286102295,119300
2025-03-27,1.0399999618530271,1.159999966621399,1.0399999618530271,1.090000033378601,30300
2025-03-28,0.9800000190734864,1.100000023841858,0.949999988079071,1.100000023841858,35000
2025-03-31,0.9490000009536744,0.9900000095367432,0.8100000023841858,0.949999988079071,77600
2025-04-01,1.0399999618530271,1.0399999618530271,0.9900000095367432,0.9900000095367432,12600
2025-04-02,1.0099999904632568,1.0700000524520874,0.9900000095367432,0.9900000095367432,23000
2025-04-03,1.0399999618530271,1.1299999952316284,0.9200000166893004,0.9850000143051147,85400
2025-04-04,1.0700000524520874,1.309999942779541,1.0,1.0099999904632568,36200
2025-04-07,1.100000023841858,1.1100000143051147,1.0199999809265137,1.0299999713897705,18900
2025-04-08,1.034000039100647,1.1200000047683716,1.0099999904632568,1.090000033378601,26200
2025-04-09,1.0099999904632568,1.090000033378601,0.9399999976158142,1.0199999809265137,38900
2025-04-10,1.0499999523162842,1.0700000524520874,0.9800000190734864,1.0099999904632568,29500
2025-04-11,1.090000033378601,1.090000033378601,1.0199999809265137,1.0299999713897705,119500
2025-04-14,1.0800000429153442,1.090000033378601,1.0700000524520874,1.0700000524520874,3200
2025-04-15,1.059999942779541,1.1100000143051147,1.0399999618530271,1.1100000143051147,5200
2025-04-16,1.0750000476837158,1.100000023841858,1.0399999618530271,1.0759999752044678,11100
2025-04-17,1.190000057220459,1.4299999475479126,1.090000033378601,1.1139999628067017,444100
2025-04-21,1.2000000476837158,1.2599999904632568,1.0709999799728394,1.090000033378601,47700
2025-04-22,1.2029999494552612,1.2489999532699585,1.1799999475479126,1.2100000381469729,18900
2025-04-23,1.2699999809265137,1.399999976158142,1.149999976158142,1.340000033378601,443700
2025-04-24,1.3799999952316284,1.3799999952316284,1.149999976158142,1.149999976158142,60100
2025-04-25,1.3209999799728394,1.409999966621399,1.2599999904632568,1.3899999856948853,66200
2025-04-28,1.3049999475479126,1.3300000429153442,1.2699999809265137,1.2799999713897705,14500
2025-04-29,1.3550000190734863,1.3700000047683716,1.2999999523162842,1.309999942779541,27900
2025-04-30,1.399999976158142,1.399999976158142,1.2999999523162842,1.3200000524520874,14500
2025-05-01,1.3300000429153442,1.409999966621399,1.2599999904632568,1.409999966621399,20000
2025-05-02,1.350000023841858,1.409999966621399,1.3109999895095823,1.3600000143051147,39600
2025-05-05,1.350000023841858,1.3799999952316284,1.3309999704360962,1.3799999952316284,29000
2025-05-06,1.340000033378601,1.3600000143051147,1.2999999523162842,1.2999999523162842,4200
2025-05-07,1.590000033378601,1.6050000190734863,1.3049999475479126,1.3600000143051147,149100
2025-05-08,1.6399999856948853,1.6670000553131104,1.5199999809265137,1.6100000143051147,100900
2025-05-09,1.5199999809265137,1.7799999713897705,1.4800000190734863,1.6299999952316284,131100
2025-05-12,1.820000052452088,1.870000004768372,1.4700000286102295,1.4700000286102295,132100
2025-05-13,1.7610000371932983,1.820000052452088,1.690000057220459,1.820000052452088,28300
2025-05-14,1.7200000286102295,1.7999999523162842,1.649999976158142,1.7330000400543213,36000
2025-05-15,1.8589999675750728,1.8849999904632568,1.6799999475479126,1.7400000095367432,44100
2025-05-16,1.7200000286102295,1.8899999856948853,1.7200000286102295,1.8899999856948853,22700
2025-05-19,1.684999942779541,1.75,1.6619999408721924,1.75,19800
2025-05-20,1.690000057220459,1.7300000190734863,1.600000023841858,1.722000002861023,40800
2025-05-21,1.6100000143051147,1.6799999475479126,1.600000023841858,1.6349999904632568,21900
2025-05-22,1.565000057220459,1.6299999952316284,1.5,1.6299999952316284,16900
2025-05-23,1.690000057220459,1.781000018119812,1.559999942779541,1.5700000524520874,67500
2025-05-27,1.7400000095367432,1.820000052452088,1.6200000047683716,1.6799999475479126,76500
2025-05-28,1.809999942779541,1.8329999446868896,1.7400000095367432,1.7899999618530271,8500
2025-05-29,1.9299999475479128,2.069999933242798,1.7899999618530271,1.830000042915344,93100
2025-05-30,2.200000047683716,2.25,1.940000057220459,1.9700000286102293,156400
2025-06-02,2.900000095367432,5.539999961853027,2.2179999351501465,2.25,11374300
2025-06-03,3.5899999141693115,3.7899999618530273,2.380000114440918,2.6700000762939453,1304100
2025-06-04,3.7300000190734863,4.449999809265137,3.5999999046325684,3.619999885559082,580900
2025-06-05,3.5,4.0,3.299999952316284,3.509999990463257,267400
2025-06-06,4.340000152587891,4.420000076293945,3.486999988555908,3.5,364400
2025-06-09,3.890000104904175,4.5,3.7799999713897705,4.349999904632568,172500
2025-06-10,3.7899999618530273,3.954999923706055,3.609999895095825,3.900000095367432,79600
2025-06-11,3.7200000286102295,4.099999904632568,3.5,3.7300000190734863,132300
2025-06-12,3.5899999141693115,3.799999952316284,3.509999990463257,3.799999952316284,179500
2025-06-13,3.289999961853028,3.7100000381469727,3.1700000762939453,3.7100000381469727,79800
2025-06-16,3.0799999237060547,3.289999961853028,2.83899998664856,3.119999885559082,97000
2025-06-17,3.1600000858306885,3.240000009536743,2.914999961853028,2.990000009536743,32700
2025-06-18,3.2300000190734863,3.4600000381469727,3.078000068664551,3.1600000858306885,77300
2025-06-20,3.180000066757202,3.525000095367432,3.009999990463257,3.1600000858306885,122900
2025-06-23,3.2100000381469727,3.446000099182129,3.049999952316284,3.2100000381469727,21200
2025-06-24,3.0,3.3399999141693115,2.9100000858306885,3.2100000381469727,45800
2025-06-25,3.009999990463257,3.240000009536743,2.859999895095825,3.009999990463257,124000
2025-06-26,2.7699999809265137,3.0799999237060547,2.7300000190734863,2.809999942779541,65600
2025-06-27,2.5999999046325684,3.119999885559082,2.490000009536743,3.049999952316284,114500
2025-06-30,2.430000066757202,2.775000095367432,2.309999942779541,2.569999933242798,68400
2025-07-01,2.5199999809265137,2.759999990463257,2.361000061035156,2.5,81200
2025-07-02,2.5199999809265137,2.609999895095825,2.400000095367432,2.470000028610229,25700
2025-07-03,2.509999990463257,2.569999933242798,2.4600000381469727,2.5199999809265137,4300
2025-07-07,2.4200000762939453,2.650000095367432,2.369999885559082,2.650000095367432,33000
2025-07-08,2.470000028610229,2.569999933242798,2.359999895095825,2.440000057220459,32100
2025-07-09,2.4200000762939453,2.5169999599456787,2.400000095367432,2.5,21300
2025-07-10,2.619999885559082,2.740000009536743,2.319999933242798,2.319999933242798,126800
2025-07-11,2.5999999046325684,2.73799991607666,2.440000057220459,2.6600000858306885,31100
2025-07-14,2.650000095367432,2.690000057220459,2.5299999713897705,2.680000066757202,10200
2025-07-15,3.3499999046325684,3.407999992370605,2.5999999046325684,2.630000114440918,127000
2025-07-16,3.440000057220459,3.5,3.1589999198913574,3.25,88300
2025-07-17,3.430000066757202,3.5,3.299999952316284,3.369999885559082,73500
2025-07-18,3.0999999046325684,3.400000095367432,3.07699990272522,3.400000095367432,29300
2025-07-21,3.2850000858306885,3.359999895095825,3.134999990463257,3.359999895095825,132500
2025-07-22,3.569999933242798,3.619999885559082,3.180000066757202,3.2799999713897705,91300
2025-07-23,4.02899980545044,4.090000152587891,3.4200000762939453,3.4549999237060547,112200
2025-07-24,4.0,4.050000190734863,3.890000104904175,3.9600000381469727,18200
2025-07-25,3.660000085830689,4.039999961853027,3.619999885559082,4.0329999923706055,48600
2025-07-28,3.880000114440918,3.88100004196167,3.5280001163482666,3.7300000190734863,40500
2025-07-29,4.099999904632568,4.169000148773193,3.7699999809265137,3.880000114440918,40000
2025-07-30,4.034999847412109,4.300000190734863,4.03000020980835,4.159999847412109,75000
2025-07-31,4.099999904632568,4.175000190734863,3.9600000381469727,4.050000190734863,23700
2025-08-01,4.03000020980835,4.130000114440918,3.934999942779541,4.0,8000
2025-08-04,3.990000009536743,4.070000171661377,3.890000104904175,4.070000171661377,8200
2025-08-05,4.010000228881836,4.050000190734863,3.990000009536743,3.990000009536743,5400
2025-08-06,3.900000095367432,4.179999828338623,3.5999999046325684,4.0,28500
2025-08-07,3.829999923706055,3.900000095367432,3.75,3.900000095367432,7600
2025-08-08,3.930000066757202,3.944999933242798,3.559999942779541,3.890000104904175,6100
2025-08-11,4.210000038146973,4.210000038146973,3.319999933242798,3.740000009536743,38700
2025-08-12,3.930000066757202,4.099999904632568,3.890000104904175,4.0,12900
2025-08-13,3.930000066757202,3.9800000190734863,3.849999904632568,3.849999904632568,5500
2025-08-14,3.7899999618530273,3.900000095367432,3.569999933242798,3.819999933242798,25400
2025-08-15,3.9700000286102295,4.0,3.619999885559082,3.9700000286102295,17700
2025-08-18,4.349999904632568,4.650000095367432,4.050000190734863,4.099999904632568,126800
2025-08-19,4.139999866485596,4.659999847412109,4.014999866485596,4.309999942779541,49400
2025-08-20,4.429999828338623,4.630000114440918,4.110000133514404,4.110000133514404,18500
2025-08-21,4.460000038146973,4.501999855041504,4.25,4.400000095367432,7900
2025-08-22,4.800000190734863,4.90500020980835,4.389999866485596,4.570000171661377,91700
2025-08-25,6.0,6.235000133514404,4.210000038146973,4.829999923706055,285500
2025-08-26,6.489999771118164,6.71999979019165,5.605000019073486,5.690000057220459,255400
2025-08-27,6.289999961853027,6.619999885559082,6.0,6.53000020980835,44700
2025-08-28,6.460000038146973,6.670000076293945,6.010000228881836,6.489999771118164,62200
2025-08-29,6.860000133514404,7.820000171661377,6.699999809265137,7.25,222700
2025-09-02,3.2300000190734863,3.890000104904175,2.5899999141693115,2.5899999141693115,5978900
2025-09-03,3.450000047683716,3.5,2.7100000381469727,3.0799999237060547,1671200
2025-09-04,3.660000085830689,3.9800000190734863,3.150000095367432,3.390000104904175,1433900
2025-09-05,3.240000009536743,3.7799999713897705,3.069999933242798,3.7799999713897705,456000
2025-09-08,3.509999990463257,3.8550000190734863,3.0,3.430000066757202,5762900
2025-09-09,4.429999828338623,5.360000133514404,3.880000114440918,5.210000038146973,19251900
2025-09-10,3.990000009536743,4.164999961853027,3.700000047683716,4.099999904632568,2279400
2025-09-11,3.9800000190734863,4.099999904632568,3.5899999141693115,3.660000085830689,3516800
2025-09-12,3.799999952316284,4.639999866485596,3.650000095367432,4.420000076293945,4353100
2025-09-15,2.680000066757202,3.7699999809265137,2.650000095367432,3.5899999141693115,3485000
2025-09-16,2.740000009536743,3.0,2.6449999809265137,2.9600000381469727,3346600
2025-09-17,2.619999885559082,2.890000104904175,2.559999942779541,2.720000028610229,2190600
2025-09-18,2.5999999046325684,2.8399999141693115,2.549999952316284,2.7100000381469727,1938400
2025-09-19,2.2799999713897705,2.549999952316284,2.25,2.539999961853028,2295400
2025-09-22,2.1600000858306885,2.2090001106262207,1.7999999523162842,2.140000104904175,3074300
2025-09-23,1.9800000190734863,2.150000095367432,1.9600000381469729,2.130000114440918,1737200
2025-09-24,2.380000114440918,2.450000047683716,2.0999999046325684,2.319999933242798,30738200
2025-09-25,2.119999885559082,2.2699999809265137,1.9800000190734863,2.0899999141693115,2547100
2025-09-26,2.0299999713897705,2.190000057220459,1.9600000381469729,2.0999999046325684,1429900
2025-09-29,2.039999961853028,2.1449999809265137,1.9800000190734863,2.059999942779541,1406000
2025-09-30,2.0199999809265137,2.0799999237060547,1.9800000190734863,2.0199999809265137,845800
2025-10-01,2.130000114440918,2.130000114440918,2.0299999713897705,2.039999961853028,851800
2025-10-02,2.130000114440918,2.2100000381469727,2.0199999809265137,2.0999999046325684,1218400
2025-10-03,2.119999885559082,2.240000009536743,2.109999895095825,2.140000104904175,1032500
2025-10-06,2.25,2.3399999141693115,2.151000022888184,2.1700000762939453,1906600
2025-10-07,2.059999942779541,2.5299999713897705,1.7699999809265137,2.5,5377000
2025-10-08,2.039999961853028,2.150000095367432,1.9700000286102293,2.0999999046325684,1846100
2025-10-09,2.0799999237060547,2.1050000190734863,2.0280001163482666,2.039999961853028,1240200
2025-10-10,2.0,2.0999999046325684,1.9700000286102293,2.039999961853028,1906500
2025-10-13,1.8600000143051147,2.059999942779541,1.830000042915344,2.039999961853028,1737100
2025-10-14,1.7400000095367432,1.8600000143051147,1.7200000286102295,1.820000052452088,1222600
2025-10-15,1.600000023841858,1.7999999523162842,1.559999942779541,1.7599999904632568,1502700
2025-10-16,1.4199999570846558,1.6200000047683716,1.3899999856948853,1.6100000143051147,1530600
2025-10-17,1.3200000524520874,1.440000057220459,1.3200000524520874,1.399999976158142,735100
2025-10-20,1.3799999952316284,1.4800000190734863,1.2899999618530271,1.3700000047683716,1344300
2025-10-21,1.2999999523162842,1.399999976158142,1.2400000095367432,1.350000023841858,1197500
2025-10-22,1.159999966621399,1.2929999828338623,1.1200000047683716,1.2899999618530271,1426700
2025-10-23,1.2100000381469729,1.2899999618530271,1.159999966621399,1.159999966621399,890100
2025-10-24,1.090000033378601,1.2799999713897705,1.0499999523162842,1.25,2320200
2025-10-27,1.1399999856948853,1.1799999475479126,1.1100000143051147,1.1100000143051147,1587600
2025-10-28,1.1299999952316284,1.2999999523162842,1.0800000429153442,1.159999966621399,1496700
2025-10-29,1.1100000143051147,1.149999976158142,1.0399999618530271,1.1299999952316284,1204200
2025-10-30,1.0499999523162842,1.0989999771118164,0.9940000176429749,1.0700000524520874,770000
2025-10-31,1.090000033378601,1.090000033378601,1.0499999523162842,1.0499999523162842,483200
2025-11-03,1.0199999809265137,1.100000023841858,1.0,1.090000033378601,1558900
2025-11-04,1.0800000429153442,1.3200000524520874,1.0,1.0,5199600
2025-11-05,1.2000000476837158,1.2400000095367432,1.0800000429153442,1.0800000429153442,1273700
2025-11-06,1.190000057220459,1.2999999523162842,1.149999976158142,1.2000000476837158,1354900
2025-11-07,0.8500000238418579,0.8700000047683716,0.7400000095367432,0.8450000286102295,10027400
2025-11-10,0.5199999809265137,0.6000000238418579,0.4510000050067901,0.4699999988079071,40545800
2025-11-11,0.5099999904632568,0.5199999809265137,0.4699999988079071,0.503000020980835,9764500
2025-11-12,0.4650000035762787,0.5149999856948853,0.4370000064373016,0.5,10164400
2025-11-13,0.4099999964237213,0.4670000076293945,0.3729999959468841,0.4639999866485595,8972100
2025-11-14,0.3910000026226043,0.4110000133514404,0.3650000095367431,0.3899999856948852,4968600
2025-11-17,0.363999992609024,0.395000010728836,0.3370000123977661,0.3919999897480011,5584600
2025-11-18,0.3400000035762787,0.367000013589859,0.324999988079071,0.3650000095367431,17818000
2025-11-19,0.3659999966621399,0.3709999918937683,0.328000009059906,0.3580000102519989,6187900
2025-11-20,0.296999990940094,0.3860000073909759,0.2960000038146972,0.3600000143051147,6419600
2025-11-21,0.3140000104904175,0.3300000131130218,0.2560000121593475,0.3000000119209289,9124100
2025-11-24,0.375,0.4079999923706054,0.3039999902248382,0.3300000131130218,9725600
2025-11-25,0.3680000007152557,0.3790000081062317,0.3470000028610229,0.3619999885559082,4803600
2025-11-26,0.3580000102519989,0.3700000047683716,0.3330000042915344,0.3700000047683716,5334900
2025-11-28,0.3289999961853027,0.3700000047683716,0.3210000097751617,0.3610000014305115,3963600
2025-12-01,0.2860000133514404,0.3289999961853027,0.2809999883174896,0.3289999961853027,6299000
2025-12-02,0.2730000019073486,0.3000000119209289,0.2619999945163727,0.2980000078678131,4591300
2025-12-03,0.3100000023841858,0.328000009059906,0.2599999904632568,0.2770000100135803,6377000
2025-12-04,0.3149999976158142,0.3449999988079071,0.3100000023841858,0.3149999976158142,2822500
2025-12-05,0.2980000078678131,0.3300000131130218,0.296999990940094,0.3160000145435333,1854900
2025-12-08,0.3190000057220459,0.3300000131130218,0.2910000085830688,0.3300000131130218,4422900
2025-12-09,0.3569999933242798,0.3700000047683716,0.3000000119209289,0.3059999942779541,4144200
2025-12-10,0.3549999892711639,0.3600000143051147,0.328000009059906,0.356000006198883,2285800
2025-12-11,0.3310000002384186,0.3459999859333038,0.3230000138282776,0.3269999921321869,1828300
2025-12-12,0.3160000145435333,0.3470000028610229,0.3019999861717224,0.3389999866485595,3710300
2025-12-15,0.2899999916553497,0.3199999928474426,0.2849999964237213,0.31700000166893,1414100
2025-12-16,0.2809999883174896,0.296999990940094,0.2730000019073486,0.2870000004768371,1335500
2025-12-17,0.2980000078678131,0.3179999887943268,0.2840000092983246,0.2860000133514404,2867100
2025-12-18,0.2820000052452087,0.3009999990463257,0.2759999930858612,0.3000000119209289,2073600
2025-12-19,0.2960000038146972,0.3079999983310699,0.2829999923706054,0.2860000133514404,8338000
2025-12-22,0.2750000059604645,0.3100000023841858,0.2750000059604645,0.2849999964237213,2995700
2025-12-23,0.2750000059604645,0.2840000092983246,0.2639999985694885,0.2840000092983246,1756200
2025-12-24,0.2630000114440918,0.2759999930858612,0.2540000081062317,0.2759999930858612,1590900
2025-12-26,0.248999997973442,0.2660000026226043,0.2339999973773956,0.2660000026226043,2327300
2025-12-29,0.2339999973773956,0.248999997973442,0.221000000834465,0.2409999966621399,2556100
2025-12-30,0.257999986410141,0.2639999985694885,0.2300000041723251,0.2329999953508377,4229300
2025-12-31,0.2599999904632568,0.2680000066757202,0.2430000007152557,0.25,1468900
2026-01-02,0.3149999976158142,0.31700000166893,0.270000010728836,0.2739999890327453,3079400
2026-01-05,0.3499999940395355,0.3600000143051147,0.3059999942779541,0.3199999928474426,3117400
2026-01-06,0.3400000035762787,0.3619999885559082,0.3300000131130218,0.3600000143051147,2104900
2026-01-07,0.3420000076293945,0.3490000069141388,0.324999988079071,0.3389999866485595,920800
2026-01-08,0.3459999859333038,0.3510000109672546,0.335999995470047,0.3400000035762787,1446200
2026-01-09,0.3389999866485595,0.3449999988079071,0.3199999928474426,0.3449999988079071,1064500
2026-01-12,0.3650000095367431,0.3770000040531158,0.3319999873638153,0.3409999907016754,2393800
2026-01-13,0.3889999985694885,0.3889999985694885,0.3429999947547912,0.3700000047683716,2169400
2026-01-14,0.4300000071525574,0.453000009059906,0.3770000040531158,0.3910000026226043,3351300
2026-01-15,0.4099999964237213,0.4399999976158142,0.4040000140666961,0.4329999983310699,2139000
2026-01-16,0.4210000038146972,0.4449999928474426,0.4000000059604645,0.4079999923706054,2685900
2026-01-20,0.3709999918937683,0.4160000085830688,0.3709999918937683,0.4000000059604645,2573600
2026-01-21,0.3939999938011169,0.4070000052452087,0.3700000047683716,0.3729999959468841,1352200
2026-01-22,0.4059999883174896,0.4180000126361847,0.382999986410141,0.3989999890327453,1926800
2026-01-23,0.3819999992847442,0.4099999964237213,0.3799999952316284,0.4020000100135803,1660900
2026-01-26,0.3970000147819519,0.4040000140666961,0.3799999952316284,0.3799999952316284,1461400
2026-01-27,0.4160000085830688,0.4160000085830688,0.3810000121593475,0.3959999978542328,2027300
2026-01-28,0.3880000114440918,0.4180000126361847,0.3799999952316284,0.4169999957084656,1142600
2026-01-29,0.367000013589859,0.4099999964237213,0.3499999940395355,0.4000000059604645,1330800
2026-01-30,0.3600000143051147,0.3869999945163727,0.3510000109672546,0.3650000095367431,790500
2026-02-02,0.3429999947547912,0.3540000021457672,0.3199999928474426,0.3499999940395355,2378300
2026-02-03,0.3149999976158142,0.3429999947547912,0.3050000071525574,0.3420000076293945,735200
2026-02-04,0.2899999916553497,0.3240000009536743,0.2739999890327453,0.3210000097751617,2706400
2026-02-05,0.2440000027418136,0.3089999854564667,0.2339999973773956,0.2680000066757202,2006900
2026-02-06,0.2910000085830688,0.296999990940094,0.25,0.25,1179700
2026-02-09,0.2750000059604645,0.2930000126361847,0.2689999938011169,0.2899999916553497,1394400
2026-02-10,0.2549999952316284,0.2829999923706054,0.2549999952316284,0.277999997138977,620200
2026-02-11,0.2560000121593475,0.2639999985694885,0.2469999939203262,0.2599999904632568,606400
2026-02-12,0.2349999994039535,0.2560000121593475,0.231000006198883,0.2560000121593475,1540100
2026-02-13,0.2599999904632568,0.2759999930858612,0.2399999946355819,0.2639999985694885,907400
2026-02-17,0.2680000066757202,0.2720000147819519,0.2450000047683715,0.270000010728836,785200
2026-02-18,0.2619999945163727,0.2800000011920929,0.2549999952316284,0.270000010728836,1217700
2026-02-19,0.2599999904632568,0.2669999897480011,0.25,0.2669999897480011,1257600
2026-02-20,0.2639999985694885,0.2709999978542328,0.2440000027418136,0.2529999911785126,1868000
2026-02-23,0.3009999990463257,0.3540000021457672,0.2599999904632568,0.2680000066757202,10154300
2026-02-24,0.3120000064373016,0.31700000166893,0.289000004529953,0.3100000023841858,4267100
2026-02-25,0.3379999995231628,0.3630000054836273,0.3079999983310699,0.3199999928474426,6984700
2026-02-26,0.3289999961853027,0.3459999859333038,0.3100000023841858,0.335999995470047,3395900
2026-02-27,0.3400000035762787,0.3799999952316284,0.3000000119209289,0.3289999961853027,2660200
2026-03-02,0.3339999914169311,0.3459999859333038,0.3199999928474426,0.3330000042915344,1918600
2026-03-03,0.3389999866485595,0.3470000028610229,0.3120000064373016,0.3300000131130218,2562800
2026-03-04,0.3490000069141388,0.3810000121593475,0.3210000097751617,0.3400000035762787,3619600
2026-03-05,0.3199999928474426,0.3499999940395355,0.3199999928474426,0.3409999907016754,2028600
2026-03-06,0.3009999990463257,0.3499999940395355,0.2879999876022339,0.3499999940395355,2997800
2026-03-09,0.3140000104904175,0.3210000097751617,0.2800000011920929,0.3030000030994415,2473300
2026-03-10,0.328000009059906,0.3330000042915344,0.3039999902248382,0.3050000071525574,2851600
2026-03-11,0.3319999873638153,0.4699999988079071,0.3120000064373016,0.363999992609024,3329300
2026-03-12,0.3459999859333038,0.3799999952316284,0.3300000131130218,0.3400000035762787,1738600
2026-03-13,0.3420000076293945,0.375,0.335999995470047,0.3519999980926513,960900
2026-03-16,0.3529999852180481,0.3650000095367431,0.3400000035762787,0.3470000028610229,1218500
2026-03-17,0.3449999988079071,0.3650000095367431,0.3420000076293945,0.3650000095367431,1403600
2026-03-18,0.3499999940395355,0.363999992609024,0.3319999873638153,0.3400000035762787,4380100
2026-03-19,0.3600000143051147,0.375,0.3300000131130218,0.3339999914169311,3866700
2026-03-20,0.3810000121593475,0.4000000059604645,0.3400000035762787,0.3720000088214874,4331000
2026-03-23,0.4050000011920929,0.4749999940395355,0.3759999871253967,0.3899999856948852,7925100
2026-03-24,0.421999990940094,0.4629999995231628,0.3939999938011169,0.395000010728836,4668600
2026-03-25,0.395000010728836,0.4429999887943268,0.395000010728836,0.4300000071525574,1646600
2026-03-26,0.3700000047683716,0.4230000078678131,0.3700000047683716,0.3939999938011169,2085300
2026-03-27,0.3630000054836273,0.3899999856948852,0.3600000143051147,0.3899999856948852,1149100
2026-03-30,0.3580000102519989,0.3779999911785126,0.3429999947547912,0.3630000054836273,1335600
2026-03-31,0.356000006198883,0.3919999897480011,0.3549999892711639,0.3580000102519989,1398500
2026-04-01,0.3479999899864197,0.3689999878406524,0.3370000123977661,0.3519999980926513,1322700
2026-04-02,0.3510000109672546,0.3569999933242798,0.3300000131130218,0.3300000131130218,923800
2026-04-06,0.363999992609024,0.3740000128746032,0.3420000076293945,0.3420000076293945,482100
2026-04-07,0.3409999907016754,0.356000006198883,0.3330000042915344,0.3529999852180481,527600
2026-04-08,0.3409999907016754,0.3650000095367431,0.335999995470047,0.3650000095367431,1467200
2026-04-09,0.3370000123977661,0.3510000109672546,0.3260000050067901,0.3400000035762787,809100
2026-04-10,0.3300000131130218,0.3409999907016754,0.3190000057220459,0.3370000123977661,786000
2026-04-13,0.335999995470047,0.3449999988079071,0.3149999976158142,0.3310000002384186,982900
2026-04-14,0.3400000035762787,0.3479999899864197,0.3260000050067901,0.3379999995231628,1562700
2026-04-15,0.3289999961853027,0.3440000116825104,0.3199999928474426,0.3400000035762787,1631800
2026-04-16,0.3240000009536743,0.3499999940395355,0.3070000112056732,0.3260000050067901,3206600
2026-04-17,0.3120000064373016,0.3479999899864197,0.2529999911785126,0.3230000138282776,5566600
2026-04-20,0.3300000131130218,0.3319999873638153,0.3129999935626983,0.31700000166893,1164200
2026-04-21,0.3079999983310699,0.3300000131130218,0.3000000119209289,0.3300000131130218,1028800
2026-04-22,0.3089999854564667,0.3199999928474426,0.3000000119209289,0.3039999902248382,605100
2026-04-23,0.3000000119209289,0.328000009059906,0.289000004529953,0.3240000009536743,1314200
2026-04-24,0.3019999861717224,0.3070000112056732,0.2910000085830688,0.3000000119209289,1199400
2026-04-27,0.2939999997615814,0.3160000145435333,0.2860000133514404,0.3160000145435333,1371400
2026-04-28,0.2960000038146972,0.3070000112056732,0.2910000085830688,0.3000000119209289,1143300
2026-04-29,0.2770000100135803,0.3050000071525574,0.2759999930858612,0.2980000078678131,2187600
2026-04-30,0.2870000004768371,0.3000000119209289,0.2800000011920929,0.2800000011920929,1594900
2026-05-01,0.2949999868869781,0.296999990940094,0.2790000140666961,0.289000004529953,1284400
2026-05-04,0.3100000023841858,0.3190000057220459,0.2840000092983246,0.2919999957084656,1639700
2026-05-05,0.3219999969005584,0.3330000042915344,0.3030000030994415,0.3140000104904175,1654900
2026-05-06,0.335999995470047,0.3499999940395355,0.3100000023841858,0.3199999928474426,2432900
2026-05-07,0.3600000143051147,0.3650000095367431,0.3199999928474426,0.3400000035762787,1753500
2026-05-08,0.421999990940094,0.4300000071525574,0.3420000076293945,0.3569999933242798,3861900
2026-05-11,0.4799999892711639,0.4799999892711639,0.4000000059604645,0.4189999997615814,3175200
2026-05-12,0.4600000083446502,0.5320000052452087,0.4300000071525574,0.4880000054836273,5508900
2026-05-13,0.5789999961853027,0.5860000252723694,0.4359999895095825,0.4749999940395355,4885600
2026-05-14,0.5899999737739563,0.625,0.5329999923706055,0.5799999833106995,2807900
2026-05-15,0.5920000076293945,0.6399999856948853,0.550000011920929,0.5740000009536743,2420400
2026-05-18,0.6200000047683716,0.6600000262260437,0.5199999809265137,0.6000000238418579,2932000
2026-05-19,0.6499999761581421,0.671999990940094,0.6000000238418579,0.6499999761581421,3191700
2026-05-20,0.6439999938011169,0.6800000071525574,0.6159999966621399,0.6800000071525574,1571500
2026-05-21,0.7799999713897705,0.8199999928474426,0.6129999756813049,0.6439999938011169,5688300
2026-05-22,0.8100000023841858,0.8899999856948853,0.7720000147819519,0.800000011920929,4715700
2026-05-26,0.699999988079071,0.8600000143051147,0.6499999761581421,0.8399999737739563,3985000
2026-05-27,0.8209999799728394,0.8209999799728394,0.6800000071525574,0.6899999976158142,4139400
2026-05-28,0.7889999747276306,0.8090000152587891,0.7310000061988831,0.7900000214576721,2217800
2026-05-29,0.800000011920929,0.8199999928474426,0.7310000061988831,0.7860000133514404,1537600
2026-06-01,0.8040000200271606,0.8119999766349792,0.7680000066757202,0.8119999766349792,1817400
2026-06-02,0.7379999756813049,0.7879999876022339,0.7129999995231628,0.7870000004768372,1700000
2026-06-03,0.7599999904632568,0.8100000023841858,0.6899999976158142,0.7319999933242798,1920000
2026-06-04,0.6830000281333923,0.7599999904632568,0.6380000114440918,0.6940000057220459,3084100
2026-06-05,0.6019999980926514,0.6740000247955322,0.5809999704360962,0.6740000247955322,2054300
2026-06-08,0.6060000061988831,0.699999988079071,0.5699999928474426,0.699999988079071,3200700
2026-06-09,0.625,0.6499999761581421,0.5699999928474426,0.6060000061988831,2410200
2026-06-10,0.6359999775886536,0.6980000138282776,0.6200000047683716,0.6439999938011169,951000
2026-06-11,0.7009999752044678,0.7099999785423279,0.6150000095367432,0.6359999775886536,1818000
2026-06-12,0.8100000023841858,0.828000009059906,0.699999988079071,0.7020000219345093,5051600
2026-06-15,0.7699999809265137,0.8600000143051147,0.7540000081062317,0.8349999785423279,4380300
2026-06-16,0.800000011920929,0.824999988079071,0.7149999737739563,0.7639999985694885,4822600
2026-06-17,0.912999987602234,0.9300000071525574,0.7870000004768372,0.8209999799728394,4312700
2026-06-18,0.984000027179718,1.0099999904632568,0.8730000257492065,0.8980000019073486,5537000
2026-06-22,0.9929999709129332,1.0499999523162842,0.9449999928474426,0.9860000014305116,4857000
2026-06-23,0.9200000166893004,0.959999978542328,0.8799999952316284,0.9430000185966492,1980200
2026-06-24,0.800000011920929,0.9459999799728394,0.7900000214576721,0.9259999990463256,4873800
2026-06-25,0.8100000023841858,0.8429999947547913,0.800000011920929,0.8050000071525574,1467400
2026-06-26,0.75,0.800000011920929,0.7300000190734863,0.800000011920929,2348800
2026-06-29,0.8090000152587891,0.8799999952316284,0.7120000123977661,0.7450000047683716,3164800
2026-06-30,0.8199999928474426,0.8500000238418579,0.7870000004768372,0.8259999752044678,1065200
2026-07-01,0.8140000104904175,0.8309999704360962,0.7760000228881836,0.8309999704360962,897800
2026-07-02,0.7300000190734863,0.8299999833106995,0.7300000190734863,0.828000009059906,1298400
2026-07-06,0.8700000047683716,0.8799999952316284,0.7250000238418579,0.7300000190734863,2513600
2026-07-07,0.8159999847412109,0.8500000238418579,0.7710000276565552,0.8500000238418579,1178200
2026-07-08,0.8180000185966492,0.8379999995231628,0.8029999732971191,0.8169999718666077,1161000
2026-07-09,0.75,0.8500000238418579,0.7229999899864197,0.8289999961853027,2162500
2026-07-10,0.7160000205039978,0.8199999928474426,0.699999988079071,0.7400000095367432,1372500
2026-07-13,0.6890000104904175,0.7099999785423279,0.6000000238418579,0.7089999914169312,2501000
2026-07-14,0.6700000166893005,0.7210000157356262,0.6449999809265137,0.6800000071525574,1936600
2026-07-15,0.6759999990463257,0.7300000190734863,0.6359999775886536,0.6499999761581421,1537600
2026-07-16,0.6119999885559082,0.6759999990463257,0.6000000238418579,0.6650000214576721,1307700
2026-07-17,0.6019999980926514,0.6389999985694885,0.550000011920929,0.5979999899864197,2009700
2026-07-20,0.6460000276565552,0.6489999890327454,0.5350000262260437,0.6050000190734863,2328200
2026-07-21,0.640999972820282,0.6869999766349792,0.6269999742507935,0.652999997138977,1603200
2026-07-22,0.699999988079071,0.7110000252723694,0.6399999856948853,0.6499999761581421,1276700
2026-07-23,0.699999988079071,0.734000027179718,0.6700000166893005,0.6899999976158142,1065800
2026-07-24,0.718999981880188,0.7329999804496765,0.6809999942779541,0.7300000190734863,1179600
2026-07-27,0.6629999876022339,0.7400000095367432,0.6570000052452087,0.7400000095367432,1182900
2026-07-28,0.699999988079071,0.7269999980926514,0.6370000243186951,0.6800000071525574,2199200
2026-07-29,0.3219999969005584,0.6299999952316284,0.3039999902248382,0.6119999885559082,28704100
2026-07-30,0.3479999899864197,0.4399999976158142,0.3149999976158142,0.4000000059604645,18389500
2026-07-31,0.3600000143051147,0.3899999856948852,0.3100000023841858,0.3540000021457672,7443600
2026-08-03,0.363999992609024,0.3819999992847442,0.3499999940395355,0.3700000047683716,2505600
2026-08-04,0.3300000131130218,0.3819999992847442,0.3300000131130218,0.3680000007152557,2389800
2026-08-05,0.3059999942779541,0.3449999988079071,0.3050000071525574,0.3240000009536743,2638400
2026-08-06,0.375,0.3799999952316284,0.2730000019073486,0.3179999887943268,6074400
2026-08-07,0.3650000095367431,0.4300000071525574,0.3499999940395355,0.4059999883174896,3260300
2026-08-10,0.3490000069141388,0.3819999992847442,0.3319999873638153,0.3510000109672546,4161700
2026-08-11,0.1580000072717666,0.2199999988079071,0.1459999978542328,0.2189999967813491,93059300
2026-08-12,0.1449999958276748,0.152999997138977,0.123999997973442,0.1500000059604644,38929100
2026-08-13,0.1599999964237213,0.1650000065565109,0.1379999965429306,0.1449999958276748,24256500
2026-08-14,0.1599999964237213,0.1650000065565109,0.1519999951124191,0.164000004529953,6845300
2026-08-17,0.1560000032186508,0.1599999964237213,0.152999997138977,0.1599999964237213,6814400
2026-08-18,0.1599999964237213,0.1659999936819076,0.1490000039339065,0.1560000032186508,8309600
2026-08-19,0.152999997138977,0.1620000004768371,0.1490000039339065,0.1580000072717666,7839700
2026-08-20,0.1609999984502792,0.164000004529953,0.1480000019073486,0.1560000032186508,8147700
2026-08-21,0.1589999943971634,0.1620000004768371,0.1509999930858612,0.1589999943971634,2705900
2026-08-24,0.1519999951124191,0.1589999943971634,0.1480000019073486,0.1570000052452087,3484600
2026-08-25,0.1500000059604644,0.1550000011920929,0.1480000019073486,0.1519999951124191,2902500
2026-08-26,0.1459999978542328,0.1519999951124191,0.1400000005960464,0.1509999930858612,6344200
2026-08-27,0.1469999998807907,0.1570000052452087,0.1400000005960464,0.1500000059604644,5822400
2026-08-28,0.1509999930858612,0.1589999943971634,0.1469999998807907,0.1500000059604644,4052200
2026-08-31,0.1509999930858612,0.1560000032186508,0.1430000066757202,0.1539999991655349,5683400
2026-09-01,0.1500000059604644,0.1599999964237213,0.1449999958276748,0.1459999978542328,3610400
2026-09-02,0.1509999930858612,0.1560000032186508,0.1480000019073486,0.1519999951124191,5434400
2026-09-03,0.1490000039339065,0.1550000011920929,0.1449999958276748,0.1550000011920929,2577400
2026-09-04,0.1539999991655349,0.1580000072717666,0.1430000066757202,0.1480000019073486,4212200
2026-09-08,0.1500000059604644,0.1599999964237213,0.1500000059604644,0.1570000052452087,6291100
2026-09-09,0.1550000011920929,0.1570000052452087,0.1500000059604644,0.152999997138977,2052400
2026-09-10,0.1519999951124191,0.1539999991655349,0.1469999998807907,0.1519999951124191,2286300
2026-09-11,0.1469999998807907,0.1539999991655349,0.1449999958276748,0.1490000039339065,2832600
2026-09-14,0.1420000046491623,0.1500000059604644,0.1360000073909759,0.1459999978542328,4905900
2026-09-15,0.1289999932050705,0.1400000005960464,0.1280000060796737,0.1400000005960464,5756800
2026-09-16,0.1389999985694885,0.1490000039339065,0.1209999993443489,0.1299999952316284,9578600
2026-09-17,0.1439999938011169,0.152999997138977,0.1420000046491623,0.1500000059604644,5077100
2026-09-18,0.1360000073909759,0.1519999951124191,0.1330000013113021,0.1500000059604644,14172000
2026-09-21,0.1319999992847442,0.1430000066757202,0.1299999952316284,0.1430000066757202,5690200
2026-09-22,0.1360000073909759,0.1519999951124191,0.1360000073909759,0.1400000005960464,11414200
2026-09-23,0.1449999958276748,0.1599999964237213,0.1389999985694885,0.1599999964237213,44387300
2026-09-24,0.1330000013113021,0.1420000046491623,0.1330000013113021,0.1410000026226043,6003900
2026-09-25,0.1299999952316284,0.1360000073909759,0.1280000060796737,0.1360000073909759,7008900
2026-09-28,0.1270000040531158,0.1369999945163726,0.1270000040531158,0.1280000060796737,3725600
2026-09-29,0.1280000060796737,0.1400000005960464,0.1260000020265579,0.1400000005960464,9368900
2026-09-30,0.1299999952316284,0.1319999992847442,0.123999997973442,0.1289999932050705,6438800
2026-10-01,0.1270000040531158,0.1330000013113021,0.1270000040531158,0.1330000013113021,5259100
2026-10-02,0.1319999992847442,0.1360000073909759,0.1280000060796737,0.1319999992847442,3684800
2026-10-05,0.1289999932050705,0.14000000059604645,0.1289999932050705,0.13199999928474426,3728600
2026-10-06,0.13199999928474426,0.1379999965429306,0.12999999523162842,0.1340000033378601,4001000
2026-10-07,0.13199999928474426,0.1340000033378601,0.12999999523162842,0.13199999928474426,2961400
2026-10-08,0.12999999523162842,0.1340000033378601,0.125,0.1340000033378601,3802100
2026-10-09,0.13099999725818634,0.13199999928474426,0.12700000405311584,0.1289999932050705,2604600
